lot_id,commodity,temperature,humidity,moisture_content,co2_level,oleoresin_content,colour_score,storage_days,initial_quality_grade,grade_ordinal,risk_score,risk_level
L-0001,chilli,24.57391000775211,52.82695705202511,9.92962209194505,615.4729208819397,7.485652452399971,78.24040400237803,2.7218047250321997,B,1,21.0,healthy
L-0002,chilli,22.517983796196013,61.18328207561447,9.857455143016614,539.1759902253095,7.854455191296456,75.93986160921476,66.19852845162293,A,0,74.8,high
L-0003,chilli,21.04853098114256,56.48319244852019,11.4103860607187,573.1114733916775,5.071400164490302,67.88716950756539,26.31662744375275,C,2,81.0,critical
L-0004,chilli,27.700311619951805,52.855374216486155,8.6911766223467,727.1184411901512,6.555627483439451,68.96119556129277,52.542267359658524,B,1,45.3,moderate
L-0005,chilli,22.175009314202917,47.07993730810087,7.568596311490517,588.4430676237071,8.750346407940143,90.19027908710477,0.6881313099596332,A,0,0.2,healthy
L-0006,chilli,19.70447028732888,55.542774512216596,9.843115867594324,502.24534261571216,4.363298526320055,60.87116427346248,47.351742112582144,C,2,48.7,moderate
L-0007,chilli,22.270801665074156,64.61346135591884,10.326439740283076,506.42997355178244,6.576933424975694,76.1054811285149,15.245333484268281,B,1,14.3,healthy
L-0008,chilli,28.31589591346889,46.997080397085725,8.602230528276465,563.47012897096,5.175379037418971,72.89941430244758,30.16805460702703,B,1,44.2,moderate
L-0009,chilli,35.10684324270662,50.459831547015,8.621066905940495,682.2172143892975,7.7444966069149945,76.4148471944949,47.89766544273406,A,0,16.2,healthy
L-0010,chilli,28.90945513832475,56.795061652645586,9.763578137575333,651.2078921654246,7.506278890402547,71.79195546795326,28.01684548008467,B,1,36.2,moderate
L-0011,chilli,29.299231828225732,57.90215536327942,10.246977208094998,783.1013782018107,7.898240288799869,84.16170534225954,43.86008195869097,A,0,78.0,high
L-0012,chilli,27.642995422703486,61.31721175614946,11.286913015102563,717.7180667174507,4.273467237603634,61.92574586694904,22.77276359188818,C,2,80.1,critical
L-0013,chilli,27.875081876380158,49.20672476819134,8.347958662738632,709.0608209963889,5.4172329204034195,55.97591852005206,69.82927691079149,B,1,70.4,high
L-0014,chilli,34.420551366831376,63.18694633666847,9.979145694742952,777.5086493196566,5.490826720206266,66.32734251939712,26.258043537088476,B,1,89.4,critical
L-0015,chilli,23.480795813648847,60.15163171173847,9.578875805794093,568.650324431849,8.04798292164708,82.4250655459331,26.686110980655037,A,0,6.9,healthy
L-0016,chilli,25.941149971726574,62.53691147223035,9.383988100927498,647.0266655089561,7.8821492615738595,79.0080652610198,27.0853071122962,A,0,35.6,moderate
L-0017,chilli,25.10337790576794,69.81585912965667,10.540275080624776,696.0126241544892,6.620163598137003,73.18706429900787,29.52062555387908,B,1,58.4,moderate
L-0018,chilli,26.195965225310083,58.6488599828386,8.706269235694721,544.7549235560531,7.91515130571899,86.65722956882718,8.995452441017688,A,0,7.2,healthy
L-0019,chilli,21.535885904837013,54.39839729005337,8.837087104737813,567.0048504453825,6.475282435475653,72.3326588930196,12.63780518273443,B,1,9.2,healthy
L-0020,chilli,27.849970136999605,71.7298826648554,10.916167596967849,711.0691605812498,5.8640602662780825,65.02065472411523,58.09660119439486,B,1,87.2,critical
L-0021,chilli,26.90885043872092,74.52676073558848,9.983368542196354,763.4999799672619,6.489637835350644,66.87677130968937,52.52062574069736,B,1,80.8,critical
L-0022,chilli,29.132947930111175,50.17705267715013,9.08243578988078,786.4455147861531,6.522009169219732,79.12606234550027,50.16537869618118,A,0,45.0,moderate
L-0023,chilli,29.100443785510688,63.18441473522716,10.373257699869075,778.3710854692921,5.3039895027296025,59.3645078012393,41.00014572322332,C,2,90.5,critical
L-0024,chilli,28.873006425981256,74.10731020774273,11.55288001685148,579.7323910278353,5.106262678798581,61.15125380250003,19.31783905323128,C,2,96.7,critical
L-0025,chilli,27.03466397281091,56.1805861194705,9.881890577548102,590.9028930185129,6.665803312062991,77.7031224518351,17.65975691730083,B,1,27.4,healthy
L-0026,chilli,27.879738242709966,62.039059272621,9.327028466698687,662.7830591142675,6.958709055752033,80.3559651648625,28.555653377700935,A,0,43.1,moderate
L-0027,chilli,23.958539620792738,65.98031295012916,9.824496241167298,745.9621885581639,6.357777035624216,68.16345444139962,64.46175063182653,B,1,71.5,high
L-0028,chilli,23.740456966366303,55.96056386458056,8.49312746708471,597.4864804401325,6.231757136477425,87.70123782241319,34.28557830241167,A,0,4.4,healthy
L-0029,chilli,31.02644616710236,63.22801734673232,10.137353624250188,727.1243584883134,7.829384109040547,81.99967779008682,12.050106380516413,A,0,80.7,critical
L-0030,chilli,25.045942778223967,61.442825945153736,9.796896296985867,461.18650231501624,6.662721874036089,80.08489855095452,7.145044737803085,B,1,33.6,moderate
L-0031,chilli,28.031901933704347,48.90043581662204,8.79929722066022,697.7053581136204,5.9570049063139505,58.732276480077324,53.687119372380465,B,1,40.2,moderate
L-0032,chilli,30.127470638126592,50.7492327577967,9.854675394321022,754.0701737121866,3.6966378271476312,50.26809972911253,78.64760773473449,C,2,90.0,critical
L-0033,chilli,28.771534477258687,61.367483890742285,8.493527464385938,618.8319776319045,8.7095681651365,92.38061941736851,5.37198236787136,A,0,3.6,healthy
L-0034,chilli,22.353667640299562,66.78106890243753,9.395335909824402,685.948141768562,7.539804794275298,80.75406105700462,54.95243109529669,A,0,26.0,healthy
L-0035,chilli,27.7632484373603,73.5720641392936,10.663513020289852,908.0190397308315,6.750702865651451,76.58931331901253,40.29936642789741,B,1,96.2,critical
L-0036,chilli,29.6200599074552,71.08980546793715,9.310280110695567,686.906076833949,8.00563664237816,85.3461326300043,14.783387681116688,A,0,54.3,moderate
L-0037,chilli,22.47256744030544,65.47327684914451,9.281327119283139,607.2538207571429,6.673739713059073,86.19113426746378,34.62834081345447,A,0,25.8,healthy
L-0038,chilli,26.707018789521722,57.93704125505938,9.174341112232677,584.8163805753571,8.11962547137254,79.56165349457726,10.24381789304389,B,1,14.6,healthy
L-0039,chilli,29.08510641910476,62.59121651708235,8.96013074314996,625.7274693933033,6.530045980225102,84.51676709715609,24.674839305475047,A,0,20.0,healthy
L-0040,chilli,29.63187538613758,62.12428922660807,9.393944043948787,681.9399180662925,6.543188535979371,70.63587273009044,29.798321776886283,B,1,73.4,high
L-0041,chilli,25.491480296292245,64.33853532729924,9.935460667478665,778.0213656446915,7.281356399141164,78.31805668444242,69.37266760923701,A,0,68.2,high
L-0042,chilli,20.376278312713453,44.171300131289925,10.403419661656335,419.15485899002624,7.239813517759963,84.2673425818162,23.71134608113092,B,1,10.9,healthy
L-0043,chilli,18.06484867484063,55.15654953365201,10.120048052980161,486.69674111327765,6.2923739047710665,85.9221130518076,16.284733980362223,B,1,4.6,healthy
L-0044,chilli,32.396980504025656,53.69466046099481,8.109771112441742,720.9181715489813,8.001865809497462,78.53285481454715,38.083846907828374,A,0,29.9,healthy
L-0045,chilli,21.63743784863214,73.4743779750869,10.044577344668753,729.6518668332963,5.749350372150616,75.10929771458127,44.711537014512665,B,1,92.7,critical
L-0046,chilli,21.171164174245334,73.74036478309891,10.172447139258825,509.0187977684923,6.947021611848801,78.21358382060025,15.761093478912025,B,1,29.2,healthy
L-0047,chilli,35.837665355527015,37.300293410150104,7.743300831467935,647.3308402376496,7.08075780589059,79.95650292449061,11.610584050398913,A,0,4.5,healthy
L-0048,chilli,28.642842919090075,75.13837575625729,8.89410087243737,618.1765678110417,7.711519070805035,82.41840783769331,12.576928295309418,A,0,26.8,healthy
L-0049,chilli,27.525251038711517,66.04871532822999,9.823095144426484,791.049885994217,6.198805102788786,68.56762523636743,69.53896497637608,B,1,90.2,critical
L-0050,chilli,21.223844741612442,69.32264727626892,9.793994819211141,600.426046665188,8.431627647173219,88.17071731120983,43.31126578253654,A,0,16.7,healthy
L-0051,chilli,21.67468143283647,65.91509564960037,9.633206683223946,465.18809098387004,7.556356608816617,86.92767466014635,22.457276888515565,A,0,7.7,healthy
L-0052,chilli,30.589268475776443,72.25878514475329,9.546583845658342,784.9554145540208,7.551258931359416,70.06460807328361,61.731990481026536,A,0,92.6,critical
L-0053,chilli,25.161708218602538,60.377271282530174,9.185015855586425,529.9201974542474,6.743681597280252,74.83176241854898,15.653248385492766,B,1,41.9,moderate
L-0054,chilli,32.30251314198659,49.70373768649725,8.068093318941855,673.3968323369654,5.580274255672016,72.8606491816693,27.68320702450662,B,1,22.2,healthy
L-0055,chilli,28.19779509048118,58.73072574402451,10.387134329828774,639.915986936756,7.763265617737761,83.63886564247419,10.076346419820993,B,1,44.2,moderate
L-0056,chilli,38.10409258803019,65.85147314954925,9.540153491442183,852.8284919896831,4.74691158567768,59.14241914247449,59.88913146098852,B,1,98.6,critical
L-0057,chilli,21.991095007613524,59.578870658021856,9.977013577090961,509.3502011739967,6.816426822723186,81.15190527655669,14.547433364330486,B,1,20.2,healthy
L-0058,chilli,27.02195409396847,66.96213601679077,9.600364840655802,623.7720488813334,7.1641934791135276,79.66517366917704,14.845359228480964,B,1,46.2,moderate
L-0059,chilli,24.010213781536386,61.08228946039923,8.606288135632962,592.4995471655492,7.4812489282259556,82.88746831961022,38.71391860209256,A,0,15.9,healthy
L-0060,chilli,30.05212025185271,52.081398929685896,8.247009333536033,747.5029113367659,7.0800372696965965,87.01731966693711,2.3716628591035667,A,0,10.8,healthy
L-0061,chilli,28.843430626096943,47.48410648115564,8.582399860722413,605.0330999666401,5.8960588611159075,83.28825112883092,7.986916631806706,B,1,4.7,healthy
L-0062,chilli,24.280965477274435,56.34579673737813,9.468922119086956,588.0058328439341,6.2132073741029386,72.7353918239864,49.030158403275244,B,1,48.9,moderate
L-0063,chilli,26.03579070072683,61.7854608865192,8.674356950448665,513.3269617056458,6.2487993731073175,82.55017747258597,12.4010726809402,B,1,9.3,healthy
L-0064,chilli,30.738428876173355,40.798505281537565,8.13000181221318,845.7420256839778,4.2376824616428195,52.110540425898556,120.0,B,1,80.4,critical
L-0065,chilli,31.51080708129161,53.702313192808816,9.473530181410883,663.3630816897227,6.1270299836747935,70.30731314340689,33.2780899181986,B,1,67.9,high
L-0066,chilli,24.752841609863648,44.75442388953254,8.586042334403741,556.5373321373479,6.433546545312457,85.02125866638711,4.933318324936215,B,1,5.1,healthy
L-0067,chilli,22.484286905930762,58.0088619366581,10.551461371978222,719.4724480940293,5.088816941520274,60.83296672073262,81.33074743083785,B,1,88.5,critical
L-0068,chilli,33.455819847376574,75.01261822652647,8.810315263447993,709.1073714682346,8.401400432762735,77.28405877752141,33.25060159567052,A,0,53.6,moderate
L-0069,chilli,28.512882625152066,45.38054757526893,8.910941420102475,706.1847243042895,8.083111654420225,83.24141159519138,25.187037991396323,A,0,11.3,healthy
L-0070,chilli,25.230093806795747,62.839441991626686,9.312392007895403,590.6901031944741,7.743127386616023,87.61780732185885,33.15862482607822,A,0,58.3,moderate
L-0071,chilli,31.445911846079145,84.77048996548595,9.299247538018426,659.917769872372,8.012242287338111,89.09210078378145,4.884967661875983,A,0,51.4,moderate
L-0072,chilli,23.389509894805464,73.32270280433828,9.386422860189844,481.164338600279,7.645727477164083,87.26536799225943,28.400692308346944,A,0,17.6,healthy
L-0073,chilli,20.845789526633812,60.48636641194994,11.36394781399342,488.9729689835567,5.410252599930677,66.48988213412603,13.239876692077697,C,2,46.6,moderate
L-0074,chilli,26.285595780369043,66.0679921116207,9.69828187335278,569.4074607609006,8.458123808281885,79.27710186073634,27.04151446432022,A,0,30.8,moderate
L-0075,chilli,30.159208817751683,46.75960005747676,7.947379254525163,653.0949240135217,7.522024784264512,84.29089256688151,19.759852905859983,A,0,5.4,healthy
L-0076,chilli,29.82851002411826,47.28920958660252,9.502191364324894,623.1206783003687,8.245110271188784,84.56835513000246,31.86871004556857,A,0,14.4,healthy
L-0077,chilli,28.381750197325292,56.26941564133845,8.680929157854793,749.2683471047708,7.552585062707088,83.00888042952113,22.441551287777042,A,0,9.5,healthy
L-0078,chilli,27.831973816804258,70.61756658897701,9.608005103549676,517.0742330940544,5.978795329639457,68.21289333272972,18.701466580494372,B,1,65.6,high
L-0079,chilli,30.135312551279785,69.91261918839605,9.826946834669954,694.7041230885595,5.833677673770946,84.9676618200615,11.912463864934704,B,1,65.0,high
L-0080,chilli,25.120771390089963,58.03368291007434,10.660320295637963,588.1391034798019,5.940092532718849,82.22598395493095,5.1568806838363095,B,1,59.5,moderate
L-0081,chilli,27.703324773290113,60.00054467436129,8.577939306061314,581.4103549097746,6.874933894571279,76.01262588199643,3.9341190679467712,B,1,29.5,healthy
L-0082,chilli,29.03065148004748,63.155052786551074,8.71633088968192,597.3634839499567,8.102910983721861,85.42676380702177,8.280965001971579,A,0,9.1,healthy
L-0083,chilli,30.669566956391463,59.117726268297524,9.682475395722703,859.5550567162352,6.354638300325779,69.41677815328455,46.355157307873505,B,1,91.2,critical
L-0084,chilli,25.44466286760939,61.918151296458866,9.874848684767521,707.2405411638028,7.810801082287256,87.72486644852616,11.27513620437122,A,0,19.1,healthy
L-0085,chilli,25.257368663742668,51.7117187227727,8.668145215423822,550.8766392840059,9.213404970648067,91.68433822063281,16.128549128767443,A,0,0.9,healthy
L-0086,chilli,31.489335899733046,67.1720573767337,8.592935560278347,659.7983562204689,8.353721417582566,82.49339969946328,16.263906746994273,A,0,9.3,healthy
L-0087,chilli,32.957542612153006,57.27928227929457,9.182450442171016,654.1719137860798,7.480782113550981,74.10148022672233,20.02776435014154,B,1,39.7,moderate
L-0088,chilli,24.809657625946528,58.88801559698975,9.871896845094566,581.1649866827144,6.459063170211434,75.0086074212407,40.74188741493483,B,1,63.3,high
L-0089,chilli,21.77067734407977,66.34812766081126,9.237220366298699,565.9962401866649,8.85601203235188,87.21693664303847,22.259913242369194,A,0,9.9,healthy
L-0090,chilli,29.100060640858953,66.19550420077182,9.880270764982619,767.6631389733728,5.3138268110745575,70.7068554188644,52.69703824590192,B,1,92.2,critical
L-0091,chilli,21.045684513626092,71.95258427392048,10.413310567816161,400.0,8.449168609643753,90.18229216360544,8.382854313920502,A,0,11.5,healthy
L-0092,chilli,20.24913882896746,56.16410329915622,9.402986872842805,631.1873579576974,6.161254515981759,64.92879410294896,48.8332393445503,B,1,37.1,moderate
L-0093,chilli,25.284491232148252,54.675199667287565,8.598964370508714,744.5825326497238,6.015859084320898,77.69931134352555,74.87501271498297,A,0,28.5,healthy
L-0094,chilli,26.752333280774188,52.3274690962664,8.581009159217686,580.9123266450514,7.601881027381109,85.39922457626336,28.114751195895035,A,0,2.4,healthy
L-0095,chilli,23.069251039896898,62.98598038089071,8.529495168080073,475.9785210105882,8.527004669807559,95.22191039218845,10.489335906167689,A,0,1.4,healthy
L-0096,chilli,27.181128020524834,53.15728415177422,10.219091637063652,719.1575335612473,5.750650164051615,71.46987924753802,41.33344269057426,B,1,71.4,high
L-0097,chilli,26.67686815536063,76.04105886102836,9.84170419265263,731.530207882756,8.259512133237676,80.74931348316223,28.507854666267917,A,0,74.7,high
L-0098,chilli,23.116569664744873,70.97288134372242,9.245360731125077,624.3988913883977,7.240760644377181,84.98523838430052,36.143045425756696,A,0,41.5,moderate
L-0099,chilli,32.197947473773446,71.17246581703304,9.018296211412098,823.4541650831227,6.199912279127831,74.45310816204712,53.78726459765009,A,0,84.9,critical
L-0100,chilli,28.77655397271371,76.29680964899437,11.321749272834866,603.7198478825675,6.435467338298339,60.18381339689104,20.856162097131957,C,2,95.7,critical
L-0101,chilli,29.314332270231166,60.375142163959744,10.692799889935662,619.4283232535174,5.5753111460663325,60.85413673008448,18.16868132402081,C,2,93.8,critical
L-0102,chilli,18.88419035100118,55.1152688227194,9.674982317496708,865.358610336982,5.205906591155031,60.61606596064067,120.0,B,1,94.7,critical
L-0103,chilli,22.612415678691438,74.01847167381632,9.251529613429518,529.499432100798,7.4975701869114255,75.71910052723928,41.72620582261352,A,0,34.0,moderate
L-0104,chilli,26.196651398925017,62.24394765736909,10.413519694546508,767.4285740566286,4.903460129505993,55.606889017942876,60.49578656637937,C,2,89.9,critical
L-0105,chilli,32.54487256868149,45.42991153816068,8.833532509691786,799.7328183041045,5.504518093699852,58.85290309205469,51.59797090379734,B,1,41.6,moderate
L-0106,chilli,23.20196940141084,67.837985764617,10.227474299944758,707.0290097249616,5.399070464625398,69.45932151939462,61.02089746748456,B,1,91.6,critical
L-0107,chilli,26.506645826061153,60.57526534000894,9.180713348703813,668.8186275991955,8.09502278482649,79.57608741082073,37.071210918418934,A,0,24.6,healthy
L-0108,chilli,17.959956299995586,74.6204572956393,10.480117389655428,628.1991864493244,7.303681727661784,72.95031583261667,55.959177237457986,A,0,52.2,moderate
L-0109,chilli,24.070552897658807,61.60635201294289,9.279533170194902,514.5781558083393,7.639446477622253,89.45231281144281,16.21780155457172,A,0,11.7,healthy
L-0110,chilli,28.66558449101685,55.86907392443917,10.757667401515537,514.0325359792197,5.889286607090455,66.41328356095029,5.001699112783592,C,2,58.7,moderate
L-0111,chilli,25.455659095230118,77.2213264929445,9.932829760777844,559.0742773341826,7.379908593654349,70.10384271636711,12.726073618137182,B,1,69.5,high
L-0112,chilli,18.244675365912933,44.94060694831177,8.933720340048929,572.792235996096,7.343123076829815,85.45241362303157,25.31174924535776,A,0,1.3,healthy
L-0113,chilli,24.543154567353003,60.791545064971416,8.355534526048537,629.8572708824623,8.001929721115454,91.22219202551051,22.701847140828928,A,0,7.8,healthy
L-0114,chilli,17.4101943239737,52.92570327508265,9.7989350491038,484.3685828223108,7.207236969259036,76.70801630377036,28.635602285883564,B,1,9.7,healthy
L-0115,chilli,26.050414121784247,44.04590444604692,8.616875117399479,549.9357260953581,8.171751822225929,89.32357143137017,15.380863489162259,A,0,1.8,healthy
L-0116,chilli,29.26434997931492,69.7511723946918,9.781296228098304,557.0040451577863,5.782518482968633,64.60633732228207,2.8566481946217808,C,2,63.4,high
L-0117,chilli,28.753199204254326,58.928403088523424,9.358911310390926,604.9343876503584,6.400210435703683,78.90370529932726,20.369722985856527,B,1,62.0,high
L-0118,chilli,22.938387365331366,69.85932936361246,9.801044976783258,527.249215755911,7.1625925961798105,85.93154274726463,7.3067675158627,B,1,24.8,healthy
L-0119,chilli,28.666720153714973,64.20728492308686,9.179618768853336,714.3202786612429,7.148756104342724,83.1223566847554,27.683685996416585,A,0,50.2,moderate
L-0120,chilli,30.47001042863273,68.74398447521871,9.942325144265306,859.6423530850473,5.698387125419847,67.88988519735472,38.400291031134316,B,1,93.7,critical
L-0121,chilli,25.966541647985032,63.35932101621033,9.315585047156885,541.0167239516381,5.695658387054866,79.33731652670355,20.03804608394691,B,1,23.0,healthy
L-0122,chilli,23.1023738841558,52.31237588831994,10.012382339623121,561.0526964148028,7.493530748949636,83.66283477069092,9.853610242145454,B,1,3.8,healthy
L-0123,chilli,25.5765457833418,63.19262884015252,9.9703354444312,658.4298278610014,7.394997101801152,77.32349973410443,29.788558539688744,A,0,40.1,moderate
L-0124,chilli,27.001493908201297,68.25677888224307,9.966453369025993,940.223331687755,6.918373999388884,62.78715330932248,120.0,A,0,91.9,critical
L-0125,chilli,33.33287737954495,61.06473901212542,7.541360114388792,663.8150459499918,7.755856182443162,82.97646805085874,41.71231313695613,A,0,34.5,moderate
L-0126,chilli,30.841321089841536,53.809048769038974,9.46133807416279,754.4851022477316,6.833342471328311,72.3321292301857,44.01076667008866,B,1,62.3,high
L-0127,chilli,28.69069763660676,42.73560852028356,7.368648325609149,732.849223903685,9.05140671075805,90.25387523129365,18.306197614618483,A,0,3.3,healthy
L-0128,chilli,27.42021970852192,61.236906984699914,9.292500373120086,606.9224169320228,7.83887070509382,88.95644403822936,13.63417153691107,A,0,9.6,healthy
L-0129,chilli,22.169134688655678,58.01205740406876,9.598055069982363,628.7644208341734,7.9922621264211635,80.39529109728137,61.118141476978025,A,0,24.2,healthy
L-0130,chilli,29.63498108685789,57.05871484368663,10.257171565791891,575.277723787391,6.726334968011297,80.86050715787454,1.6050239511556879,B,1,39.0,moderate
L-0131,chilli,22.63631157196117,60.61383028897669,8.409819425740066,452.9489035202288,8.235666302022807,85.22033382406357,14.954651886091927,A,0,5.1,healthy
L-0132,chilli,29.619851027717296,56.55094872101013,10.914305522943504,922.3523103632388,3.4706110869191256,47.378116866567304,86.5682472905579,C,2,99.0,critical
L-0133,chilli,31.970633067678897,62.06976045427298,10.506704220625556,751.5400505425282,6.6825640006366385,74.53576233286228,26.36222316130398,B,1,89.4,critical
L-0134,chilli,23.895781603116532,67.70798291314706,7.869363576368837,471.08087390762336,8.058678754740482,98.01055098807063,5.789642247064683,A,0,2.6,healthy
L-0135,chilli,36.07532287933343,79.73060513254984,11.262365062458498,635.8477650009055,5.329588533854413,57.987545793504,39.245384472936614,B,1,99.5,critical
L-0136,chilli,27.508401387008217,68.0833506457547,9.48266840508081,631.0388809760734,7.864756369747636,89.64323547550225,20.148615696905996,A,0,13.1,healthy
L-0137,chilli,22.060919860820505,77.39084157360851,11.692856201437314,461.69646114259996,6.234327169886101,67.17057315376346,4.356850330863745,C,2,66.2,high
L-0138,chilli,24.575087674248998,53.24189161615011,8.357735468463208,553.8493403391342,6.059811072576064,75.18202829600233,33.909215384525794,B,1,28.1,healthy
L-0139,chilli,33.52067739181146,40.65749896448971,9.619122109368389,687.594569592727,6.615541922812171,69.92080539387098,30.174147163082022,B,1,30.9,moderate
L-0140,chilli,28.025871996568824,58.73576507912162,8.74384412268495,663.1939936936686,8.686394617626823,89.28225508290087,28.836670505320672,A,0,4.3,healthy
L-0141,chilli,23.96271954384803,62.309037929002294,9.586017805390277,610.9323566445548,6.049007330451447,74.57267295119355,41.27794421054234,B,1,38.6,moderate
L-0142,chilli,26.038434173130533,68.28254994206077,9.297750289072502,613.376725457976,7.0485675040071625,85.23436558852998,9.21341995387272,B,1,46.7,moderate
L-0143,chilli,29.654156420337166,73.59103366881807,11.7031139071521,795.2830832960569,4.157623006036803,60.23728737209615,36.533543069961084,C,2,97.9,critical
L-0144,chilli,26.26213341957444,39.99619849553227,9.54141208350921,619.7083120844507,7.406892735542434,73.99651412591399,31.881912703756075,B,1,31.6,moderate
L-0145,chilli,28.472742551531834,72.74407615164729,10.909480719921316,769.5475927303625,6.211021467999409,62.76841988958021,60.22674912389758,B,1,98.2,critical
L-0146,chilli,32.42494339604934,65.92293902603465,10.06183351876231,677.7784739626285,7.847638605912504,91.59021430658287,14.774280916462919,A,0,34.7,moderate
L-0147,chilli,21.2930903831409,41.3740698790725,7.614207246543455,609.5710417090924,6.686415296807464,78.34076372145869,67.70019589833372,A,0,8.4,healthy
L-0148,chilli,28.043869842333777,66.18905885517638,9.50913404843001,617.3265289693313,6.5173149311925025,71.14380560882947,50.96320691045593,B,1,30.8,moderate
L-0149,chilli,25.319544811478323,57.28059522507202,8.309886742005531,701.1247885537086,7.931731938431374,82.25856481659342,25.53912705258838,A,0,14.1,healthy
L-0150,chilli,25.1055844866738,62.356074848784786,9.360827623256492,650.0066198781177,7.837627226189698,83.10391685435486,28.82275629821826,A,0,14.8,healthy
L-0151,chilli,29.912587650668574,73.84073756063653,9.900025766603715,561.2957024746984,7.207425318815954,79.9605602429863,1.8343635432910936,B,1,56.2,moderate
L-0152,chilli,19.693613404760512,67.15218986294052,9.680687034984109,418.8929802705425,6.126051071140065,66.74104414843484,28.190329773912865,C,2,43.0,moderate
L-0153,chilli,17.384539850311263,48.731430333196094,8.666005687110342,533.8864169985392,7.44080888551321,76.28602372230705,48.47463218426451,A,0,3.0,healthy
L-0154,chilli,24.496990503053397,58.16790288615189,9.211767866979068,541.3897128879685,6.396637654921711,78.21280679478046,22.44464266538802,B,1,8.5,healthy
L-0155,chilli,25.239466127469235,42.46040910900523,7.613544926162174,652.4057943453413,6.648397126809949,76.20389684389407,60.12195089243525,A,0,5.7,healthy
L-0156,chilli,21.26699342517652,66.40263997638333,9.69477204697753,464.9539390793735,6.6575960706362345,74.61127452871557,39.74691274029266,B,1,27.1,healthy
L-0157,chilli,22.72573856393129,75.91375966972328,12.325605991968981,941.4321510562345,7.0107175029694355,65.06288928015276,104.57371029707589,A,0,99.5,critical
L-0158,chilli,34.779894913107526,50.05654680480677,9.828673317415676,679.9655811846154,6.478888937482118,74.84947172518174,15.73552110350567,B,1,56.0,moderate
L-0159,chilli,26.069440071389305,49.199753787654615,8.79099385956887,648.2947538322779,5.805532437433463,74.96203449699803,45.194007302021205,B,1,15.8,healthy
L-0160,chilli,26.3714141597489,52.37250880124799,9.84789850616659,544.840390469736,6.806651984503007,78.36772946071123,7.538970700133518,B,1,32.5,moderate
L-0161,chilli,34.012322652541165,50.17486797635593,8.979464367701523,715.5770854497348,7.982131609905614,79.69107361312314,24.172572624452137,A,0,66.6,high
L-0162,chilli,29.231562696582298,66.12435992310783,11.289488132990053,836.4383043884005,4.714881500009708,59.971727808275155,41.48043429684978,C,2,97.7,critical
L-0163,chilli,31.942435909568896,53.93335465688943,9.349323474852781,730.2636979174715,7.08789736036704,79.93634615111854,47.23981917516217,A,0,40.7,moderate
L-0164,chilli,21.339236636653883,62.20340735473242,8.981031815287887,470.9499488068338,8.76756719397258,83.86114265902958,21.023166298789825,A,0,16.4,healthy
L-0165,chilli,24.548188664888563,72.04220991888039,10.386182720903411,642.9893720423862,5.924338269760477,63.372874980280564,64.70312772986446,B,1,58.8,moderate
L-0166,chilli,27.53548694275514,71.59396686351546,10.259843626647648,789.3655229044857,7.087991820965463,76.29392116909112,74.52925684044233,A,0,92.7,critical
L-0167,chilli,27.96215297873416,50.633567028915806,10.428273771894052,530.44905397257,6.570891321488787,70.23009819001317,15.899782243272222,B,1,34.2,moderate
L-0168,chilli,26.58027192421581,79.04848434170765,9.49840950063853,674.2887793021837,7.018026830260903,77.4025449092404,24.79351129803278,B,1,40.8,moderate
L-0169,chilli,21.527591511505477,75.09965007265401,8.84613041863703,526.0737966813294,8.704500148389464,78.39868465182981,22.734308200340365,A,0,6.5,healthy
L-0170,chilli,30.23897316677941,72.03924859135242,10.17771322867717,709.366609472062,5.720260831027699,60.98207902777905,18.2935940584683,C,2,97.0,critical
L-0171,chilli,27.884395173320097,60.13727822499556,9.796757550463695,884.8571388320731,7.523778781080429,75.63782667525129,71.36749581483589,A,0,72.6,high
L-0172,chilli,28.508772108707223,52.37518571001817,9.115098160691161,727.7121996830093,5.345916903222912,71.24321301485861,70.8060137419245,B,1,86.4,critical
L-0173,chilli,25.253824945963242,54.942105742370245,8.03540419429137,555.55720620385,7.521039034970574,83.0188110042988,23.372599417495014,A,0,5.6,healthy
L-0174,chilli,27.84434414220494,50.92691264131791,11.26505952852704,819.8284621354592,5.549377596249588,67.47099674349444,45.0345059004139,C,2,81.3,critical
L-0175,chilli,23.9847545639001,61.24498352038516,9.450419540144981,703.4794790045609,7.39755385558102,75.10828964276915,59.6363877264983,A,0,64.4,high
L-0176,chilli,24.543827116672887,63.30356147782794,9.100822778564558,643.4063164391252,7.447493211540665,78.76604204482196,34.25837608428917,A,0,30.0,moderate
L-0177,chilli,25.144620893034517,71.94308082739497,9.663616304134395,651.0792349070449,7.724518862156439,93.75530972692503,21.932801884477364,A,0,33.0,moderate
L-0178,chilli,22.340059749105855,55.46118838994306,11.033155101838643,590.3735353649047,4.902525402101923,66.02103879178642,14.893729524502398,C,2,41.1,moderate
L-0179,chilli,29.193993920245404,56.57916523064574,9.956589372015047,764.8847511758225,5.173319478431588,56.140590585502956,48.16936982623508,C,2,87.1,critical
L-0180,chilli,26.144607259291153,58.39780756022045,9.491393641403327,640.5306486829413,7.964299564329477,83.79588538803527,8.23381215760264,B,1,6.4,healthy
L-0181,chilli,24.59240288038174,55.58973508196598,10.35250842254591,586.6521832036542,5.512213214512983,72.5345285596792,22.42875401291849,C,2,82.6,critical
L-0182,chilli,19.89069386584028,66.60869696981352,10.7252585760579,548.2805229806363,6.10123745224593,70.46018421657212,19.3251641297144,C,2,69.3,high
L-0183,chilli,34.228358835148995,59.02933514485693,9.590812432600861,657.955836537419,6.402178365411478,70.47125484439513,7.696872992768091,B,1,53.8,moderate
L-0184,chilli,25.153937344736015,60.45675807648563,8.785581316953264,653.7681694102125,8.088903567350192,89.20246189963787,26.40355126135695,A,0,10.4,healthy
L-0185,chilli,23.975463903349915,61.8206745856437,10.509679676988009,549.0954678562163,6.40333309258665,76.75583327127775,24.36451497788869,B,1,67.9,high
L-0186,chilli,17.73669769231293,66.1196018007109,10.127141144931414,400.0,7.268397760293308,74.40785747257209,12.183319023392338,B,1,10.8,healthy
L-0187,chilli,31.2882138548062,65.70553085785676,9.48790558658316,866.8584681012002,7.255342664483611,70.02497726751781,69.52258594979898,A,0,81.9,critical
L-0188,chilli,26.385112694205247,51.218751208567745,8.235793773966943,598.9162940761556,7.1479563468784795,81.8832965760297,48.41024447496702,A,0,11.3,healthy
L-0189,chilli,23.67172178543581,66.71496660841646,11.525132376593055,552.6583690557379,6.51603830880187,77.78694167584833,29.18636760649045,B,1,75.5,high
L-0190,chilli,26.09543004435937,62.49996282307853,9.942441780587647,791.8777329961192,7.242116579785334,81.44676550310513,53.76953014662944,A,0,55.8,moderate
L-0191,chilli,27.717265569552204,58.977384510137306,11.994762010538995,892.9269484936109,4.692618778577288,53.094512888847085,62.905156827258125,C,2,99.4,critical
L-0192,chilli,14.981304584869148,62.943988791140086,9.419887163292225,583.3013098922213,7.592191643204016,73.65679894399204,71.68758070095585,A,0,11.4,healthy
L-0193,chilli,22.144778632492798,67.36950526639762,8.776441761855294,400.0,8.299078668877504,89.95376162054906,15.652849050138492,A,0,3.1,healthy
L-0194,chilli,26.34846045521542,73.13562594100279,9.975481845221722,752.3556769983928,6.549219647825026,67.67186405455098,53.75480187059399,B,1,67.9,high
L-0195,chilli,22.963673915959056,55.07464683226083,9.14415274205308,600.3481201056802,8.189208622954055,87.84311398588171,24.448087826457602,A,0,11.2,healthy
L-0196,chilli,34.02208409509885,76.03074213829692,10.275628372855776,792.7075146363634,6.240925755155739,78.7034677238992,33.36884485910442,A,0,96.7,critical
L-0197,chilli,22.234275022437508,64.89734575701061,8.527092356950266,548.7740035531799,6.42828842349401,73.02105301340218,16.371336269903075,B,1,12.4,healthy
L-0198,chilli,28.996481259352947,51.985192311848905,10.527554570446544,664.916193784302,5.186831609189673,62.606048245569234,28.12302600838935,C,2,72.0,high
L-0199,chilli,33.42537366751211,57.1114559350172,8.953639716656015,768.9872025101153,6.580267171430979,79.46210826608338,54.30631596290173,A,0,56.9,moderate
L-0200,chilli,29.45849404313017,54.642651833508474,9.153735056379068,769.4003780293688,6.427246719022534,70.29248226879359,84.29065314844122,A,0,88.7,critical
L-0201,chilli,22.550246251364108,48.52884801175917,7.665795704715948,498.5000557769197,7.26478762694188,80.26311173798875,25.993597935605152,B,1,1.2,healthy
L-0202,chilli,22.304276378419583,63.784442484190976,11.476106809598399,548.7902273758035,5.1144794790893044,65.19102403476745,12.562672858517619,C,2,86.9,critical
L-0203,chilli,28.33122585613231,79.80011917859198,11.945220488752357,996.0606090335724,4.746801057777625,56.62024940882929,92.82003289153636,B,1,99.7,critical
L-0204,chilli,33.799215742415186,45.66707105532892,7.695982383758544,720.0494041583617,7.2289810314775815,89.45963134826427,15.106918178402545,A,0,13.7,healthy
L-0205,chilli,27.715926542141,56.987329455649615,7.430755053478066,479.0324894343981,9.087215449721063,87.7594407618549,5.143770318644066,A,0,0.6,healthy
L-0206,chilli,25.857497495351694,62.602373829124645,9.788134535593066,486.02538484285435,8.17016894197285,82.60498766151747,17.552380047084668,A,0,18.2,healthy
L-0207,chilli,36.413836180149765,57.2813990776886,8.350509692558688,813.6139553547432,6.7680735068927005,74.79585001536334,60.78021157635725,A,0,68.5,high
L-0208,chilli,28.242161196508533,62.07787170558931,9.453014454902892,544.0285030188033,7.3208050371467115,73.45680799036069,14.205796473795113,B,1,30.9,moderate
L-0209,chilli,21.736485041497136,59.51836415275972,9.533699884141749,510.97862007138525,8.723913790266788,91.9499914011218,9.644943189885279,A,0,3.4,healthy
L-0210,chilli,26.682597887626343,61.56587331441155,9.20212113688161,555.1672889801875,5.960938926888402,73.14372153130384,31.022778653492516,B,1,17.0,healthy
L-0211,chilli,28.658691307711923,57.834396148341945,8.846921682387817,882.5364009938772,5.231422696019729,58.882219433327116,84.31814466508754,B,1,82.5,critical
L-0212,chilli,25.241251093999928,38.86429516726909,9.07866324630489,590.529208608862,6.833103764006003,69.9233928358904,40.296792184922865,B,1,7.5,healthy
L-0213,chilli,32.07171507417363,51.35935720103343,9.022828579761654,732.9351308481837,7.964088946768727,86.928265175555,8.092764058959075,A,0,10.0,healthy
L-0214,chilli,26.311817141235235,68.18564291294643,11.206534636263504,1035.368692669595,3.933719979233076,58.08800473773403,114.91943007902492,B,1,99.9,critical
L-0215,chilli,26.271819096763792,71.82517665504184,10.294376188894828,602.8631243453515,6.116234800184363,74.52697261192563,36.84251442799995,B,1,81.0,critical
L-0216,chilli,26.260304304078396,73.83212950381429,10.889039911251125,880.3859335761827,5.45196540693314,66.67693222547848,56.54857242634511,B,1,88.0,critical
L-0217,chilli,25.062133267254843,61.431154161751714,8.570749510442313,548.4331880098218,9.085768428542062,86.19795501142154,6.331709353703471,A,0,3.2,healthy
L-0218,chilli,25.80528354862589,39.413239996774564,6.994461836573291,739.3461783182058,6.564879661567194,67.604076569425,102.19401392124081,A,0,8.0,healthy
L-0219,chilli,20.16610110425077,56.51074001678646,10.667995371433783,521.7321390739088,5.066070079816232,68.09295309433944,20.688444088601955,C,2,49.3,moderate
L-0220,chilli,24.89762601487401,74.70762943862698,9.868063207723628,560.2948143705376,7.742992111455596,91.6632220574628,5.7468460173434,A,0,12.0,healthy
L-0221,chilli,21.196956718478972,78.50299311673481,9.514993264736601,602.7916434341695,6.755977433899501,80.57017623394154,33.92452093089733,A,0,31.7,moderate
L-0222,chilli,26.418000222643133,73.27013788741358,10.953258047911016,706.7496608545806,5.4940682164621055,64.34224008036439,56.529309999825074,B,1,98.2,critical
L-0223,chilli,23.65985612657353,58.94108495080513,9.368770502807749,625.2913679256158,6.835209302451958,71.17363805420436,44.86469378113686,B,1,44.2,moderate
L-0224,chilli,29.654861062374316,50.49137179647279,10.826840579921864,759.4363351056585,5.78267915746988,58.9368530883109,44.29021416688158,C,2,92.2,critical
L-0225,chilli,29.972104018484046,57.85000504965974,8.479067395234773,733.6166312281212,8.343862295673397,81.70137308491991,41.99355065066772,A,0,9.6,healthy
L-0226,chilli,29.06038843660972,58.22592600810487,10.628263693349126,727.4579583530377,5.185295306400531,62.32273946688124,31.62742360934331,C,2,88.4,critical
L-0227,chilli,21.924390030459605,73.71568980785987,10.600649781552704,504.7720306826375,8.119181374620743,89.15594858588845,6.304214322284145,A,0,45.6,moderate
L-0228,chilli,22.942253030028976,58.225068602437595,8.765051923984547,521.7903632692488,6.713593632123354,77.86125309965854,24.15180265647139,B,1,19.6,healthy
L-0229,chilli,22.919090204812868,61.37083292502667,9.466943017455147,518.3035924391853,8.024094810827638,76.00065715166036,21.503775126301104,B,1,28.1,healthy
L-0230,chilli,25.66398596128531,63.808702441795916,9.214349135678058,675.1688484640212,7.185668953071364,80.1828329586066,71.88599942160498,A,0,43.9,moderate
L-0231,chilli,29.293253296135067,61.46859853334911,8.937130309622265,790.279444515887,7.372253766045459,78.60784745821863,60.84347793897798,A,0,39.7,moderate
L-0232,chilli,28.863449841153127,66.94340834420993,9.098235565879744,589.6559072933513,8.538941957676718,84.95773888914243,19.1944815944816,A,0,17.5,healthy
L-0233,chilli,24.914881910376288,51.59176994101206,10.735979035620263,696.0297652344815,3.5935366924563703,58.59134919312306,50.343127209789806,C,2,92.5,critical
L-0234,chilli,26.98628604423764,47.431689942385105,9.273229540185,640.8529261214366,6.508806173602699,79.28783034209994,27.02923160722101,B,1,16.4,healthy
L-0235,chilli,25.49259567024445,78.50170982392129,10.531725667633793,540.5994404584766,5.253473723692425,74.57564969346,5.169346797918813,C,2,93.3,critical
L-0236,chilli,25.958480403250284,42.223928942027115,9.588877932659639,533.2360883968408,7.650768989794386,79.427551009741,1.8680090352133947,B,1,19.8,healthy
L-0237,chilli,31.004648216394358,70.90176917857943,10.789423433338655,723.3887019656112,6.046362571000935,71.79407755903722,46.11929076189359,B,1,96.0,critical
L-0238,chilli,29.625623188532238,43.448037915882644,8.828550620354077,626.6457555546507,8.111043225599719,73.82923195068508,10.89645762055499,B,1,8.9,healthy
L-0239,chilli,22.587057941805757,55.544694239903116,8.528075326760257,491.43704985078074,8.269672816236927,85.52007980315861,10.849330495193882,A,0,2.2,healthy
L-0240,chilli,26.15025168952977,70.74838215882085,8.930359979657416,570.8472153404128,8.277748476440637,88.21595970236002,15.489015402757996,A,0,16.6,healthy
L-0241,chilli,27.011077837798567,66.00676116223418,10.556543908353477,788.6902514265267,6.36752950743337,64.31987775377172,46.86191316579454,B,1,95.1,critical
L-0242,chilli,17.003746886486258,45.82031932055954,9.10771475271018,619.9516096938255,6.151485451534527,67.22274403782424,61.4239758213313,B,1,14.9,healthy
L-0243,chilli,30.693032044668165,62.10254287321226,9.097254907228427,743.9339537766562,7.413701290984212,78.72618416310976,60.512425438936056,A,0,46.9,moderate
L-0244,chilli,24.283228652470136,65.42945556812491,9.854625494027749,510.3251960627373,6.80291547889286,74.36329893153709,4.462630519163886,B,1,44.3,moderate
L-0245,chilli,30.35086783747299,60.87293670053955,10.04862597900582,737.3690702718782,6.798398047438288,70.92657003323615,14.893883271090955,B,1,50.2,moderate
L-0246,chilli,21.19748017366244,56.78494339623902,9.228876873943342,482.101131995377,5.895280472504864,65.51327366243922,12.772561566661985,C,2,16.7,healthy
L-0247,chilli,22.968878004029666,57.918939917702644,8.911581656605769,626.3990445244332,6.274167498189991,72.36825937354232,46.83750844335168,B,1,11.0,healthy
L-0248,chilli,25.016923593152413,58.14037015366556,8.966303002412323,599.1633772986191,8.743205833409291,83.81759485294052,15.11076888210729,A,0,12.6,healthy
L-0249,chilli,31.568914122667625,84.32034248018553,10.358798395886286,712.6458753173536,7.981830717322908,85.80496454141128,25.48502711481278,A,0,79.5,high
L-0250,chilli,23.156533431363776,58.40845743800714,9.998286757115915,640.5267011848975,7.591466191911138,81.1449522339351,49.92773983917835,A,0,42.4,moderate
L-0251,chilli,20.58579680563028,54.88140398492753,10.9520197429392,525.1512899954165,6.573463597823308,78.35152057975021,29.56616614450954,B,1,22.8,healthy
L-0252,chilli,26.849303045931585,55.44536135377523,9.666626306811992,661.7143373011,4.5319682386843665,61.056668500888776,36.72923170658339,C,2,53.7,moderate
L-0253,chilli,24.08213077313296,80.93801825099355,10.715911067993128,636.0793312019617,6.565168689334503,73.12232826650046,24.740653145213955,B,1,94.1,critical
L-0254,chilli,30.62829168024823,41.96649484112886,8.210299608932353,820.6398032353218,6.976721044023462,73.83831131819213,57.0369147519281,A,0,23.4,healthy
L-0255,chilli,21.533775907330156,60.835494592904354,8.915839801128715,558.2133043170467,7.357112970858308,82.42764016933297,61.077274878084935,A,0,8.7,healthy
L-0256,chilli,26.881450787385237,55.962982947900365,9.83803089002527,789.6364767331696,6.128654681384641,69.58164063913142,41.97966004200124,B,1,82.6,critical
L-0257,chilli,36.11804456945692,45.95693559019266,8.069464180618857,807.6006573980075,5.017987716865249,62.97541010702084,61.25009312920918,B,1,65.6,high
L-0258,chilli,27.08228710889856,52.58110298966888,8.260038524182612,914.2439310708733,5.435140438575877,67.64885514238706,120.0,A,0,80.9,critical
L-0259,chilli,26.966395356734278,65.72829902975822,9.529066476499736,658.2476079425387,6.709539115331682,80.80512276533631,49.30879174233364,A,0,48.5,moderate
L-0260,chilli,20.762803451788205,53.6047033663476,9.648105207906372,450.28988233609573,6.699049843249032,76.2051029030726,27.755577451110334,B,1,13.4,healthy
L-0261,chilli,21.48908655077225,62.51859850549067,10.146869741457559,519.6105644515916,7.0838505986565865,80.94446302531519,37.3702411759971,A,0,38.7,moderate
L-0262,chilli,29.14360742753555,76.3933594834182,10.78897241920416,807.692226159252,5.380389088110306,56.046332228269364,65.61561998242841,B,1,97.2,critical
L-0263,chilli,26.740642764688133,63.40737897604556,8.625252457967415,627.4110099272697,8.17455192001612,88.87897631909829,20.4778087731107,A,0,14.5,healthy
L-0264,chilli,25.344985753474045,41.87326985459076,9.331311206536355,581.1641972331967,7.551541918084689,85.79699717305473,19.09962953756694,A,0,6.0,healthy
L-0265,chilli,30.13170413109151,55.59358621864179,10.386696074986736,707.1005302646889,5.17644934006222,57.73270231756254,36.89626563366378,C,2,96.5,critical
L-0266,chilli,20.335907774122365,54.952109522633435,9.591542642916421,605.9323041438629,8.64295741008342,85.27702799099906,27.35268542672148,A,0,2.7,healthy
L-0267,chilli,30.44551832138977,55.4993528155156,9.153297409687282,629.2835970328945,7.49179187645366,81.58000867325524,12.652465394727795,A,0,17.2,healthy
L-0268,chilli,21.76694528524543,62.38943057115403,8.994927117555715,583.6220139757164,7.8446098632765455,80.56744515473676,32.726903210340645,A,0,8.3,healthy
L-0269,chilli,23.232209560508142,62.585768994690845,9.193096711985442,908.3450396975207,6.814470558870987,75.50941793631898,75.06179132980377,A,0,56.7,moderate
L-0270,chilli,26.49342023695445,77.03554291934975,8.650370600331323,650.1359877938004,7.206270500128695,85.75014171863178,40.95675241889998,A,0,26.4,healthy
L-0271,chilli,29.995735529987694,60.392006769578174,9.120255593238262,573.8417009424328,8.008232031029634,88.72876892739845,10.343394916234754,A,0,24.2,healthy
L-0272,chilli,23.27217478352575,48.762253116931944,8.500783981077454,644.7133318879486,7.9337589218900835,81.9864477905924,45.82812170271376,A,0,12.0,healthy
L-0273,chilli,26.087828583834906,74.97052968036596,9.320606711170235,646.1729074898271,8.79047473285236,91.58651349069322,23.066763573247858,A,0,50.1,moderate
L-0274,chilli,24.581938158919606,73.49141778705962,10.257487326936324,927.836960462323,4.695162646043683,56.887879835054605,110.680405117604,B,1,98.6,critical
L-0275,chilli,26.74825288952998,62.99833982146058,9.572573378725739,689.9636952736148,6.685425194122855,72.13584203006235,43.23220111741874,B,1,32.6,moderate
L-0276,chilli,28.205437528339736,59.860009965697444,9.749591770006443,706.6643004622597,6.967476745702316,88.71525902688401,17.43937094612586,A,0,44.2,moderate
L-0277,chilli,23.798850750540183,63.48692914481906,9.616011457344575,738.508767459303,8.300946639197486,76.48123692991417,48.33426460823475,A,0,35.0,moderate
L-0278,chilli,30.269121307068865,64.62459690233428,8.691939798680703,679.0231736969743,6.369447296768947,69.5014491612043,34.5335853859552,B,1,50.6,moderate
L-0279,chilli,29.589448939994007,38.23570803775323,8.49188532118266,732.4064255916282,4.754766568652565,49.6952484253447,70.19950449496737,C,2,37.1,moderate
L-0280,chilli,33.70701946115544,65.41077452163242,11.267352917186178,740.2458849850334,5.428633271993888,56.9702893895506,19.013447890121824,C,2,96.3,critical
L-0281,chilli,27.577909829899628,67.17098445691798,8.724821050228268,634.6778690672962,7.564688828274343,73.82266232608902,43.15982345777688,A,0,41.8,moderate
L-0282,chilli,26.116921803472163,71.99654194713281,9.932401276856721,604.6256248764913,8.021648192238965,84.18126711165112,6.312104180795424,A,0,22.7,healthy
L-0283,chilli,24.36410248779206,52.060403744482635,9.587322315463428,634.7942435123081,8.507709897314305,89.09681968379904,31.652749665786022,A,0,12.5,healthy
L-0284,chilli,22.98627883511086,59.720357839755955,8.213117155803381,672.2453438452958,7.780679557405406,86.91206154485074,10.065217051977989,A,0,10.3,healthy
L-0285,chilli,22.970154597781793,65.7952226351012,10.084827857164651,693.2816552606142,6.780035419829923,70.66856088645235,33.67807364233161,B,1,76.9,high
L-0286,chilli,28.877732533921495,57.15433465358568,8.655839108919709,615.1550227126794,6.975969631268612,73.96418506003954,39.460527418537325,A,0,27.0,healthy
L-0287,chilli,27.05701710487178,63.984396040627395,8.627957511473094,629.7435700540385,7.563037817104803,88.69281960258571,41.95932582706782,A,0,25.3,healthy
L-0288,chilli,28.0595282322958,62.27983734255564,8.792346222956041,496.99157632378603,8.559812787847497,81.77848171444145,18.988920557931817,A,0,15.1,healthy
L-0289,chilli,22.684932066732326,60.76307121920731,10.166251959932493,469.3872331247597,5.95751142327729,75.09863709908672,32.391546721570904,B,1,35.4,moderate
L-0290,chilli,24.87938077587421,68.26395115733973,8.962189754752096,710.8630200874608,6.852390012668659,75.77542124560145,64.3126385011569,A,0,48.3,moderate
L-0291,chilli,33.41021084494655,70.50889066816912,10.550090633988564,902.1073287093808,4.578007213951428,54.40300324626726,90.57040923944685,B,1,99.1,critical
L-0292,chilli,28.67247389694518,49.889989198229195,8.392537794671707,753.5169035467305,7.776066624554663,84.49063619832536,33.24265067935512,A,0,16.7,healthy
L-0293,chilli,29.606378198072463,55.17798684289364,10.93621646619562,908.0012835214769,3.8000363565685205,61.63031612418723,65.5317461349411,C,2,95.8,critical
L-0294,chilli,26.306504904725212,58.16285147042016,9.483763688038877,560.4237098491916,8.267146713501267,90.31040686508481,13.702629933575837,A,0,16.0,healthy
L-0295,chilli,24.643936815602057,56.719659756254536,10.178462056959537,566.7544426920282,7.160153826166226,76.09858227567312,21.575115416000852,B,1,33.3,moderate
L-0296,chilli,20.879462346339295,46.18175150520342,9.81338062687788,668.2498416137109,4.396580596471941,61.78643423072827,36.05111708370769,C,2,47.5,moderate
L-0297,chilli,29.17223452867427,59.043452484655134,10.197650113427045,774.2356068336921,4.974204078428633,61.06460141021395,27.4944973244448,C,2,87.2,critical
L-0298,chilli,16.198768330332836,63.742588725014535,9.620134178218445,418.4859374309988,7.181081136482527,73.05991406680968,25.274126787105363,B,1,18.9,healthy
L-0299,chilli,25.99026183353583,57.627442761418074,9.15171168480811,651.4250165330001,6.903962450729012,71.15950145331482,60.87162364780413,B,1,65.3,high
L-0300,chilli,24.514215215052573,54.67854652689563,10.321447865824108,532.0612142165901,6.542661575457041,81.54229309594635,11.726552129073308,B,1,16.2,healthy
L-0301,chilli,21.209337237662055,63.949692101951015,10.479858283007756,534.9380792820357,8.066366291895424,81.73292174809544,12.870793485953163,B,1,13.2,healthy
L-0302,chilli,32.477745239627126,74.26744184010118,10.386312598240579,619.3749139863955,8.447863378709302,82.51608155953615,8.531125535974656,A,0,85.3,critical
L-0303,chilli,33.637189711964695,56.42494563062729,8.859141295016627,770.0673168158238,5.629014445833261,64.07255996253161,36.870184745490825,B,1,93.8,critical
L-0304,chilli,29.596515749401902,54.7629384870526,9.054777366585016,765.1240544746479,5.987136615198056,76.11317297872054,23.041281762491142,B,1,49.5,moderate
L-0305,chilli,21.95885936111239,56.172352242567534,9.746221883468287,578.7167175739781,4.887821341933167,60.61526727399087,56.81833822214212,C,2,85.7,critical
L-0306,chilli,32.8081711296156,74.96874021964835,10.748210304529438,730.4130904631288,7.20736943109977,69.28968227694995,34.547138549924135,B,1,96.4,critical
L-0307,chilli,28.199991495408085,49.95095196119552,7.926025229436645,521.4204000405655,9.347046935123336,78.74101901576978,18.61136794858452,A,0,3.1,healthy
L-0308,chilli,23.635919014160947,66.58252169079985,10.027863806478472,501.7874222399423,7.6129212881189305,79.29021718328185,16.243810730875175,B,1,24.6,healthy
L-0309,chilli,23.696944302898373,64.71759318848721,9.135094658885802,558.4207694622901,8.608636765715069,89.89519132127393,26.191654152652106,A,0,12.7,healthy
L-0310,chilli,29.201482552131687,40.51828602507847,8.024993873365215,554.8371572186443,7.749565668294648,81.49639870602498,10.208598068309946,A,0,5.0,healthy
L-0311,chilli,24.09033996506421,64.43695323114316,10.650789358203912,769.1528868872481,6.238188565399205,65.97402725141076,61.873216556842635,B,1,93.5,critical
L-0312,chilli,24.443808695573388,59.07251690215858,8.982270718445323,581.4654126855464,7.2793014663909865,87.62329591087834,22.130297031186892,A,0,5.6,healthy
L-0313,chilli,25.039043688278603,57.24385538092655,8.0611071762828,550.3612800375442,7.879105119321262,92.97056189914923,7.0630883485321565,A,0,2.4,healthy
L-0314,chilli,21.59994766613642,51.75642838437654,6.831774867734357,583.063751474368,7.5242361407947325,79.11765782918172,70.49806191055234,A,0,4.1,healthy
L-0315,chilli,25.067461457752533,53.324069034342806,8.477970346257015,574.6589384052762,8.475845599623195,84.99705030683987,26.50286607662431,A,0,13.9,healthy
L-0316,chilli,22.428950024932135,53.02858118308582,7.607789737130359,562.0789673600714,7.862911803982198,77.82332641518043,45.62495507118819,A,0,1.5,healthy
L-0317,chilli,28.20581533295865,58.529701750830725,8.288759550436154,593.778699857265,8.360450024209165,85.1912476510646,18.83872712232983,A,0,7.9,healthy
L-0318,chilli,21.92580412102906,60.86833575689977,10.028656465248845,749.7086453588088,5.938547240617167,66.92650122428384,72.1636717474706,B,1,92.7,critical
L-0319,chilli,26.42854848224096,57.69479344836884,9.385807820309973,464.45806788648616,7.328742676499923,87.04706903404289,14.365552976005565,A,0,9.7,healthy
L-0320,chilli,21.582237277645522,64.23897410932872,10.450831256875269,569.2332251507216,4.433880821024994,60.9201590047606,23.032443149915256,C,2,76.9,high
L-0321,chilli,23.899902419195392,49.926929101762184,11.617059093005293,467.2122312277522,4.758063161475904,64.7096188629937,4.813111051005871,C,2,70.9,high
L-0322,chilli,18.532820438236435,43.674557813958586,7.53299786301787,563.9707814718982,4.616602639016033,72.37963718657262,70.96528990438814,B,1,6.5,healthy
L-0323,chilli,25.920990143372457,67.55802836084652,9.967069981056856,491.9784455687366,8.988225946318307,87.83150076274458,16.872676069436068,A,0,18.3,healthy
L-0324,chilli,26.464608178106396,59.33271166010785,9.733612508457721,639.3112591840159,5.934580058156516,75.64020886227573,37.52132954459439,B,1,36.6,moderate
L-0325,chilli,28.065226954818964,59.14520355203924,10.00331230794404,718.967862942827,6.66337771226513,74.36991045712816,41.5179666979435,B,1,77.7,high
L-0326,chilli,21.575492044905452,56.99356544072657,9.820240078861517,708.9975412698395,6.222522744744118,69.75926154921245,63.19882840811758,B,1,55.5,moderate
L-0327,chilli,24.277073042171303,56.95229187457647,9.381521916537611,545.8124677458559,6.298890003930872,70.53465509546193,35.45026960292185,B,1,63.9,high
L-0328,chilli,24.789454632860515,49.248522237306105,9.347285693173266,623.7014347879774,6.8796243001836395,74.78807481672314,27.7658063969794,B,1,20.2,healthy
L-0329,chilli,25.98856042820401,62.55632486806976,10.979448315917304,830.706965733554,5.512429558082929,65.16087650848448,58.77111898403921,B,1,97.8,critical
L-0330,chilli,25.254671690373467,50.8731264279405,7.021361926655732,570.4148820275075,6.287169928787615,91.3498645915912,41.01639307259861,A,0,7.5,healthy
L-0331,chilli,25.35331632633132,55.735547708444884,10.53098268637224,611.2518744490751,6.30254376696024,76.0991549071886,24.498969873874383,B,1,53.0,moderate
L-0332,chilli,23.462097917250375,38.01788742445008,7.156456602612765,520.3659651601602,6.521866574726277,74.04160644045761,73.14373892110086,A,0,4.0,healthy
L-0333,chilli,30.552715556292497,72.25383279515843,11.300634970480331,717.8672537810487,5.62148803966067,67.83761876751218,43.358437028335274,B,1,92.2,critical
L-0334,chilli,22.162797202759094,59.803688869401114,10.471791930792305,525.5121865167589,6.72968843033301,63.97290879837517,9.36905443043611,C,2,21.2,healthy
L-0335,chilli,26.980361931911037,66.629717033915,11.186635368035473,935.6099808683437,5.915867223098694,79.19235326778265,82.22104794927397,A,0,96.3,critical
L-0336,chilli,24.91880928023082,66.73863461142857,10.357207387833725,544.7026873685984,7.254519432331562,75.48138411561817,18.429825698276684,B,1,49.3,moderate
L-0337,chilli,25.40470666474153,62.97940196495594,8.112384187896163,840.8261541033031,6.904798522347472,77.58359157894446,62.98317597988219,A,0,52.4,moderate
L-0338,chilli,24.61003374214447,56.64634253765518,8.81894552420621,548.3233507026843,6.97661114667974,81.38086415160288,7.200445446146144,B,1,6.4,healthy
L-0339,chilli,19.2139965303119,61.92704551197046,8.949000628128928,530.6551980782513,7.417468834331928,77.67720947299492,58.51761332016529,A,0,15.7,healthy
L-0340,chilli,25.620308054213833,49.57453197144719,10.53409788415877,637.4128222014191,5.722486439532403,68.88405457551802,9.954090680617732,C,2,37.8,moderate
L-0341,chilli,21.997620542617735,43.305524625791335,8.365514108853903,490.0053613382963,7.3259205533635745,81.30785200238456,34.74606895420271,A,0,7.5,healthy
L-0342,chilli,31.70284401969743,57.453340679811795,10.555833156449351,788.0650232632038,4.253405415150547,58.235252803222735,42.488917407223205,C,2,98.0,critical
L-0343,chilli,32.436704455453324,57.19656424198478,8.966820091386843,636.7170138247243,7.425694517968657,72.62685743697254,24.923699414837916,B,1,58.2,moderate
L-0344,chilli,26.012114662620075,75.23173785109843,9.979504758017368,552.7600215566815,7.856286078518699,73.75077035690822,30.385102358346515,B,1,51.9,moderate
L-0345,chilli,21.087886527201526,64.95185143463223,10.155818279338629,560.3859712771713,7.012234883703325,81.12927126042231,12.137376000481675,B,1,29.2,healthy
L-0346,chilli,29.537006237260602,53.94652161862608,7.89870122190954,694.9972393074675,5.728693633999597,69.0652685125939,54.32695882632862,B,1,18.3,healthy
L-0347,chilli,21.611923219753916,61.90283163187587,11.231890629267923,718.8771645172101,5.2788494889694215,63.53533519709193,36.1447747223703,C,2,72.4,high
L-0348,chilli,23.054907875592807,58.01655555328901,9.277092343427723,470.54077452076046,9.896180080149959,90.7484475205161,14.289443930250632,A,0,3.6,healthy
L-0349,chilli,24.49276471270846,56.49349202877114,9.984862895438155,543.1588545538434,6.723263014894135,75.65025407202778,37.17713364400272,B,1,33.4,moderate
L-0350,chilli,26.34401592439799,65.81860011747398,8.219595423529325,603.3024199247652,8.550839004672548,87.98797838330913,38.0359464607003,A,0,6.8,healthy
L-0351,chilli,25.70199449122885,60.7007055906769,9.935092068647545,806.5336911617154,5.922402925164737,75.61487539277445,31.513710047065945,B,1,82.3,critical
L-0352,chilli,24.17386155026429,45.470554342636746,8.078279889515516,557.3708301373313,8.203048587416136,91.45889763595275,1.9305087936283207,A,0,0.9,healthy
L-0353,chilli,24.37591339102377,42.29763277273421,8.881934517839419,603.5128042251201,7.288030558391868,80.39770841482174,22.107160740876605,B,1,4.2,healthy
L-0354,chilli,30.348744151303578,55.322117710908124,10.228060731109425,818.3477392641611,5.970757108842424,66.7630802839784,53.74857123170331,B,1,90.6,critical
L-0355,chilli,26.901490029695335,62.53185785946702,9.833448045883033,662.5948683752649,6.306079046158544,70.23386722566438,44.21329128279444,B,1,74.8,high
L-0356,chilli,28.670854578879442,54.14262325032652,9.201234756762553,863.2956564625455,5.752802519082631,74.76313815150125,43.26321489120676,B,1,60.7,high
L-0357,chilli,20.04348664294624,72.09372510372508,10.606368190855154,608.7804721424028,6.689346313567729,76.12128677157449,35.94002558811116,B,1,58.3,moderate
L-0358,chilli,27.689925455170293,60.1954661962019,9.371920065619307,758.7821038707805,6.5514903644719045,64.09670295745822,58.150186623620826,B,1,62.8,high
L-0359,chilli,24.801553215844194,76.76500487823566,10.636196292417427,640.3176635956329,7.194669210176999,73.33618756649103,18.334819829740727,B,1,77.6,high
L-0360,chilli,30.331924698984693,69.49686321357424,10.261238601893668,567.2037893647914,7.288262875075233,73.18726068256856,15.13555469269326,B,1,61.9,high
L-0361,chilli,26.24890929085855,68.54013344017648,10.906370360985056,859.2443502628078,3.8548444266946738,54.04633926416474,96.2566684753358,C,2,99.6,critical
L-0362,chilli,21.37341926515523,53.48729588371774,9.068758301742946,499.22694007810196,8.184944211636378,84.67544100634449,16.718380022126,A,0,6.8,healthy
L-0363,chilli,17.81749505018045,63.11120639159159,9.16491648068129,500.77206479328623,9.255111076267632,89.76046719841938,9.034166503963657,A,0,0.9,healthy
L-0364,chilli,33.06526002082862,71.43965629862905,9.799157592913206,632.5332726817538,8.47875522294919,74.93147924485872,24.56269383768316,A,0,71.6,high
L-0365,chilli,26.614478193013728,57.768064355078415,10.066422155470693,647.0497345956462,6.412381438773527,72.83977916034698,32.4034716626798,B,1,42.4,moderate
L-0366,chilli,28.50512517078064,62.55367479814101,9.028403964258779,726.5960742762078,6.466222424773213,76.50084693519214,58.40859177687562,A,0,64.8,high
L-0367,chilli,33.43740884822712,44.3467298617962,8.55033819573699,599.1208018465152,6.102683731467039,64.96596755951626,22.14647982210602,B,1,26.7,healthy
L-0368,chilli,25.91287005761678,77.3784647061707,11.246872861519103,586.9376985406221,6.995781272145245,77.27697495244402,21.994619681258055,B,1,44.9,moderate
L-0369,chilli,30.85859408396299,51.352607033286624,8.188056282166505,706.7739759684428,7.671747123172515,80.51366922316588,30.153308849577556,A,0,23.4,healthy
L-0370,chilli,22.720058660467497,46.85888840277512,9.381667366461382,454.1180909617758,6.426053836173122,63.09406682267525,19.1277435666669,C,2,28.2,healthy
L-0371,chilli,29.029675792372473,52.12555671825237,10.483511849094686,682.3903905324162,7.544879806433306,74.26659152125933,7.294664421481705,B,1,65.1,high
L-0372,chilli,24.556864611217875,34.48862618557226,7.469687400013614,557.7152225747745,8.991570176193111,92.52704822157718,9.770882362694614,A,0,0.1,healthy
L-0373,chilli,22.10209283028369,50.96776005151906,9.886665799356242,733.3294351031715,6.400839509384744,79.78253273473227,69.4500774007851,A,0,26.7,healthy
L-0374,chilli,25.211672569192984,84.59091464723252,10.883552101369729,714.4546656515881,8.302007764958676,82.30449080805967,49.97746256326616,A,0,78.9,high
L-0375,chilli,19.663348414029933,48.818224309783496,8.152528996242555,449.39625167733686,7.844410563753772,79.118794446381,29.363713361146864,A,0,0.3,healthy
L-0376,chilli,27.916806973538158,41.94368501068615,8.687867124675728,641.3022100943415,6.854222854814507,82.05530709824436,44.1109894930959,A,0,13.7,healthy
L-0377,chilli,25.15415610626233,59.43686989967321,10.967559270556155,741.1686351248882,4.78323924313043,55.579771682127785,51.03173003257685,C,2,84.2,critical
L-0378,chilli,18.968970093889748,55.98789718916713,9.508067249757241,447.3930938643223,7.791462481823405,85.96313755783872,17.494233736037078,A,0,11.8,healthy
L-0379,chilli,24.205761092631793,73.44395545271627,9.359740690447017,552.4214487941172,8.394748191118977,85.95632006701369,12.018052607116175,A,0,5.3,healthy
L-0380,chilli,25.276561692112015,50.75060451503656,9.415544631923837,671.292010697276,6.5945629516144795,66.3423703998391,64.64081790674715,B,1,40.6,moderate
L-0381,chilli,29.499204864950958,61.92466245895518,11.004658734125144,614.9057984662586,8.049174691101939,83.81854296813187,2.7062079562620136,B,1,36.0,moderate
L-0382,chilli,26.25482659300791,47.16587139629394,9.826264543378548,715.4153110556285,4.390953885521803,63.81241748275205,44.61675984165523,C,2,77.9,high
L-0383,chilli,30.112758078775393,85.29087250277334,11.232332029720762,629.4684721685571,6.245640670548985,68.08673476578832,34.389083897162266,B,1,99.3,critical
L-0384,chilli,27.73189079213159,69.11820223372762,10.137807208105265,771.3974209709307,6.565458804654345,73.52970028136214,60.27409578862275,B,1,91.0,critical
L-0385,chilli,23.7765339071804,62.458510034797946,10.317674582231199,573.1314293112281,8.085869551721492,80.48904216001141,45.79597750656826,A,0,33.4,moderate
L-0386,chilli,28.886765575906125,57.276373906352184,11.627612730804508,646.1690886359709,4.696316459835058,62.84450611387943,43.909441720855874,C,2,94.7,critical
L-0387,chilli,24.20598986225298,52.50200503535005,9.734420984579048,511.6592362697859,7.2535140714230755,82.97599862555842,13.188635914112638,B,1,22.7,healthy
L-0388,chilli,28.14240296456766,53.1763696946618,10.077471857893041,911.2666408868425,5.4915833482651255,56.69690342407487,52.407964136320004,C,2,77.8,high
L-0389,chilli,26.90826724854602,57.046789577670054,9.948578657654641,728.800786260476,8.422944328779515,87.09433287235832,40.74553216531291,A,0,53.0,moderate
L-0390,chilli,25.900827717065063,73.90340835911772,11.548571470374714,673.4841460278825,5.095924004329236,65.94418777952993,14.820327721205745,C,2,94.0,critical
L-0391,chilli,24.8133247610996,49.580187292465595,8.802800311937325,648.342755795682,7.0533083521957165,76.17797010802165,34.62163487591365,B,1,19.3,healthy
L-0392,chilli,29.623604073154162,39.755202080301814,9.758423520941282,627.318336058599,8.991763041163269,88.03356433786091,10.73069063041524,A,0,3.3,healthy
L-0393,chilli,22.256431254462512,48.669213251615936,9.850790306273636,619.2378028303234,6.694679917557301,78.29517803918277,26.252232003492885,B,1,32.9,moderate
L-0394,chilli,30.861548510226072,62.88562709618375,11.3961859402491,1061.4585534383602,4.755328317534454,50.88880882254709,120.0,B,1,99.7,critical
L-0395,chilli,21.01851249230784,58.42519548667292,9.149874464970456,525.0072493162294,8.496460740239867,89.27429252055036,12.526173546945154,A,0,5.5,healthy
L-0396,chilli,28.02610600696933,60.31127958853886,8.842273950485632,648.0642486091564,6.74954989716456,75.96283058607337,7.213936198368104,B,1,18.5,healthy
L-0397,chilli,27.54939482873758,76.10800790722676,10.542412519141564,628.9547628781013,7.117177691976753,77.48445324926048,9.890186160073258,B,1,35.1,moderate
L-0398,chilli,33.706894660668674,49.00836982691993,8.007255255905912,775.4490693680611,6.774366345828781,77.42986354015703,25.956634082055558,A,0,32.1,moderate
L-0399,chilli,22.21422419240285,67.88332379304443,10.97579659220387,678.1779694559585,6.07256102269043,69.83764583779708,48.20153547358304,B,1,80.6,critical
L-0400,chilli,29.87764293946195,56.889560105439294,9.957825499754374,791.1333268175163,7.288020826462116,78.47588699194344,30.849145773778236,A,0,49.5,moderate
L-0401,chilli,30.353725968289982,66.74175252357693,9.745749623515515,604.6139638383123,7.612426318006525,87.1168124042378,8.347687679702767,A,0,50.5,moderate
L-0402,chilli,24.844691298771053,53.4593778445407,10.446883791972557,816.709931287473,5.358880394422104,59.29181700936894,47.75761574145547,C,2,81.2,critical
L-0403,chilli,24.365648500633423,54.631277384071254,9.094514709246466,552.1595134945122,7.7553420585916415,84.6151139733337,4.1427380995051655,B,1,5.1,healthy
L-0404,chilli,20.78497703738755,67.67279317445295,9.76350754401159,463.5100901622391,8.489643997602178,86.50034912128187,9.33160398892712,A,0,5.6,healthy
L-0405,chilli,23.88289722942086,67.00275624868137,11.47810542287145,505.86338935343286,4.858963704789608,67.50834392424444,18.45946359152652,C,2,64.9,high
L-0406,chilli,21.5367629629731,56.832846657472615,11.404129653927562,682.131304010568,4.397704914374937,61.881662660350486,63.08710013517915,C,2,80.2,critical
L-0407,chilli,21.858985241234887,59.6302980106467,10.052009200383944,524.5984492747443,8.208868311606208,92.01628648448211,31.802101411536643,A,0,4.2,healthy
L-0408,chilli,32.30485551469006,73.19007351285872,9.447808642726228,716.5791207979947,5.4466849491779445,68.75085236831323,32.765952536253046,B,1,86.0,critical
L-0409,chilli,20.72234158868101,59.622875071124604,8.433303864971297,400.75544007504243,8.539431784625643,89.46569736047573,8.495809750343135,A,0,0.5,healthy
L-0410,chilli,24.640339980136595,55.80755417856452,10.366229978886224,660.418565042189,6.3443654598854184,69.47553913052884,20.06136072602323,C,2,49.9,moderate
L-0411,chilli,26.026821902531168,55.56306077512932,10.122944370528092,737.520568559956,5.170846361795904,72.86316319322594,56.85898384890703,B,1,47.3,moderate
L-0412,chilli,28.035022689352758,70.24996101866239,10.811858283371695,712.4643520993711,6.08121413225973,71.93311600230416,38.85504529441289,B,1,80.2,critical
L-0413,chilli,26.388691173502195,62.04126853589827,8.81240018242867,605.9488861623563,7.142018662337709,83.47775359590953,49.00915801143235,A,0,33.2,moderate
L-0414,chilli,26.204375277341168,63.00999008693526,11.125114994974632,603.4093290893267,5.294390610779292,62.57020790481873,29.215669561697467,C,2,85.0,critical
L-0415,chilli,25.019739915655304,57.690404864956975,7.955568291837923,523.0063494039814,7.493792248237527,75.56472715977611,57.289910230207184,A,0,3.5,healthy
L-0416,chilli,24.99768418998207,61.7690468266809,7.864818097941762,631.5640443080022,8.76057641798682,93.15153993419374,8.439434653596066,A,0,1.9,healthy
L-0417,chilli,25.919363614975325,64.12495978715427,8.845454411754012,516.2283284939359,9.215662210993415,84.84220917296999,25.46260094347135,A,0,12.5,healthy
L-0418,chilli,30.25640762203921,64.93113214069409,10.72241068221969,673.8778404783644,6.4878050319553475,76.0806720100549,43.199556516158175,B,1,79.6,high
L-0419,chilli,32.97481223939136,71.17296294429957,8.70989534302076,727.0799544710596,8.368925681308104,76.97193953493182,5.829241551896286,A,0,20.8,healthy
L-0420,chilli,21.899589113960797,68.47375641852729,11.469191698618113,499.0616780772065,6.758386587195621,65.85469068685786,1.2311802916024879,C,2,55.4,moderate
L-0421,chilli,17.18340705579429,76.01451966726283,11.307877804081336,811.8957337993478,5.028070976690095,63.26062551029836,96.31432652369475,B,1,97.8,critical
L-0422,chilli,26.753780860170156,62.05682003178306,8.861056010125063,653.1529537386957,8.9184142287288,88.6833643706276,32.13888862692531,A,0,5.8,healthy
L-0423,chilli,29.356419021692986,68.26929695032662,8.92577822200802,647.56843640401,8.504476088881887,88.66434617242427,5.178913934932427,A,0,17.0,healthy
L-0424,chilli,31.132906209213736,65.91703750068207,9.15417253771977,702.833898766281,8.724474818641694,80.60201289944979,31.517053588687105,A,0,54.2,moderate
L-0425,chilli,29.65334271845076,73.29087577193704,9.936723786220531,519.3864988328615,7.333000504937459,70.22261148385753,9.471844757860762,B,1,83.3,critical
L-0426,chilli,30.424164884673086,64.64380719578772,9.064469732048597,673.9092891421894,6.612763063696069,76.45086406597663,13.184858752927717,B,1,25.6,healthy
L-0427,chilli,29.636057662590726,62.25946368861504,8.728838550403474,789.1857427214903,7.058006356996018,69.35723377075614,64.56467614490477,A,0,78.6,high
L-0428,chilli,30.288178732524493,78.77777543423402,10.346717403435587,727.5821346498271,5.303573086646998,65.86405368227474,18.85316332294778,B,1,95.0,critical
L-0429,chilli,29.23586563295388,53.66369444545898,8.376788579368089,548.6906420748421,8.168987506015151,82.65315953362057,18.722869340692014,A,0,7.4,healthy
L-0430,chilli,20.843130849429844,59.22310300907738,9.750026115423712,442.9784040332318,7.334000465956515,74.2878974291852,9.165915943841519,B,1,9.2,healthy
L-0431,chilli,26.570457334159283,59.361706947989475,10.626204456460668,644.936792137901,5.4041663127306165,61.046431344109855,22.40303334759159,C,2,88.5,critical
L-0432,chilli,27.911189690976045,62.02172491525236,9.400093578395712,606.0846933632831,6.352335533295803,73.70312972922072,33.74911018385644,B,1,55.8,moderate
L-0433,chilli,29.253216697752002,43.4022253659648,8.862420319518732,487.5831111862316,6.034009144450183,72.86241247142858,18.83475581177082,B,1,24.3,healthy
L-0434,chilli,27.592595449570247,70.51818033889884,11.814363792402627,1061.5314897172393,5.03513847882522,55.66619398178842,113.31397942287975,B,1,99.9,critical
L-0435,chilli,29.03074270636266,52.795099743141904,8.967827082795381,658.6457421789369,9.325803387471865,89.21952102262914,11.566986048690442,A,0,6.2,healthy
L-0436,chilli,22.810740379592715,59.03307157846854,9.522055895874075,513.1218356373105,8.343148451143955,91.46634130139672,11.50170442520565,A,0,16.5,healthy
L-0437,chilli,28.396721331361334,49.942715974054146,8.58647219894798,654.9416983370475,7.729589606998854,87.23873161402592,21.65928332163351,A,0,5.5,healthy
L-0438,chilli,27.970152070714267,65.78032533518541,10.88807030878992,991.7189966215225,5.337703832671303,61.47906972842797,104.4450164987546,B,1,97.8,critical
L-0439,chilli,21.598257531613278,54.13306712500906,9.042250940786449,616.8119756426961,7.42453674482024,68.29030034366265,49.58637110985326,B,1,9.8,healthy
L-0440,chilli,21.435016509814968,44.43438075167444,9.429455885514994,531.0838525620936,7.3722143978706205,79.35285436974027,18.301963049598328,B,1,9.2,healthy
L-0441,chilli,18.178779428955444,54.996854394790894,10.289925046155396,566.2078724241068,5.371215906686026,68.23959284222042,18.31477642809598,C,2,56.1,moderate
L-0442,chilli,26.796121019583442,49.18911607841604,8.01809360222309,509.26325099327687,8.159195075023073,92.26916742067192,11.148692519539416,A,0,2.1,healthy
L-0443,chilli,24.93119483221825,60.069880702318045,9.538524052812072,628.5169781382349,6.0929947697818445,75.11672589851301,21.135522693382974,B,1,40.3,moderate
L-0444,chilli,22.640270275796702,58.101642068255316,9.21277116056374,487.4537517563807,7.706463969676017,86.47891077444127,24.897950178902086,A,0,17.6,healthy
L-0445,chilli,17.65386295909417,69.39683448867656,9.808609611542247,526.759931728142,8.486168768866916,76.61042619176426,47.96652249937089,A,0,15.1,healthy
L-0446,chilli,28.987526765572454,50.70867221242248,9.037643655346745,765.1762307851691,5.0373685517679,74.48993883515894,40.9417396053559,B,1,33.5,moderate
L-0447,chilli,26.10027526664897,50.35917743641878,9.848377701208848,527.2018204904805,4.473941712406579,65.25400594120593,20.55606555106355,C,2,75.5,high
L-0448,chilli,21.328828189450945,60.077192234932696,10.266463420592174,736.8528865591827,4.942510143488678,66.88661441570574,79.47325956482453,B,1,94.5,critical
L-0449,chilli,22.664819672473246,69.78460850575723,9.020370500956815,671.7233628553344,8.640733344620521,84.73048708720312,16.190053785335962,A,0,11.1,healthy
L-0450,chilli,22.817104608404744,74.91831331911989,10.021355530860278,569.751486991728,6.912723443819588,76.4196946302901,7.058176372495297,B,1,31.1,moderate
L-0451,chilli,29.658371289127356,51.51313303631774,7.847201890112686,619.7314309706392,7.9007816511797975,83.51851645709084,34.96637962283588,A,0,9.0,healthy
L-0452,chilli,27.26622211426022,61.02839138490017,10.190571336044473,732.134796719141,4.613026127604468,57.88784962205876,61.290596205205425,C,2,94.5,critical
L-0453,chilli,21.756551913629515,68.68248363439254,9.681666428811278,552.9834147006395,5.344693477799452,74.64657882912978,28.31588694488869,B,1,5.7,healthy
L-0454,chilli,24.51759490634379,80.96287975610277,10.2904105964373,618.0184906462401,8.940999211063607,92.31185127917207,8.793882778219258,A,0,33.8,moderate
L-0455,chilli,28.663012143990795,53.7660887916974,8.576618018250578,596.7504308540265,7.505672550181639,80.57949707087464,32.83964909126894,A,0,16.7,healthy
L-0456,chilli,25.460323445941032,56.02039081147075,9.563537034043428,575.0297817856427,8.298681503894061,78.69584495888324,36.05232649435635,A,0,36.1,moderate
L-0457,chilli,26.07924154414311,62.964850742754216,11.684177653405499,740.9686751280906,4.6005928056025445,64.67870050595774,38.934742434944376,C,2,88.9,critical
L-0458,chilli,26.91586312238588,53.48836703292993,8.539543854040566,532.3209254013586,6.302002010445534,74.19292409310712,33.34825471496006,B,1,5.1,healthy
L-0459,chilli,24.319579378487482,50.55744327390218,9.164325298244545,656.2931055341077,5.815060795781599,62.35946240562431,66.99309767222995,B,1,66.0,high
L-0460,chilli,24.226365798363137,59.778688362420546,10.402734051137024,538.3650849284204,8.045712863213915,79.0625032673103,10.88822112681009,B,1,35.3,moderate
L-0461,chilli,20.43937817237757,71.19374013048252,10.043387032459963,449.91425318312787,6.422028522429052,86.00085282481112,0.5088947917468165,B,1,23.7,healthy
L-0462,chilli,28.403872841442453,49.31520262958375,8.382765261476743,490.9428620748961,8.127764874625178,88.37585126104744,4.148736036657099,A,0,7.1,healthy
L-0463,chilli,26.46350455172003,72.7999980302054,9.453889644504136,583.669471093365,4.616585000474441,63.97394504271612,8.663297627052515,C,2,54.9,moderate
L-0464,chilli,26.379785832113786,56.121277625794065,7.364489934218993,684.4234286737462,7.5320057671322616,81.79450713383456,54.01800765948555,A,0,7.4,healthy
L-0465,chilli,25.232889538454724,64.5757733502822,10.92904580341122,566.3077327494279,7.59583204657607,75.97430081037169,22.397812038145208,B,1,69.1,high
L-0466,chilli,27.644327312615278,71.13838832705174,10.684863038341271,972.5827562870138,6.3856701593991705,65.3901728613294,83.7794333151568,B,1,96.2,critical
L-0467,chilli,24.636773266223294,59.65860673439132,10.780048257512028,568.6446884675246,6.833954043780909,76.31531163819658,10.116517876746295,B,1,38.9,moderate
L-0468,chilli,25.679599935410927,56.63659941668737,9.218107079090018,720.1400196852414,4.191266319146039,50.18716426328991,82.63516716966531,C,2,89.1,critical
L-0469,chilli,25.09805383853834,64.13821843341131,9.442822110815507,655.5329626918947,9.196147730739007,87.47342731521448,13.321297852799415,A,0,10.4,healthy
L-0470,chilli,31.990560084127917,55.80026776042918,9.139375788586195,656.7854355676726,5.204132856731429,77.53195540823765,24.86150388376125,B,1,51.6,moderate
L-0471,chilli,31.57074084010294,69.77922047357613,9.26630770195398,633.0908624632192,8.654384679438651,90.15951187787263,5.224155474305111,A,0,48.1,moderate
L-0472,chilli,24.23651000184085,53.55780669896739,9.386851349356649,714.396057576937,6.014554772415602,68.2355076270798,75.245775359195,B,1,72.4,high
L-0473,chilli,30.55182114218516,73.81956935473538,9.982086804596825,725.750913156131,7.92625604651365,83.83182143643924,27.664001865371013,A,0,64.1,high
L-0474,chilli,31.26672417145857,48.31854391712532,9.356007654808797,943.7206037561627,5.402721582462728,63.21914487519379,116.7016098048225,A,0,95.0,critical
L-0475,chilli,21.706061212499723,53.83702023221069,8.402056109806654,613.5473207457466,8.145414741309153,73.34800973274443,63.277329657166355,A,0,10.9,healthy
L-0476,chilli,23.303259025668705,49.92464262817918,9.421233981572065,558.8794951772353,7.079979322486067,88.68940120859428,24.366820322530874,A,0,6.6,healthy
L-0477,chilli,24.295376176814404,61.34301266903105,8.55885912682847,516.7294609534027,8.411942026725775,87.52118065138686,15.36689770477078,A,0,0.8,healthy
L-0478,chilli,28.570955255047405,51.21965142814162,8.76505533918229,788.9452381141984,6.375226523128334,62.46943207040415,55.72990362976872,B,1,66.3,high
L-0479,chilli,25.98229291213072,50.526265758968286,7.915953175045534,526.0288872346412,7.4456227383980185,76.88358821266934,30.002068940196253,B,1,7.9,healthy
L-0480,chilli,23.99433533027319,49.5632874255455,7.805087543446511,532.8415375202525,8.019709999604924,90.63972155514408,14.630203156927886,A,0,1.6,healthy
L-0481,chilli,24.974168062927777,70.75854532834718,10.236488814632478,633.7977056329745,7.760613980907352,84.83835259557652,31.725730955601318,A,0,35.4,moderate
L-0482,chilli,27.398362849506782,45.99563823732031,8.686854456875892,549.6214597214783,8.303960270358047,90.18180645294905,3.348929295176211,A,0,2.2,healthy
L-0483,chilli,21.88489233640749,46.43736531801525,8.777287587643324,642.5589802733009,6.983929981553934,68.13166852920021,39.490009257485156,B,1,13.3,healthy
L-0484,chilli,23.17849556686377,67.85269013856339,10.298982179402596,563.3143608753717,8.489412843200327,81.25274116817957,45.22611469178376,A,0,27.8,healthy
L-0485,chilli,19.667904206490952,74.6609902988018,9.975968235067207,507.4745268880664,7.766649231184084,85.9555743733935,9.761751268515438,A,0,46.6,moderate
L-0486,chilli,22.265165410537847,64.9059434267895,9.02569137537961,606.6368892763774,7.084759677685772,80.76603310759445,68.24833719480382,A,0,7.6,healthy
L-0487,chilli,28.851107124168564,65.90900773203603,10.380057069450357,753.1967153555541,5.601752197547798,71.2496167694466,58.48404822844321,B,1,88.0,critical
L-0488,chilli,27.53973505791277,80.60220824079452,10.334823555292342,603.8300073584768,8.731070565875726,84.72970658416676,36.847546305509034,A,0,43.3,moderate
L-0489,chilli,24.005176295896934,73.62054310124293,11.088011025650458,530.3807629233887,6.72929355283785,79.40020971067396,12.421784574158805,B,1,74.7,high
L-0490,chilli,30.473337069798482,70.90313045750845,10.604853760921397,735.4425537576667,5.988719859660062,58.11752922812531,47.20893181712883,B,1,96.0,critical
L-0491,chilli,33.95276996437898,55.73443606756543,9.212746271558057,804.0883931611268,6.372536292292006,70.59200960742861,21.39257034062464,B,1,79.2,high
L-0492,chilli,26.867888708450348,64.78860585763954,10.392306248548605,680.2749533049458,6.305875915452706,77.12709671400633,33.992781953870306,B,1,83.0,critical
L-0493,chilli,26.787764476779195,48.63746122547187,10.127002842768276,745.3889076274827,6.383536865361296,68.14127820297007,50.50455225409019,B,1,83.1,critical
L-0494,chilli,23.165674995211138,54.38710666929771,9.331371698120877,444.6489497155967,8.655401616695865,89.75378592252459,7.195822616253086,A,0,3.4,healthy
L-0495,chilli,27.26936977416877,73.33215326409987,9.192691827862568,605.5354145089593,6.863478012407067,86.6224863895501,4.960560391820232,B,1,29.8,healthy
L-0496,chilli,22.84077770236658,73.97448185813035,10.254156752825288,653.3545581085253,6.647664132339614,81.58900210444489,19.654968559938926,B,1,37.3,moderate
L-0497,chilli,30.95671797434495,62.53990872812877,9.451583219833328,984.0380742911477,6.421914586277779,63.89206284031193,103.67981350939958,A,0,97.8,critical
L-0498,chilli,29.99398156116749,38.50294379418394,7.676941386178849,785.7006446547073,4.896391074598717,50.843633587584804,119.95260754322233,B,1,92.8,critical
L-0499,chilli,23.960186129715254,50.21686264086922,7.419045378640668,557.3896308221248,8.577315478108964,85.28418546554903,38.82989597178001,A,0,0.7,healthy
L-0500,chilli,23.46402392528309,51.80633363949894,9.745198746036753,700.1451598097647,6.220982569169232,69.34948331204362,59.639285887103945,B,1,29.3,healthy
L-0501,chilli,25.855672987210745,56.68688822553753,9.482709325976716,584.0334968836108,5.630605086926458,79.98550955435012,28.59417596903139,B,1,38.9,moderate
L-0502,chilli,28.082892916116243,48.31803995450382,9.676048850272279,815.1147715157424,5.529776987029029,63.177439184162246,31.747766342406177,C,2,68.8,high
L-0503,chilli,30.549770867444636,56.66674682915829,9.338458931641448,641.4760525101368,6.038272051780794,66.04719544789802,24.837534505012577,C,2,57.7,moderate
L-0504,chilli,25.493877623012267,79.23578462094828,12.29986712766809,819.5250408424063,6.323192144190364,69.98352950159995,64.77766424584041,B,1,98.4,critical
L-0505,chilli,33.25047427042883,63.10729827315802,9.653882249603505,874.3841780279547,5.015179203121096,52.125297780749136,84.42927210178529,B,1,98.8,critical
L-0506,chilli,25.628604952753104,65.45078857427949,10.60728689760224,655.2644295427907,6.189189536586846,76.06052782983998,31.170886275082108,B,1,82.0,critical
L-0507,chilli,35.55862467502879,51.46004997566007,8.462882513200071,831.1838717798162,8.029001287094676,75.68568861287746,31.639752514999074,A,0,60.4,high
L-0508,chilli,27.474053832123776,44.98354991378042,9.562194939724739,640.4835690675063,6.110278319026764,64.29077820336224,25.892400037330052,B,1,39.2,moderate
L-0509,chilli,19.243962271199102,49.42089362897304,8.736639824154587,666.6168127683155,4.829896290528316,56.385479053031744,85.88377301333296,B,1,45.6,moderate
L-0510,chilli,37.19062195841738,41.010608075568705,6.209485535625802,707.6465995270637,7.01035528710924,69.69326883246806,54.471358673332816,A,0,10.8,healthy
L-0511,chilli,27.73556924211185,61.689548928585666,8.308190871854423,657.0581595521076,7.608629291583909,91.12665052545113,12.143500050607466,A,0,5.3,healthy
L-0512,chilli,27.77685388437029,66.00254012861112,10.060143227027007,902.8104243985626,5.899404297335717,57.92191464638683,101.57190719010218,B,1,98.3,critical
L-0513,chilli,28.692032124461754,54.284941705164556,9.19950497292749,560.0791123840005,8.261316476870137,92.877646653196,1.8041568629558846,A,0,4.2,healthy
L-0514,chilli,22.612344700124122,57.27475180304872,9.369050023888063,595.387731414982,7.078942414812641,80.84791312337804,80.12219577337034,A,0,35.0,moderate
L-0515,chilli,19.550157214535304,68.66400373936162,9.61774611080154,632.4932869114716,7.408312115495579,73.37243281993044,61.17614020573759,A,0,64.4,high
L-0516,chilli,25.735001258903093,76.00882050588262,8.422822824562964,584.9470976052065,7.607852170668841,81.90063651555327,31.24696541393314,A,0,52.0,moderate
L-0517,chilli,31.03331378710758,71.08768023072159,10.732564469141646,607.4176235962676,7.013837721314,84.67673314581208,30.65257216337147,A,0,91.4,critical
L-0518,chilli,28.104783673451298,59.08936164511565,9.046566952882182,698.366852020818,6.363840902678196,71.97687257989517,26.965117699051,B,1,72.2,high
L-0519,chilli,31.97937569878666,64.31885247564169,11.131556642544998,631.2739055450463,7.484499192616158,84.42574713631448,12.710282468001239,A,0,82.1,critical
L-0520,chilli,30.521731022435322,67.80747145231052,11.048670493041271,1092.1578961223968,4.738225980897228,51.954558733567076,96.1946521429594,B,1,99.6,critical
L-0521,chilli,24.09046555934002,39.88297884652412,10.433535192596008,697.4075619403388,5.744016884936058,68.36011142282443,29.93852826285591,C,2,24.9,healthy
L-0522,chilli,33.16367292919136,71.08396795462852,9.962930320958113,628.5880376313337,8.586651803923003,80.98509018406172,12.492106415821917,A,0,35.9,moderate
L-0523,chilli,32.132632574445104,57.90557177059821,8.914074297143337,968.8979965294882,7.0847601005867755,70.10156070597935,92.28234467152708,A,0,92.9,critical
L-0524,chilli,26.032723243166163,58.22296615372372,10.22385304538539,777.2334826988654,7.2470924673835215,70.12148845995262,42.122347913202375,B,1,88.6,critical
L-0525,chilli,24.31508459658371,53.65594263015393,8.450385779204469,590.7953123079245,7.02674851759091,81.11614744381546,44.00652216018743,A,0,9.5,healthy
L-0526,chilli,24.98615541639158,65.1402554337266,9.526296127494247,799.5135610348323,6.0449587244070155,68.1646681193146,106.543431367673,A,0,92.6,critical
L-0527,chilli,18.8483022750327,51.95098241273738,10.410600762055463,478.3348294002518,5.130252494997928,61.05482438305635,48.51965017789847,C,2,44.3,moderate
L-0528,chilli,26.741718077888645,53.89763124349264,11.40209331866185,635.0563695885942,5.187203948444978,66.72291085624829,17.577957718881937,C,2,85.5,critical
L-0529,chilli,29.45312981765619,64.4760387619973,10.646842128787599,703.2504471408631,6.565520401394899,69.74740767254328,48.46606714833616,B,1,67.0,high
L-0530,chilli,24.47756361940253,62.98960120793818,8.653709800211844,570.4073400529783,7.921264875815483,88.33304844369154,13.82875142565349,A,0,9.8,healthy
L-0531,chilli,29.526642737229757,63.917036885405295,9.914414982966104,614.5337029718107,6.572951748778671,70.36016258864586,20.603843971060737,B,1,76.2,high
L-0532,chilli,27.199898838515892,51.95265835814327,9.308882786284887,617.5420272959354,6.776467136070225,70.97773079587151,37.89176089303014,B,1,38.3,moderate
L-0533,chilli,18.888829346012965,66.63693693571378,10.524764316905427,616.7496303435535,7.659169429535249,78.18591794903381,59.00397259288232,A,0,44.2,moderate
L-0534,chilli,32.520519790796136,71.41653977232073,11.070492899960309,615.877891229047,5.8103094048836565,80.36384805665477,18.482050662943173,B,1,82.1,critical
L-0535,chilli,25.82410557339621,73.70673631606698,9.92581479296935,583.0246614056844,7.931821002032172,81.33828918750368,26.337516357895655,A,0,28.4,healthy
L-0536,chilli,21.83233372802269,61.84211849514678,9.40789653490944,509.1178981573483,7.722969095588784,92.46290292604951,26.112152605304527,A,0,4.1,healthy
L-0537,chilli,33.26968006166327,66.81367400892643,10.513774896580955,878.0081867519648,6.189614562499866,57.83763447034679,66.30009751910694,B,1,95.7,critical
L-0538,chilli,30.1503431367387,67.21294495941474,9.708092082134103,695.066613120429,7.861819110047597,81.55103262468712,30.621620209569915,A,0,19.5,healthy
L-0539,chilli,25.899577064616167,84.96221892410799,11.093673537162939,869.6839888281511,7.242722832818797,66.10747799222388,100.66143965837514,A,0,97.2,critical
L-0540,chilli,27.04790654585174,71.25365693330694,10.101873761779176,681.8336881504202,7.074625581075315,77.09688982998114,20.59025196009182,B,1,43.0,moderate
L-0541,chilli,23.438187437159385,61.01422673418374,11.463538585131232,563.791384926877,6.339936945044793,68.73572403405375,19.195488510407667,C,2,66.8,high
L-0542,chilli,26.03360848677209,48.41932678723275,8.508412517256776,836.563890307021,5.191125775864085,68.4867287502607,79.13242147787099,B,1,42.3,moderate
L-0543,chilli,31.255645737498515,58.84029877505765,9.780291888699985,770.8081145881317,5.464282682669357,70.23742985260583,45.65117217502613,B,1,75.2,high
L-0544,chilli,23.670000464878825,54.78729015892322,10.551773623074826,790.7245438199822,3.8768258835108877,55.075829420272214,77.12050427218203,C,2,95.7,critical
L-0545,chilli,21.001717898757793,64.17280140336608,9.150545622119763,457.5079374025063,8.681012950813258,92.05876375184928,9.411383844512455,A,0,1.5,healthy
L-0546,chilli,27.03804051982059,58.82173467506493,9.305715462207608,674.1893603581066,5.9832011895052055,88.03826997308067,30.057312330165253,A,0,59.0,moderate
L-0547,chilli,26.060896830116597,66.5348661173856,11.264289295903442,687.2875883294527,7.540107510835854,81.8799600347655,37.85468345491154,A,0,63.2,high
L-0548,chilli,28.233965659700353,46.65553054162422,8.02623221719513,700.9608522399687,7.460458483108564,86.24550012462333,35.8826996286725,A,0,3.3,healthy
L-0549,chilli,24.741970528219607,41.48333645622038,9.432777502841757,692.4818520545765,6.505711920430921,75.55006529527986,26.680394516391935,B,1,25.4,healthy
L-0550,chilli,18.380785010244857,59.243159852327175,8.36038202913997,472.434473519028,8.391011658085691,81.71392042770253,35.33877061430428,A,0,5.1,healthy
L-0551,chilli,30.614459110672932,55.561667303410445,10.368081847086456,764.8849567871507,5.626799226551269,69.3909149082078,36.773401096521475,B,1,88.6,critical
L-0552,chilli,26.290347784939712,49.18486067067414,9.2479901281285,625.7100370017478,8.6693443551219,94.43208456695275,18.738249013590988,A,0,13.1,healthy
L-0553,chilli,24.44189454413602,53.91622284494943,9.86353575161712,754.8087209120448,7.552176194233496,78.00200931190045,64.43777399906692,A,0,25.6,healthy
L-0554,chilli,18.538237117835124,57.131834525445846,10.04593925805874,725.2618247926423,3.427924216827768,49.09355622408414,93.02335541703549,C,2,97.0,critical
L-0555,chilli,28.56138336300259,61.082716285424404,9.319784671143417,701.6995797953264,7.87148524369331,77.6965807526442,51.463207973123744,A,0,37.4,moderate
L-0556,chilli,26.54735599691284,56.87446107410708,9.470779667465617,633.7319123353722,7.061189186293473,83.53511330599845,41.139357368557874,A,0,34.3,moderate
L-0557,chilli,24.015025254356,57.29356293628475,9.604928441816087,558.3389341849404,7.007337030528388,92.69379379793558,28.570061013153843,A,0,9.7,healthy
L-0558,chilli,28.24772780287324,51.32748732353808,9.85390646868865,637.987082450832,6.0171255787907665,66.37010854919164,37.621278246716834,B,1,69.4,high
L-0559,chilli,16.8890509649242,68.89816771975597,11.39330084969206,564.1786920497142,5.826430446914431,74.7738364311489,40.50892937838787,B,1,55.5,moderate
L-0560,chilli,23.906023013505962,70.00248578275504,9.35527980244625,493.74462251680905,6.079179809972662,78.90427004740076,12.754560877335225,B,1,17.3,healthy
L-0561,chilli,24.354416087997453,58.841957379886,9.673434063925749,738.7976370047402,7.164437032891021,74.81885685792163,62.24597056101942,A,0,56.8,moderate
L-0562,chilli,23.57148837316938,66.45364639091056,9.287634501111905,565.9059484937495,7.644190186379748,90.0333910156062,21.784938640327795,A,0,18.0,healthy
L-0563,chilli,24.986157681021684,57.226900208369656,9.696386854098296,798.5546269968471,5.15073811209218,63.26662365335017,82.01469561790505,B,1,83.4,critical
L-0564,chilli,28.940810602700232,70.00894216794973,8.869709811879638,653.8918878650624,5.91633820702234,71.37476951166948,34.45822369178734,B,1,52.4,moderate
L-0565,chilli,31.336697646797813,59.28890898444468,10.5775666798685,845.5433800757486,5.906948797665714,71.1479573363538,63.00062420742622,B,1,96.9,critical
L-0566,chilli,20.775948796875618,68.6816168069636,10.102627331574814,620.8532580734404,5.726351174001026,71.30904870700758,50.918995230216964,B,1,48.4,moderate
L-0567,chilli,24.620570031585387,45.28871032045706,9.584207958532826,586.8542347862669,5.9297369239488,75.5199745266603,9.536050427237402,B,1,14.1,healthy
L-0568,chilli,29.87623653423128,56.865405747314604,7.966161156712006,747.1198459876136,6.1550844620727725,78.18668130924368,77.08001622404883,A,0,67.7,high
L-0569,chilli,21.30384644797574,63.974690831951946,9.763437598530889,539.1062197453261,8.044740802137738,91.15219348191516,16.063104170962482,A,0,10.2,healthy
L-0570,chilli,22.992793355135184,59.42652390301175,10.318856331761797,482.8266166939691,6.788484638336032,75.33712200965208,20.579654233747238,B,1,25.1,healthy
L-0571,chilli,28.38045720693731,51.11971399723697,8.300166913565889,662.7171158025386,8.368225534874112,83.3530743147924,22.137500929998073,A,0,11.9,healthy
L-0572,chilli,27.866965890883144,47.392991680639476,9.236985229355385,540.1586663897655,8.066479699851966,81.2967288906857,6.277647484325144,B,1,5.6,healthy
L-0573,chilli,27.75206441029041,67.79538191548298,11.250480639281559,644.9729369475226,6.214097602053277,73.27395718117843,35.67799877530826,B,1,94.8,critical
L-0574,chilli,26.93822004702573,55.11258220901597,9.652705811692428,691.5376951573727,5.331526853208285,59.64940539236986,65.7568810957869,B,1,74.3,high
L-0575,chilli,24.284970393568592,49.049162029367004,10.287080518621577,724.7996883004023,4.869448215343501,50.78321823480514,80.65929526515247,C,2,93.2,critical
L-0576,chilli,22.978505881005166,67.10161813406063,9.807627975155395,547.6067004887079,6.685927891870027,83.19828578795672,26.674753207287118,B,1,32.8,moderate
L-0577,chilli,28.507634477066144,62.949931217106965,11.42685210693689,781.1859173458536,4.781822295254073,63.45306411502413,30.41737800928537,C,2,82.9,critical
L-0578,chilli,25.955606899500264,57.389748453498484,9.629855323767366,665.9300111595904,6.750918664300858,70.00958512291494,53.440347436322,B,1,62.6,high
L-0579,chilli,20.983683166096608,56.178387230248234,9.732593291598214,417.02464190484307,4.553982297898862,65.94613060706655,27.271318657592346,C,2,26.4,healthy
L-0580,chilli,25.851649483041115,61.05000170100701,9.981617124361945,791.7676991923746,6.896754851033143,74.29197553317208,69.87396326428309,A,0,86.9,critical
L-0581,chilli,31.82626492088044,65.24318812535833,10.895486958796273,658.2320383312282,6.42226693427265,69.73034564991457,29.262215895109726,B,1,96.6,critical
L-0582,chilli,21.984824524564225,39.63834431735165,9.729719578164918,568.3183296312754,7.202581203290667,72.52486455805239,14.15878655868385,B,1,6.0,healthy
L-0583,chilli,24.011323856830693,43.4340278108494,7.841234884751078,562.9540232142666,7.983728732611366,79.55896828834149,36.37918706470227,A,0,1.7,healthy
L-0584,chilli,24.49159065343916,55.04054842595143,8.18827755710993,510.3467915319902,8.866968543477828,91.0108899900718,7.673068073315237,A,0,2.3,healthy
L-0585,chilli,19.372731749518778,59.659796401205085,10.900693527901485,649.3326089790957,4.702262078186878,60.74608696280916,36.01600612707407,C,2,49.3,moderate
L-0586,chilli,32.7663696287929,57.07770857457702,10.306397169335312,810.5050831144911,6.536156493619749,68.51517826518133,41.25484398735411,B,1,95.9,critical
L-0587,chilli,25.927466339454966,65.25901884995334,9.90759389274759,507.9245988167333,8.07818632969015,80.60412118567223,16.133749015919232,A,0,20.1,healthy
L-0588,chilli,21.783119698048026,73.99176181417195,10.255769556865507,548.3783992977937,7.895921554578071,85.39254595379005,40.07024690990523,A,0,58.2,moderate
L-0589,chilli,20.691719927986156,64.82525310778925,9.351433063500526,425.1378485973022,8.378198804297211,88.25251409995288,24.707988020010415,A,0,6.8,healthy
L-0590,chilli,24.29052703580746,65.27662091515201,8.111693788318448,699.9957526593752,7.972335511000473,92.3049245220715,15.54675144962416,A,0,5.2,healthy
L-0591,chilli,25.48363620979295,65.88491425981536,10.59046754359625,494.0044279697021,4.791923809944447,68.31744018985415,6.586144528064991,C,2,85.4,critical
L-0592,chilli,33.44935279556734,55.1388541452922,8.24643605293164,725.0620957071699,6.655189392736335,87.29717468074178,8.608654430457198,A,0,26.3,healthy
L-0593,chilli,21.481243113115582,48.102747563672075,8.88298664247481,690.7854950268038,7.332667819283357,72.62736537747405,87.705303805581,A,0,27.6,healthy
L-0594,chilli,19.54694774842362,51.1606115499603,9.847984749476023,454.70070388808085,6.523648613253719,79.09116508390422,23.90039441922515,B,1,15.6,healthy
L-0595,chilli,29.52741621188532,49.647843207110185,8.105422759971777,682.1097979881379,8.210664378248229,83.5388257312576,40.51861298072617,A,0,13.4,healthy
L-0596,chilli,23.120833890426706,53.51795883686439,9.809732825121207,558.3209739416917,7.914286973216996,85.10385183351845,26.50005605549376,A,0,6.3,healthy
L-0597,chilli,25.59110935424523,61.30928156066591,11.21443666018043,936.6624024850202,5.44486028146191,54.744959132226654,89.17821287375335,B,1,99.5,critical
L-0598,chilli,27.892856472806816,48.15802092602083,8.088198524166966,643.0866254564386,5.85816879790686,75.7564716369644,15.614013397313999,B,1,19.3,healthy
L-0599,chilli,28.419232495817436,62.08484180311008,11.288816717096859,660.9885954575609,5.009150237403607,60.87662713278084,32.460073914939116,C,2,98.8,critical
L-0600,chilli,27.928666255446565,55.68144257002073,9.212607712581619,532.1643740173364,7.268382280311743,74.51320706742091,20.461717347027026,B,1,12.7,healthy
L-0601,chilli,19.666445806346346,52.661721905388504,8.05777103976072,525.6133364950085,6.4985436379868355,68.32310341586133,62.52277415180367,B,1,9.3,healthy
L-0602,chilli,20.413184029361062,54.1893171028375,9.002893925307097,433.49960003461297,6.910571287571399,74.4368866789019,40.20144381120117,B,1,4.0,healthy
L-0603,chilli,22.692594152120773,51.940632761740844,10.64688361416694,585.8665349705313,5.445148077724336,64.5262436067354,31.552146318158368,C,2,66.6,high
L-0604,chilli,21.76473162949363,64.85584115496968,10.589145626483658,505.28841969854705,6.793787003648922,85.97123942708683,9.827245286991888,B,1,11.1,healthy
L-0605,chilli,27.868301956668116,58.92828209584821,10.984241360384845,949.8831034999681,3.5933033225684796,51.801169364868855,116.30323539840529,C,2,98.3,critical
L-0606,chilli,19.20215662937793,69.72133356333039,10.95014076974478,464.7904156293898,6.41094910532296,71.91137245314519,27.113806509483663,B,1,54.4,moderate
L-0607,chilli,24.72582785951872,55.872630451479445,10.313830401617661,558.0628602099874,5.9349703301898495,68.95975479645313,13.362711519712313,C,2,24.0,healthy
L-0608,chilli,26.83014624375843,57.43479448164234,9.265646899697796,522.4414775269153,8.188008473204768,87.0288732497799,6.619175755620995,A,0,10.4,healthy
L-0609,chilli,28.133949107333223,79.74437007527214,10.155396520717664,574.8485325151167,6.884382641670302,77.21900833446263,8.315117756283636,B,1,70.4,high
L-0610,chilli,27.829395136697574,47.52895033709411,7.77586224769133,606.3668921199297,7.708547297697804,82.30768341710315,31.31951771894824,A,0,6.0,healthy
L-0611,chilli,25.033757433341854,75.2607467584214,11.038244192121555,783.4257809951202,6.471333014845108,60.6057060464604,63.205186708393946,B,1,96.8,critical
L-0612,chilli,22.002842746915697,81.87606123267118,11.649479851753936,603.5632688695597,7.013349954899857,71.10359624948195,38.25437235119601,B,1,76.3,high
L-0613,chilli,32.73437820774035,69.00114078642433,10.986195166947015,621.0988603989347,5.291109079912601,62.01661137908492,7.0477159849533315,C,2,89.5,critical
L-0614,chilli,25.6234371918318,55.64188812144651,10.77184829815549,531.3295541300251,4.547535298605222,61.677478205785256,31.269102486953017,C,2,92.8,critical
L-0615,chilli,31.17129397317009,74.37758778911709,9.963239222267882,864.1696150971328,7.474960773693878,72.19022931489711,76.62854737580706,A,0,88.6,critical
L-0616,chilli,24.98962846023982,58.51060301046126,9.248314659932523,591.7518366024299,8.300681139607775,75.20876540282872,23.230433409702233,B,1,7.2,healthy
L-0617,chilli,26.48403638888859,55.488461809134655,11.017489228067182,677.8099291135375,6.355165820726165,83.25933863352152,38.34002947099705,B,1,76.1,high
L-0618,chilli,26.67207001856505,60.99063364398714,10.327217930600543,740.3094223348581,6.97744489058516,85.5562830193984,24.07200126425305,A,0,30.8,moderate
L-0619,chilli,28.15259092540903,49.815921820981146,7.256368167089838,663.0990522980387,7.065485304113754,80.15325567033419,44.73111980155397,A,0,15.6,healthy
L-0620,chilli,26.946734161574074,56.021905849712965,8.82672225665167,576.7206217233963,8.15299178839279,89.70988321043649,15.396295742627125,A,0,21.4,healthy
L-0621,chilli,26.700505170879048,75.54132111115503,10.351347690333737,568.9102043728118,8.096797630439799,81.26668375140402,0.3140740711880127,B,1,45.0,moderate
L-0622,chilli,33.9891509219828,54.74317681621459,9.050392375809869,798.1152542761747,6.173393464853686,78.24650469821447,10.411003833164184,B,1,44.8,moderate
L-0623,chilli,31.257566183259808,61.50958234337705,11.38535147275855,704.2952286477542,4.850474234298593,66.5100398387194,20.875909550102335,C,2,88.6,critical
L-0624,chilli,29.604887130914154,46.28111857363226,10.556909237508593,554.1972128386735,6.5155087978112896,70.80694772369696,28.884241062346057,B,1,22.4,healthy
L-0625,chilli,18.802182405938762,60.29626810519284,10.587940137586036,535.0368390950327,6.068608365568412,69.76921070305238,21.5823453555783,C,2,23.9,healthy
L-0626,chilli,21.99792360049158,51.6905220794398,9.01307580079875,483.0232241640397,7.57623405125192,88.22964677356582,21.222556127257754,A,0,4.8,healthy
L-0627,chilli,29.099844936984944,51.276284771983875,9.758344258059326,670.888061260709,4.870918277285409,61.15485162678798,63.57733050817994,B,1,87.5,critical
L-0628,chilli,27.53468804389746,61.17853799914542,8.453608134233901,684.3780118598665,8.365539531161815,88.07847513323004,12.116273706238289,A,0,10.3,healthy
L-0629,chilli,24.30671953764875,71.39275610143827,11.225389464481873,722.4480010796029,7.336048415641439,80.50978425713437,31.431250299090838,B,1,60.2,high
L-0630,chilli,23.80628134083595,66.65889311208528,9.316603286208874,466.81047960409404,6.5038076294919644,78.19977338504088,7.546205138142323,B,1,14.8,healthy
L-0631,chilli,32.29164039710218,66.94202948515178,11.67348405404279,785.45441724755,4.642144267967732,54.69858130095023,51.48780292459033,C,2,99.2,critical
L-0632,chilli,27.818851011962792,55.75769938440853,10.802804620030258,709.4636153256466,5.797459881262163,69.24426390983209,37.52232064547453,B,1,84.8,critical
L-0633,chilli,28.398877759870338,59.47604174416898,9.559659264129598,885.0259711733725,5.911858713728378,60.72797529977098,114.80852827276907,A,0,90.9,critical
L-0634,chilli,25.309928022319315,72.69602559569681,10.352251725027065,553.1374747788304,8.829204815413958,93.38948369363443,11.670683401565311,A,0,15.7,healthy
L-0635,chilli,23.06484741583814,54.85152528324657,7.634455183278656,657.5037049263059,6.784655170869321,73.1501531069829,92.08709719861962,A,0,10.8,healthy
L-0636,chilli,26.567859088107888,72.0083472339767,9.67249326492181,556.0823715661709,7.947783072947869,83.6546486085061,13.23537736982173,A,0,34.9,moderate
L-0637,chilli,27.841017375746155,68.37163655067177,10.491265360572404,555.9748218275759,7.51084691303289,72.62408997376038,23.083387418890872,B,1,35.0,moderate
L-0638,chilli,25.252546390334196,52.3382310943867,8.9789100080833,593.8366436499026,6.433268502693296,78.37196428569843,8.92707684239527,B,1,12.7,healthy
L-0639,chilli,25.62889415077753,51.82651608387155,9.702387346907345,976.4506556792105,4.470114250176651,55.75462961437794,113.81580187791806,B,1,94.9,critical
L-0640,chilli,25.521486140784766,59.22640419953996,10.718603916238136,676.7888319620174,5.466478397217036,64.2605859890453,41.8470145881377,C,2,82.3,critical
L-0641,chilli,30.08333981264405,51.71876603144583,10.324528700852044,737.4583926398868,6.4815893159014975,67.00091789953467,42.17778148028724,B,1,66.3,high
L-0642,chilli,21.270476451582702,55.47778705503259,10.163726852375778,551.0955034794458,7.602427907693175,73.77690238606412,14.394577878720977,B,1,26.6,healthy
L-0643,chilli,27.922641216860328,75.2262322029611,9.349985162990373,561.773062132913,8.058318455196185,89.50755144301068,2.123474695918532,A,0,12.4,healthy
L-0644,chilli,24.289394217246127,55.54170000269187,8.817275886556107,672.7122341905244,7.142644723636081,94.35767601359007,22.30834001496465,A,0,7.5,healthy
L-0645,chilli,24.434099891684543,71.82800840400053,10.18355777548538,495.0870651477787,7.131186696712258,78.56062992421472,18.929739321885986,B,1,19.1,healthy
L-0646,chilli,23.884296709120427,56.488254713813255,11.964110804469207,570.0043582862118,6.161086156772199,66.11703862777343,4.455028995772799,C,2,81.4,critical
L-0647,chilli,24.729054223887797,81.22716684280573,10.764075559324546,594.7852840484655,8.135872534978258,87.36607883456003,23.552235194398865,A,0,42.3,moderate
L-0648,chilli,26.932291732322952,51.3360684676003,9.005543334887047,568.2967797945146,6.880726282464078,77.48767206481429,31.4767340412278,B,1,19.2,healthy
L-0649,chilli,22.59614420116793,59.034455237244245,8.963951600047018,746.248539900968,6.662980571407431,77.81409636391164,43.95649237355979,B,1,46.6,moderate
L-0650,chilli,22.17523691500494,58.23671373187422,8.152254904485684,624.2884570085387,8.270210106722892,86.2376800472085,2.6097768732941398,A,0,4.5,healthy
L-0651,chilli,31.50617115844839,52.31065247697667,8.716600711827162,619.77050021636,7.59709111779624,88.7313123902668,9.500856055091,A,0,28.8,healthy
L-0652,chilli,25.46505454958975,74.60509122384506,11.567705860961125,610.8722471412627,4.86437784398706,64.61976202759402,14.86464722245435,C,2,88.3,critical
L-0653,chilli,26.28742354145188,65.84224350466185,10.6570881385687,754.6510616865289,6.529942931346041,71.30926913539656,65.53360842037223,B,1,88.8,critical
L-0654,chilli,25.228501619586865,68.76806228648819,9.419176954100681,706.1354206343244,7.517636490847621,78.83022781256788,64.66688486641206,A,0,58.0,moderate
L-0655,chilli,25.264495352429428,48.824661569817884,10.87088623186955,607.8760429636924,5.505174359487482,56.70527187463922,40.17922621636298,C,2,91.1,critical
L-0656,chilli,22.80753240271754,71.15131585203953,9.215724901592273,478.62254745995733,8.711528351987683,84.44605208136628,23.2097869280606,A,0,13.9,healthy
L-0657,chilli,30.60310531449366,52.917801589253656,10.016431979847832,942.9341499752421,4.706239462793157,54.456234994288565,68.36571007766453,C,2,96.8,critical
L-0658,chilli,24.475587221257022,50.093589252488115,8.993105765767213,613.961864901371,8.160895599775138,85.3243449673621,36.58527685600262,A,0,19.8,healthy
L-0659,chilli,18.17838123051562,66.95148213843727,10.022305093572058,652.3711098289198,5.507836506009297,67.77368125292332,65.74441694352366,B,1,76.7,high
L-0660,chilli,26.171703910279454,61.18861368970822,8.432732215840423,594.6666371477771,6.6696403179667145,84.98832764074433,41.56062588030277,A,0,22.2,healthy
L-0661,chilli,25.583120912719753,57.339367347178815,8.912538156277494,549.1207443661149,8.388445906388627,93.10959671917612,5.262998407929295,A,0,1.8,healthy
L-0662,chilli,23.481765690786986,71.76306788841983,11.181420256985383,411.0025920871928,6.015288623095623,69.17013808701752,2.0743397749010937,C,2,77.7,high
L-0663,chilli,26.743639377736848,68.27166220655839,7.937862645004743,544.5685922973856,8.32680868270031,80.57482555293389,21.297455412594605,A,0,19.4,healthy
L-0664,chilli,17.5579180087241,75.90836660319034,9.316454388403312,514.8072361518447,7.31107501537954,74.57535209182345,56.038674821644044,A,0,42.1,moderate
L-0665,chilli,32.55296875720138,46.9999254583894,8.81035817584505,751.692094246221,7.896078373445139,83.48244670086692,18.717429417039966,A,0,17.5,healthy
L-0666,chilli,26.239773213021135,74.68372512479051,12.008865400129803,781.8230079338061,5.2290998335059475,67.98941902751257,77.60801593731283,B,1,99.1,critical
L-0667,chilli,24.567827792804017,73.65000505267462,10.899751865918489,644.5080232251253,5.967598298595316,75.80286051628505,52.48553814798478,B,1,80.0,critical
L-0668,chilli,27.05698035744406,56.89514937111597,9.888447037634887,671.2352527407794,4.677966499901196,55.94190265033372,72.9606782639301,C,2,91.6,critical
L-0669,chilli,26.0738968003591,43.03980529680658,8.218231075927276,532.5164395175336,8.05814368608805,91.28867354409707,21.801496869232082,A,0,3.2,healthy
L-0670,chilli,27.749319028107426,44.91554677764028,7.950285709772937,555.9077610249057,8.485309382132016,90.04708885527847,12.519905032961557,A,0,1.0,healthy
L-0671,chilli,23.50844002729845,54.93396956349882,9.460065897644977,586.6852033960871,8.400025688212232,81.92330553341252,10.804911573142066,A,0,33.6,moderate
L-0672,chilli,22.831899263031413,71.24710238386218,9.718202818388457,619.7755607756892,5.912040918052422,74.19772034534172,44.490720361218315,B,1,58.3,moderate
L-0673,chilli,35.07934509044246,56.67401268849601,10.337473588562023,651.8747212961918,5.132268134555286,59.66723875647504,5.832826326836247,C,2,89.3,critical
L-0674,chilli,28.028809955005784,56.79258541801467,10.261012187728426,597.2234551259526,7.3354453538550874,74.49187405104968,6.287175326808982,B,1,63.1,high
L-0675,chilli,27.062163384068015,54.87437884342751,10.315106533984883,581.2628974145191,7.992962830229661,77.23026586528763,17.76236534862916,B,1,18.8,healthy
L-0676,chilli,30.069221570756447,44.87293823406006,9.157102573126709,839.0155600566446,7.628452055925674,83.41277068594692,35.55308199097267,A,0,33.0,moderate
L-0677,chilli,27.237547751026117,69.51480497551871,10.965803677723198,569.9809910801254,6.0932294281719575,67.24545772834388,15.093399333853595,C,2,87.0,critical
L-0678,chilli,28.57699082566854,56.53674208107259,8.65892397985623,772.1570977730721,4.879558333128628,68.39695727940727,64.76726667891428,B,1,60.6,high
L-0679,chilli,19.46797758402354,81.06435719910215,11.66291476443122,805.282121267696,6.773743908386851,78.32021543219906,73.6803020157573,A,0,80.0,critical
L-0680,chilli,23.85686624764247,65.30696734745257,8.33958425781481,463.38433352265923,9.342400805668415,91.28872400608512,0.9630136677964101,A,0,1.2,healthy
L-0681,chilli,27.05289978077398,66.49405739333844,9.785572662921542,695.6727582531493,8.128807308339686,80.10244696822716,42.15114286382397,A,0,54.9,moderate
L-0682,chilli,24.725976244817783,57.54786565213353,10.108732634393647,546.925735993719,6.190861264419615,91.03637417620664,18.79738600626387,A,0,24.1,healthy
L-0683,chilli,26.614226107310053,57.85931232643573,9.264092056777828,734.2196693656998,8.034493167592695,77.69145569664718,57.84693256240362,A,0,62.7,high
L-0684,chilli,18.947246250524973,49.86136661847033,8.756115496415797,559.7030999994115,7.039520040062947,74.76100670316241,43.21879959017191,B,1,1.8,healthy
L-0685,chilli,22.257531779807437,48.3564535037974,9.485312227297353,578.3656888353952,5.811421227723631,79.74953518281362,34.28585068631338,B,1,24.3,healthy
L-0686,chilli,22.416631183493926,70.53765860683993,9.241172688370968,493.01408830107897,8.761319404894959,81.98093743641165,27.08307215334769,A,0,8.3,healthy
L-0687,chilli,26.993507025933617,53.648524767520215,7.961652296259003,669.4170106024383,7.14021177043781,88.36979734725742,6.322984147350699,A,0,8.2,healthy
L-0688,chilli,29.756265306903806,63.7897313441108,10.318325493065995,1054.8711981711588,3.8554788603309227,40.199912788323985,120.0,C,2,99.9,critical
L-0689,chilli,29.896230905344567,59.41993519188156,9.569686777537658,518.0658675603229,6.3627510567040995,75.29446893524931,9.387624427823088,B,1,24.2,healthy
L-0690,chilli,24.152206974013442,59.64302440139259,9.895013745634085,796.711743985047,4.2089781715586305,57.987832083772304,92.76356322034052,B,1,88.4,critical
L-0691,chilli,29.43013947299455,48.4475641300982,8.275986276565742,612.3150676053667,7.829018841330457,81.68475262855193,49.45307659698722,A,0,14.7,healthy
L-0692,chilli,29.539186913935396,62.02137680258103,10.440890442180407,696.3053976791191,6.000006639027793,69.64112161560173,19.629881527976686,C,2,73.4,high
L-0693,chilli,27.087665999093996,60.76461180585509,8.267690896685925,587.1052856609143,8.271854212691629,87.9528399575418,17.155495532388457,A,0,12.9,healthy
L-0694,chilli,26.14267517593834,65.70062611311421,9.791746748730002,550.6653555281275,8.51559427549579,98.54532151405415,6.014133715762288,A,0,10.1,healthy
L-0695,chilli,24.175733840839595,53.29503798368127,10.225349859407448,563.6324679337266,4.594478368778854,62.26648409631263,30.922856304938175,C,2,77.0,high
L-0696,chilli,23.362877599091746,61.00344683752287,10.144597109750983,492.603637924274,6.2050696312074525,91.91501919124482,5.7266184218843215,B,1,22.4,healthy
L-0697,chilli,22.818545337322384,75.72979292818023,11.963308476237772,832.5931312165578,6.2669700061555975,68.31104515495818,67.36406568124428,B,1,95.6,critical
L-0698,chilli,26.65456185944951,63.14152445564271,10.47312271529592,738.5631937717592,7.257405491368268,74.01290550928655,36.94557252379683,B,1,67.0,high
L-0699,chilli,26.52718699080754,69.45423196917858,10.544482678261856,696.8052845772226,7.096424135642138,73.56064111642793,29.32988363218582,B,1,60.0,high
L-0700,chilli,23.9268266198703,61.71124382058405,9.060939851552725,503.9765021171405,7.190050545426901,85.70000721791378,32.381427208779364,A,0,11.9,healthy
L-0701,chilli,29.01287312357355,76.50716061834045,10.482417652337471,701.4941880176231,6.461372918160074,84.6781368536484,38.08419484196109,A,0,94.1,critical
L-0702,chilli,26.00522973320617,59.5086327138699,8.622256412440038,607.1767845699596,7.715380205218406,86.24721985459172,22.732780641946277,A,0,4.7,healthy
L-0703,chilli,26.360442754604463,65.5613096071522,9.509974047543212,571.4735457792108,7.114463942836343,90.59275909732277,25.3499881791276,A,0,8.1,healthy
L-0704,chilli,24.562863395238193,64.11887996968007,11.006048994257045,806.7726791777196,3.704096102401384,47.282789875951295,99.5331244024993,C,2,99.2,critical
L-0705,chilli,28.66030173478274,52.068244910933224,8.340768898220539,655.6443920055681,7.260674910166771,76.50556438492953,62.76174973591386,A,0,40.0,moderate
L-0706,chilli,21.446856216796096,45.02865935613477,8.795571168011817,693.1424215223217,5.827439682760675,69.9265014672969,47.93313526427808,B,1,29.1,healthy
L-0707,chilli,25.18323331469761,69.36267879580562,9.214219137407195,506.083732209553,7.1977969114461136,81.16192560302734,19.634373148160677,B,1,28.4,healthy
L-0708,chilli,25.121319154232776,46.09191015766551,9.967364282791449,530.9409665781335,6.745203616565184,83.87606440710421,3.5562534158340555,B,1,3.9,healthy
L-0709,chilli,24.334816423038767,62.82546186162923,9.255500927148367,632.8185624873174,6.970471848348753,79.7157737447568,43.96489869216489,A,0,23.3,healthy
L-0710,chilli,26.07945964238574,65.75711051594006,9.86015126474587,630.7104072984519,6.415674207196061,70.62461164106328,32.30974615339986,B,1,62.1,high
L-0711,chilli,20.942629236305702,63.92121839197528,10.066472338534265,525.9351608284012,4.437427855362651,75.12463029549463,24.886544605768062,C,2,67.6,high
L-0712,chilli,25.9400933587558,56.30457756781567,9.31592303633871,663.6402687819348,7.1347200437497,74.48973074454514,28.224137767188523,B,1,22.0,healthy
L-0713,chilli,20.483372079213026,52.96065879729883,10.4050038501123,489.81498145110015,7.153509260063501,75.78425620697153,9.969204053402,B,1,16.9,healthy
L-0714,chilli,28.378284494586726,61.810761795617815,11.285831944798332,578.0582657663015,5.503060708839307,62.59207559914335,13.107087568565532,C,2,93.7,critical
L-0715,chilli,24.84276511793583,58.050974881305706,10.539854575756856,751.8202407137253,6.22762825039595,66.28608607753581,62.850257184098965,B,1,65.7,high
L-0716,chilli,22.055960113309126,46.10776044250173,9.330857136196041,403.7543452402808,8.748258006498867,97.64258287982348,2.408379566483652,A,0,0.9,healthy
L-0717,chilli,32.09874511601108,79.96926308354426,10.653100876416703,858.7950123771648,5.381746382244087,63.2549566926077,56.671382860253445,B,1,95.7,critical
L-0718,chilli,25.144256274696378,50.7823056106201,8.986833577640317,714.6314269917902,7.443227526068847,75.92570644130544,79.99883312627438,A,0,37.7,moderate
L-0719,chilli,20.479315699326428,49.89820492631421,10.053486448966382,565.9616186590824,6.753529625873471,71.6055316259966,43.28454279714785,B,1,30.4,moderate
L-0720,chilli,20.031532139665153,56.30472507019428,10.036539056401125,622.0231407312726,4.950834065776333,63.84880687926288,41.724727845448356,C,2,41.3,moderate
L-0721,chilli,30.99230999819876,73.34414781564453,10.592213937625706,622.7883190744233,7.064026065372074,71.78810923043287,12.996191725196402,B,1,80.6,critical
L-0722,chilli,32.86824312246139,42.13271635241415,7.781887401332327,638.7623477413238,7.294229995408257,82.37203113800727,14.91792269748501,A,0,13.1,healthy
L-0723,chilli,19.25330459450828,62.663849033407644,7.838112762033996,554.5755738017326,7.630861227547205,86.35210805944219,21.070817431012877,A,0,1.5,healthy
L-0724,chilli,24.678567395975204,52.55946729572781,9.919336779740188,478.58643594610965,6.13851358457774,67.1031206970968,7.942309296823249,C,2,38.0,moderate
L-0725,chilli,26.86006348764602,57.14694866549755,8.491436158157708,608.1379588609318,7.837400380126809,93.52461893232267,13.910375658063217,A,0,3.4,healthy
L-0726,chilli,25.746253151415466,52.89197220791831,8.410408876635278,668.5759354055755,8.565547143859966,84.28468347398618,32.21824879923047,A,0,5.4,healthy
L-0727,chilli,24.784129509380648,77.60272962077795,9.590775756383296,646.8467186186492,8.413491182922582,89.54156718166865,19.984012803117885,A,0,23.0,healthy
L-0728,chilli,23.513632997027027,60.06540609118565,9.711188596998538,739.3813821579736,7.360767114559856,80.03004201151816,34.44973044588833,A,0,44.7,moderate
L-0729,chilli,28.078789804997097,55.12963371322562,9.15905184292183,711.61753375946,5.552028493801305,68.1343378801843,62.68591196225804,B,1,82.8,critical
L-0730,chilli,21.192205182433806,59.450407801699384,9.263198609307365,515.8546928541534,6.179690833164964,68.0045310448438,34.24447378642125,B,1,20.0,healthy
L-0731,chilli,28.256208184605665,58.48633629565732,8.291142630248027,719.9259303540105,6.504184309875369,85.65153246372472,42.07260943928214,A,0,65.8,high
L-0732,chilli,18.903622048252558,59.16969846236784,9.453110803219543,503.1704230698928,8.495837635848059,91.73328609619433,5.611323937993636,A,0,4.2,healthy
L-0733,chilli,23.855687451536205,63.84095369073434,9.067109563489273,638.3200903039016,7.5575394060378605,79.92535430529419,61.902473618703944,A,0,21.3,healthy
L-0734,chilli,18.997487582235326,55.3561622891607,9.370127129754987,476.36228317240216,8.635223986549002,93.21897996562535,5.4344873170518575,A,0,1.9,healthy
L-0735,chilli,24.085516367171266,46.174604324958516,9.073441199473173,721.7105133092175,8.465152342474449,85.83457193397105,18.790293888684488,A,0,12.7,healthy
L-0736,chilli,24.387067067766896,60.98182446204712,9.791277147738914,547.3022262747826,8.13823331578357,74.30978390560362,10.485044910738749,B,1,10.7,healthy
L-0737,chilli,29.89688135258741,60.94102367793558,9.80480928530169,650.1604782230047,8.133724476393313,85.0312821075828,3.583997869926478,A,0,36.8,moderate
L-0738,chilli,26.752196150353438,52.950702664648766,8.090952556255681,716.8276314686381,7.295415275932819,88.53351172517664,32.8789715884718,A,0,4.4,healthy
L-0739,chilli,27.561240862297804,64.27812907849506,9.55030836022151,846.8050896311422,7.211007036571802,82.18415921337127,44.79879129775195,A,0,43.1,moderate
L-0740,chilli,25.66412949925222,66.30126684078357,9.367470750774194,797.2584725005657,6.639863606124704,68.56275219899163,81.41966937241973,A,0,81.7,critical
L-0741,chilli,21.7111755871391,56.426754969092634,9.555290754532088,663.0934794186691,9.211699005699108,82.18571283273181,36.59792156885061,A,0,4.9,healthy
L-0742,chilli,21.091323590334643,69.30786237678085,8.884206452881507,452.65717489677746,9.02936828091524,87.7062019031288,13.829661461936587,A,0,2.9,healthy
L-0743,chilli,24.416645959675144,41.264522217136275,10.760291288512057,583.2707908376666,5.852251430974589,64.73915457555589,19.5726907432503,C,2,33.3,moderate
L-0744,chilli,26.769649420395353,53.95007732631991,9.379625884733867,525.8366832362791,8.291938744064048,91.4891611658536,4.34155234019928,A,0,12.6,healthy
L-0745,chilli,24.67840013642923,71.90235955218004,10.99260020132097,481.9233832529861,8.000688113478615,72.42515953263076,21.40635568329839,B,1,47.1,moderate
L-0746,chilli,23.52074150852379,73.81298292552302,11.2978349708373,517.3835728328772,6.404216762998493,69.19728989487207,28.989542092747726,B,1,93.5,critical
L-0747,chilli,23.700997337005766,83.54010076421119,11.852300270981926,713.7525373928439,7.206620256421261,86.72440219664853,43.40942227972885,A,0,90.6,critical
L-0748,chilli,23.670894439458692,61.26639052591026,8.783999445163387,673.5637736606013,8.232897875489464,75.24783904215828,52.278675813370086,A,0,24.6,healthy
L-0749,chilli,25.475462002966744,66.67677422283543,9.918369198112114,604.6782664625251,6.287641274685293,70.91144020008146,42.35666210602224,B,1,76.1,high
L-0750,chilli,27.932579743370557,66.37244386160124,9.57637351423371,689.5031215538613,8.047393102910304,83.44376110196652,12.470059168632217,B,1,30.5,moderate
L-0751,chilli,25.660187929208274,72.20523044209855,9.365388821061783,486.1021341876081,8.406212337344094,84.40714443886796,9.255805052455646,A,0,7.4,healthy
L-0752,chilli,25.597113581303564,62.178537927450606,9.389334809809434,696.2288566820165,7.004012898619076,78.35843683766122,49.592996356997524,A,0,27.1,healthy
L-0753,chilli,26.822454589453933,72.70838495948806,8.425892209742118,523.875554633888,8.223732691299547,95.38194207829413,3.418998190047711,A,0,3.3,healthy
L-0754,chilli,27.90349409982565,64.48675661611388,10.756881494270798,983.1615935182879,3.977874336000522,56.46962177591185,108.8313119078665,B,1,97.4,critical
L-0755,chilli,30.280737168573857,64.72627732212038,9.34842391156001,689.6759538551295,6.614813947199119,73.25059347160779,15.069452879862874,B,1,53.4,moderate
L-0756,chilli,25.9394126092707,50.35995087083654,8.315364553620574,753.3385407423835,7.634365329917472,78.57317300484294,68.00897338672242,A,0,12.0,healthy
L-0757,chilli,31.426101057971053,55.48918563419749,9.051586396559786,699.9295003697841,7.949585745339649,83.93332960189912,17.679182358633174,A,0,35.4,moderate
L-0758,chilli,22.39955397816536,56.0082434417711,9.993213998356577,671.784028207661,4.793138002926155,64.36971496484496,45.58159807659194,C,2,75.5,high
L-0759,chilli,25.235388710965076,51.75870329591145,10.287300125937389,475.92233868305976,7.979296632845728,92.50392762488701,9.603436836523583,A,0,7.3,healthy
L-0760,chilli,20.420812399863223,43.081878688371496,9.402839513631072,615.2601090023742,7.155517274812846,74.23615144688095,30.39181516955786,B,1,7.0,healthy
L-0761,chilli,27.523457532490784,56.56709034419905,8.661250274092684,499.05316172102425,7.53525894376861,79.08998579690513,4.713469726997743,B,1,13.6,healthy
L-0762,chilli,27.196283305735825,58.177567535131004,8.952145973625294,651.7712859157991,8.039189029588655,83.41075114793769,38.09898670124065,A,0,20.2,healthy
L-0763,chilli,16.539949070457094,62.02042423337741,9.995708655903783,407.46990894517523,8.423937475037587,93.60160154277348,9.431564080663222,A,0,1.7,healthy
L-0764,chilli,29.556235566017893,59.87915136197911,10.442738840280953,639.7924958052228,7.732772199473813,85.1517794573823,11.016858498842725,A,0,46.6,moderate
L-0765,chilli,28.585988985304205,58.91890209331943,11.021314041507356,617.2654198463171,5.197078040298029,66.15013622291877,20.481554121811715,C,2,84.9,critical
L-0766,chilli,28.186766471843136,53.59026584185911,7.753369177101395,606.6591778912461,6.627433712975135,86.72718450989443,24.216542797312954,A,0,6.1,healthy
L-0767,chilli,20.5245470693178,51.86251643796336,9.516646762003388,690.076846599161,8.394836320489244,82.14478841993369,43.458272483260274,A,0,6.3,healthy
L-0768,chilli,28.568728172399883,65.19070176784004,8.662610618514032,600.3274641000113,9.267947193788874,74.47016757643517,40.29253634514663,A,0,10.9,healthy
L-0769,chilli,27.107126120078075,57.59487668911515,9.080133006667769,643.4910229230164,7.310676236806871,90.50149262836764,32.939819913213924,A,0,38.0,moderate
L-0770,chilli,28.090900231952507,52.51305027320528,9.233698945427196,666.6645514882396,5.49837627419217,68.12229597817121,56.54414165324502,B,1,43.8,moderate
L-0771,chilli,24.78043002975943,57.11220184677717,8.723948383269176,664.2969670061307,8.196181734620136,77.65196684789308,39.45177721921232,A,0,20.6,healthy
L-0772,chilli,26.902551540272988,50.03299007015133,8.551491424776268,612.5326024345293,6.431482969720596,78.17177242425916,41.610659472099734,B,1,46.9,moderate
L-0773,chilli,31.670063277166868,57.49766001539889,9.827340010740395,646.9654744753905,7.035440018631018,82.7076530410533,10.918572129500937,B,1,32.5,moderate
L-0774,chilli,26.2875940296379,56.375559089775045,10.216754072343383,667.8531987208331,5.970806191154237,72.80242888924921,59.66859232939298,B,1,63.6,high
L-0775,chilli,27.795427171431836,57.86465108241884,7.829432895332349,762.3433178165924,7.942261068849851,79.04243284534863,54.54675544706668,A,0,17.8,healthy
L-0776,chilli,31.035513641821762,64.9959688223211,11.86458953036454,754.4030907937142,5.7443293403809665,56.151286416613544,34.189627003888575,C,2,99.2,critical
L-0777,chilli,23.759149484313014,57.5509483179573,8.892251267506458,661.4387184514289,6.381620657813088,67.16796642441875,53.13578382865687,B,1,34.1,moderate
L-0778,chilli,22.469637051161428,72.54601678904251,9.812827502363975,625.5958990482744,9.42158169300775,82.47627300194144,28.557095578145137,A,0,28.5,healthy
L-0779,chilli,29.968162150391166,68.62119219794596,11.400255316899418,862.3625525113189,5.3094631630587,59.07702470825008,84.2576280436868,B,1,98.5,critical
L-0780,chilli,30.630689325302445,78.34961861090774,12.06255695419501,699.9929464566868,5.208924356298044,56.51959371492503,31.793374685619618,C,2,98.8,critical
L-0781,chilli,31.9768843884027,66.89154782345058,9.432756332323345,711.2438076850158,6.608641779910366,75.52969699082257,27.784101226888254,A,0,77.7,high
L-0782,chilli,29.3202972599329,65.86184498884104,9.937488038248176,606.3635442140544,4.498402258881294,61.253584442133835,39.66815723756771,C,2,85.6,critical
L-0783,chilli,19.03695771951393,59.40237292864554,9.258772546211649,632.9190184804664,5.877926759906589,61.19122566633833,96.40203707400433,B,1,41.8,moderate
L-0784,chilli,23.850990185348532,65.72919137430422,9.53866877570983,508.07722390628254,6.6529603375495725,74.81901116223503,18.180795778969753,B,1,23.6,healthy
L-0785,chilli,25.28377663502043,52.26561998565026,10.58380351608162,592.611469915108,4.197618729873889,60.104699461739024,37.73791219730198,C,2,85.2,critical
L-0786,chilli,23.96001695126746,49.87953496727353,8.523103118608507,532.3510748651506,7.641307324092698,92.3383571393398,19.388607169849806,A,0,12.0,healthy
L-0787,chilli,31.958645500802415,74.2355597138442,10.824181529664726,751.3497303683197,7.073627731189829,63.38795343523513,27.755686508312913,B,1,97.9,critical
L-0788,chilli,23.287626574166094,48.01636942667931,8.780509533439075,574.8273990344726,8.632766426012985,90.68441116814245,13.773113647055954,A,0,0.9,healthy
L-0789,chilli,34.29215659945644,69.48922954104474,10.7796576777095,911.3539437320126,5.833114070706196,65.08994351339283,40.79848214612627,B,1,98.1,critical
L-0790,chilli,26.30528761254621,53.81020928664779,9.218146577310913,623.46628097432,5.621360943669638,76.56840735017192,29.767622839177196,B,1,25.5,healthy
L-0791,chilli,23.080197165048723,69.56837608332425,9.208904156118397,658.8507591225604,7.514456289775706,83.50125698750718,52.33338019871838,A,0,46.7,moderate
L-0792,chilli,28.137033583583673,69.30871543099435,9.99254560426357,776.4652152194415,7.35738058891862,80.51185151391547,62.93547192406184,A,0,75.2,high
L-0793,chilli,26.776452435140904,68.74213828156029,9.969588726335632,801.0718522375071,6.470978716572529,74.4794120432254,69.72733451171608,A,0,91.7,critical
L-0794,chilli,27.86536443802372,71.83827344795479,9.68448609664059,645.047362671344,8.272762142213569,78.85137390868265,20.05545828667687,A,0,40.1,moderate
L-0795,chilli,24.082218286408924,60.13958444109539,8.26425519848169,661.0448347253151,7.943899886917379,86.94665178040987,39.72706839018212,A,0,27.0,healthy
L-0796,chilli,28.89861121771042,82.13640140979972,10.806295559249666,908.0777639443357,7.668471897671009,68.58604593823827,72.86547367864834,A,0,85.6,critical
L-0797,chilli,20.28376952386367,69.3557506719981,8.848171643194243,519.1249635060435,8.65669794520227,85.19921423056327,13.676203860306908,A,0,8.7,healthy
L-0798,chilli,24.97262716555922,53.54464591685945,9.094012321752638,702.7079343908973,8.100230484060273,83.1904343228582,32.32050726983646,A,0,25.1,healthy
L-0799,chilli,24.206323193940527,63.27838710559308,10.509654989219916,559.1155300326291,6.84700883631787,80.70588491589626,14.547028276942003,B,1,31.3,moderate
L-0800,chilli,22.94840518840415,59.981604840772434,9.307886893127037,749.8830652911972,6.179215983574586,62.16995866281217,95.53102638529693,B,1,58.8,moderate
L-0801,chilli,28.831394295088906,59.410855224351735,10.552375097468104,813.7270212453219,4.653857532726997,64.73532905549834,72.28724757880701,B,1,91.0,critical
L-0802,chilli,24.60228846406499,42.89083338437683,6.91052522642255,589.8569971319919,6.9609738097742735,76.52468156212377,44.8916932480271,A,0,3.7,healthy
L-0803,chilli,25.369515312328918,68.91284254484383,10.965084835173526,630.8814362990262,4.71568118068268,60.92315781627525,44.37525285555754,C,2,98.1,critical
L-0804,chilli,23.936258847195703,43.82719321256292,8.527299444146545,506.1260275257415,6.990710072126981,76.56976922370006,15.856009893075463,B,1,6.3,healthy
L-0805,chilli,32.397341261762406,38.199467318790965,7.25296523028407,715.597658756777,6.528652900838147,71.71029319356427,78.26310810685689,A,0,32.1,moderate
L-0806,chilli,24.265334299286195,52.89357605535444,9.006582641080717,594.3099178731139,8.136064358473478,86.03650459633076,23.29365170356571,A,0,7.5,healthy
L-0807,chilli,29.132019401655267,52.90257090296199,9.95698099920406,653.2347632160502,6.592760153724514,73.4698225565756,17.294060642704125,B,1,59.6,moderate
L-0808,chilli,30.431506089821212,50.532285972675766,9.606040939963462,699.7745805333996,7.7721981902252715,76.33569878428021,65.35484682740653,A,0,68.1,high
L-0809,chilli,27.356915541797694,32.47940406074226,9.01093905960147,572.3283510225016,6.211525891097822,76.33969064212208,21.486313999048484,B,1,6.7,healthy
L-0810,chilli,27.08834772465699,53.36768716049549,9.984033798317391,715.3887176610581,5.40231299459778,66.15856800067539,17.938206076762132,C,2,83.5,critical
L-0811,chilli,25.760558995602153,55.5682221044619,8.646997371814011,716.3553442390661,6.8169753886720885,79.59223432583475,54.5141807929055,A,0,10.4,healthy
L-0812,chilli,25.51966230855209,54.20437117428043,8.874847944695615,578.1634162965456,7.8966251978798985,93.67627101653626,10.086372982931678,A,0,3.5,healthy
L-0813,chilli,25.89966830878491,67.66711575364883,11.955405587592514,689.559080056948,5.026906079736308,55.375735546790885,45.29530621124303,C,2,97.2,critical
L-0814,chilli,24.13679105190684,68.59715054377568,9.892995582991901,631.5329958011342,5.171930704960537,72.62994514710323,32.60729431174408,B,1,89.3,critical
L-0815,chilli,25.14143977823154,62.08514565481038,9.282146269566276,676.2876740913323,8.992624054439498,80.27229547829646,51.313072120016734,A,0,34.5,moderate
L-0816,chilli,20.428768836771038,71.81981259066387,10.518671998414547,559.0356049524291,5.205996029592474,56.128118332403446,41.71950119610915,C,2,65.0,high
L-0817,chilli,25.89748211512795,70.2148046465753,12.076686229323874,1041.53855426682,2.7653198181267586,41.540149045786194,120.0,C,2,100.0,critical
L-0818,chilli,27.337054042499872,51.28371788587328,9.402255348100507,630.4322261929535,7.817700775205917,78.28414725524904,34.984132507459044,B,1,18.0,healthy
L-0819,chilli,26.765885971227185,67.01893928025274,10.01291480208096,524.5481505955055,6.902716354413703,73.80814055848133,21.4307872773216,B,1,68.6,high
L-0820,chilli,29.0705673333387,66.57421007489432,9.48889916671059,588.5816989877509,7.65688731346269,80.79988370732775,29.89961464233882,A,0,50.1,moderate
L-0821,chilli,25.73311500426146,54.5183500072709,8.880184038569709,633.9847994186551,7.916737681346746,73.30739786586506,41.38962846918433,A,0,17.6,healthy
L-0822,chilli,24.73384476808897,50.95643455032686,9.002286190820335,735.3239117632755,6.524670288549638,65.6608096482902,91.94162414814924,B,1,21.9,healthy
L-0823,chilli,22.653268524357365,63.7290489909413,9.23456456893954,610.9668749867126,7.257795605959546,81.86939893027815,47.43754024785912,A,0,64.5,high
L-0824,chilli,26.048974790609456,50.68390640875393,10.183382850938276,486.5625239762795,7.0363030844137295,74.68237590877229,15.094851139127849,B,1,38.5,moderate
L-0825,chilli,33.71305797713411,45.104718465829826,9.611989141778949,1080.7817206112684,5.028451192096516,53.47425033844133,120.0,B,1,99.4,critical
L-0826,chilli,26.95527518923889,50.416536439018884,8.724712303493652,841.1603257840895,7.202291714208941,73.92913252742245,61.1236678345393,A,0,37.1,moderate
L-0827,chilli,20.820235819681628,59.957578716296844,10.46080355201088,570.4759391563521,7.205696680556032,74.60547439332329,14.30111417324942,B,1,11.1,healthy
L-0828,chilli,23.249095207457785,66.17529454605888,8.810231547057583,589.2658351906996,9.314458679138397,89.32089312806656,10.996608420140891,A,0,3.4,healthy
L-0829,chilli,19.03725750643371,67.44813811186991,12.038914407833786,509.0826498682035,6.3990680442606545,64.94664284837597,9.070490779858009,C,2,89.6,critical
L-0830,chilli,22.964265770023946,50.72314857247424,9.256200772569244,591.1659899946532,8.114998563939613,83.01559572203956,28.68549843828025,A,0,7.9,healthy
L-0831,chilli,29.21374775777491,46.37684072482961,9.223975422086598,670.433946576649,6.268774420400246,76.62855409283029,29.643466650212112,B,1,53.7,moderate
L-0832,chilli,26.504932329339947,63.928049610249225,9.835083116926612,538.1489804899304,7.009201230227861,68.26706560103685,16.95707972082754,B,1,46.9,moderate
L-0833,chilli,25.409883083676334,55.41156302556258,9.50268525740506,586.3724768149541,9.131992130291247,90.0644991604656,7.760107396586467,A,0,4.8,healthy
L-0834,chilli,21.649529325573035,55.327335905369104,10.42483858145559,546.6455958820975,6.886827363421506,76.844241040847,11.235174453336391,B,1,21.5,healthy
L-0835,chilli,26.299388485246066,42.96552429283839,8.700910987057933,641.6032710854774,5.98484200903072,73.62708012423674,48.129994585212366,B,1,55.0,moderate
L-0836,chilli,26.20415498994454,57.922957436367064,9.657014830789514,641.0423025839415,5.697190051490328,77.30734619844867,23.62136475539,B,1,50.3,moderate
L-0837,chilli,24.168426181321458,72.8877579844216,9.466394496075772,501.11467953008906,6.299404704819527,76.06265527946579,12.493339536620917,B,1,24.6,healthy
L-0838,chilli,23.11782688967285,51.17714404507423,10.06732469392471,564.7472724863403,4.572437487172619,68.08366814638684,32.51952418357417,C,2,62.4,high
L-0839,chilli,33.69568643652087,66.21985793438111,10.479493801704947,822.1242567857607,7.163508556427494,71.38426355615987,37.403153057626284,A,0,83.1,critical
L-0840,chilli,31.164992178339887,61.430086245024086,10.843897457119127,785.0194744291899,7.2789758615527616,72.40212417659335,40.50994771103764,B,1,75.6,high
L-0841,chilli,29.29496107057608,46.76647389424493,8.048594836171949,639.9259581849773,8.082154814323497,76.44359237387675,31.578356349764974,A,0,13.5,healthy
L-0842,chilli,18.375758102099635,50.36151217338456,8.337738106618495,474.91345692016534,6.32009421386138,79.39500968372981,27.919246426171622,B,1,6.2,healthy
L-0843,chilli,24.504902124527327,53.569290586081166,8.904739447853236,721.7123545686932,5.226972790651425,69.25193120084231,69.1503364949211,B,1,71.3,high
L-0844,chilli,23.424847779466784,56.82203114128227,9.094836735894983,417.4460214679817,8.915112115459523,86.88212684675239,11.689299327591769,A,0,2.0,healthy
L-0845,chilli,28.944397944081658,67.21704254075678,9.165766407770539,601.0358097425959,8.447075012786131,83.42990000426273,25.067574243134608,A,0,26.3,healthy
L-0846,chilli,29.219603064219815,82.74275751534712,11.55255058111215,514.9984284143885,5.233429323852712,67.48868151599437,4.1696408871614485,C,2,96.8,critical
L-0847,chilli,27.225466984256894,43.83869139993388,8.27803902829803,605.1314332471856,8.41577852179323,85.91552379336983,22.456715871268685,A,0,1.7,healthy
L-0848,chilli,26.31562159605183,57.945456638360106,9.559865795291174,710.2485972972099,7.238400572500591,74.61107875290789,34.30338083852727,B,1,63.6,high
L-0849,chilli,22.251987892991554,55.85106602229178,9.095227019394073,669.1318608197458,7.176175367249116,76.86772050906478,54.13235852389508,A,0,6.5,healthy
L-0850,chilli,27.19250793551306,45.67614382554082,9.800952061555554,528.7508067508622,5.762217879751154,71.5647568602482,4.3363263280246835,C,2,25.3,healthy
L-0851,chilli,29.537389417669367,59.13366717483011,8.634686782093807,629.5989426066002,8.68760205702954,83.74813453783406,33.53205068517512,A,0,7.1,healthy
L-0852,chilli,27.975398090230055,58.25418862599401,9.911207060337704,860.23319106341,6.5599529081501355,70.06776170023291,101.22966903955003,A,0,74.7,high
L-0853,chilli,27.07646952833249,43.277435160645815,9.266256775248458,797.0558883975581,4.886667047696624,58.89624476630468,42.77140002208024,C,2,77.2,high
L-0854,chilli,28.88888022833793,59.094258232847324,9.211711201152252,602.6241830318382,5.516017546157061,64.25585240702053,9.690122760042254,C,2,38.4,moderate
L-0855,chilli,27.41802185442329,48.556582299634506,9.861418917625652,636.997756357894,7.791673986307689,84.81106975951363,22.49108964340508,A,0,19.9,healthy
L-0856,chilli,25.541707887836633,62.62041445704929,9.39132745940249,534.8787187451072,6.067603038913525,79.61719030462453,43.797657609914445,B,1,32.8,moderate
L-0857,chilli,28.351073506498892,65.73803327319634,10.682638106115064,557.8940984978259,7.1448861966205355,74.78304956116068,17.659398642366973,B,1,75.5,high
L-0858,chilli,25.226073582445693,61.245931384759324,10.525191679221809,651.9967653390212,5.515925271038882,66.55138587278243,36.539228223673874,C,2,89.0,critical
L-0859,chilli,27.904044662637737,63.607438078293406,8.983767984958908,629.3094221202515,7.135500598166397,93.90656021834356,34.94203695069005,A,0,40.1,moderate
L-0860,chilli,27.141392014578393,56.89943662923214,9.87462103421686,649.4224343048714,6.702551780438014,79.12070507840578,28.353406188504614,B,1,50.9,moderate
L-0861,chilli,20.884306580609913,57.426182275502796,9.59907641785485,492.1991892470623,6.308664983143654,83.69778799570557,8.675809475446563,B,1,2.4,healthy
L-0862,chilli,25.249878572720192,66.74839385113836,10.167683879125695,610.9637730915438,7.127433748079415,79.58117954478618,16.027028875956844,B,1,63.5,high
L-0863,chilli,29.312898615009008,68.15809795573502,10.300887603626332,856.9514856901461,4.938634764463198,52.641320112827934,108.12948370067575,B,1,98.8,critical
L-0864,chilli,23.018265703967785,58.959951582281576,9.896259683646875,493.31522140911676,6.632378353562887,77.2509013825019,21.27913388229253,B,1,36.1,moderate
L-0865,chilli,28.731105696146994,58.93250384925858,8.26257307219181,622.0645973166022,8.730937176733946,84.82385389950717,23.488835746077516,A,0,3.0,healthy
L-0866,chilli,27.908566073080085,50.77580638856402,9.30051221144445,589.5508359935209,5.412024101517097,68.44307952247128,23.38702029196136,C,2,48.1,moderate
L-0867,chilli,25.911315530860637,58.56010531991298,10.703711664708639,713.0263655741225,5.116781540852169,60.55516309676536,53.191140117380755,C,2,92.7,critical
L-0868,chilli,28.897452820001366,63.70961686259518,11.09922406896537,674.1334224646132,6.841431785986574,72.50065626188336,24.453561689556427,B,1,67.9,high
L-0869,chilli,30.590369189389822,67.69605278421797,8.260335639089876,623.486458075943,8.120568715858642,81.24850382936994,28.864040951846683,A,0,28.6,healthy
L-0870,chilli,24.1996503061754,64.11285422221532,9.577408092740042,624.6582912617066,7.689344327673239,83.27309377805071,33.54725085141889,A,0,12.8,healthy
L-0871,chilli,28.40301279638933,73.65676775417593,10.943115129744328,822.4551236099365,6.134113664141335,64.89597742544821,57.45198674645022,B,1,96.9,critical
L-0872,chilli,28.73733976825601,59.33028574912805,8.954302143676488,656.4745617868381,8.030115245582811,82.41136927153654,28.969662225478462,A,0,16.7,healthy
L-0873,chilli,19.39429764753411,59.23210549558981,10.864317991527544,602.5120345674547,4.882423619447371,68.81787452996964,31.470802904034105,C,2,81.6,critical
L-0874,chilli,30.74238204029963,46.08579931366629,8.717822251213319,516.6550486084344,7.697933655251858,84.96485507253668,18.411969016286456,A,0,9.3,healthy
L-0875,chilli,34.99872956246792,69.13643145327819,10.997597257296295,767.4777352262653,5.248187083864565,61.839515317137135,37.17557004479043,B,1,99.1,critical
L-0876,chilli,28.361948942435117,61.74961314143381,10.662013634774427,788.3394448923107,4.248448287977076,57.28288660105504,45.34899399695924,C,2,95.0,critical
L-0877,chilli,26.53371125986133,79.75602468587171,9.211752030652615,631.5432548754386,7.893076697307228,76.7423280096241,47.62987346746016,A,0,54.0,moderate
L-0878,chilli,28.244253128690566,76.99749314248297,11.010218154715412,888.5397612440835,6.544406661114167,69.88304897898864,97.15684479630316,A,0,97.4,critical
L-0879,chilli,24.09836117264369,49.41754577969877,9.024410411300895,539.0674346433615,5.632028102004265,76.86851098243584,15.027684546775362,B,1,28.5,healthy
L-0880,chilli,23.81574207270062,50.17785959459354,9.424052442391583,592.4677319472079,6.855596473604604,78.52425528208447,29.914601612505734,B,1,22.8,healthy
L-0881,chilli,29.48303828336368,34.716657756324,8.272700706464985,609.4942721849806,8.544954776247797,84.66586073618585,24.58457462331016,A,0,2.1,healthy
L-0882,chilli,23.744654928098015,69.15497157318973,11.075508647997493,952.7643429055867,6.642559212310788,62.27012304678445,85.62302609350199,B,1,96.0,critical
L-0883,chilli,22.31771590033519,67.05148844958688,11.124695572088886,692.465484952016,4.8464536287664615,59.82632776054943,48.944114977597955,C,2,90.3,critical
L-0884,chilli,23.009986555302632,61.2943040610688,10.252340990904642,454.5713863018287,7.212586728287297,78.17676117085044,6.233724371990755,B,1,24.7,healthy
L-0885,chilli,29.019591455739608,46.68432237766132,8.495239167543557,530.8472726106473,7.483640904839254,82.82095174808472,17.085130264582688,A,0,5.7,healthy
L-0886,chilli,24.52195801915498,56.650685311422286,10.420439740196727,614.2078656776516,8.414070313207555,82.59482397507105,22.25363018368635,A,0,30.9,moderate
L-0887,chilli,28.530595010734633,61.34740482254158,9.705920913258913,532.2311128272818,8.407905264688521,81.82804563237781,7.276407682438435,A,0,58.9,moderate
L-0888,chilli,27.78940143121649,66.66603885776549,10.453821838641618,800.2960845583592,8.258744920730242,85.87223264736993,31.685035927312143,A,0,67.6,high
L-0889,chilli,20.950420079481365,63.7448414274673,9.006141520397856,540.3683011469926,8.397977427924317,86.82340272980672,19.10905748226473,A,0,17.3,healthy
L-0890,chilli,18.74793639839187,69.27916185641597,9.724843663152514,796.3463700669643,4.223977593969289,57.20573851757044,100.01033750410984,B,1,92.9,critical
L-0891,chilli,22.79199199302058,59.91453825248204,10.448693113806726,635.6319552137791,8.779061359853273,83.60041434277977,36.95221029956721,A,0,53.9,moderate
L-0892,chilli,25.184954069304503,68.20068588797578,10.746224427517328,667.3044521286065,5.428607442035563,66.88523685713929,21.53847459094909,C,2,75.9,high
L-0893,chilli,28.127194956704113,59.14210325279913,8.436238995033726,447.8348436179717,8.194891646298467,85.29453077887001,12.42588338053903,A,0,6.5,healthy
L-0894,chilli,30.608285490375554,47.01079074605461,8.408535620905548,595.9051189683016,6.8406739023259,77.54755166900738,27.950384148269084,A,0,17.6,healthy
L-0895,chilli,29.927299698029742,68.4695122243266,10.504814411171619,947.8209825449813,5.326853303359481,57.60288717318094,80.69233688201668,B,1,97.4,critical
L-0896,chilli,22.28744313876398,68.83902709735383,10.651413162139324,660.9856476021037,5.242585601332037,64.61351937041272,24.812840958280358,C,2,81.6,critical
L-0897,chilli,23.078443887872254,64.9161036000721,9.104829517687703,498.88910279503796,8.103177127448204,93.16654500893851,28.1442126063014,A,0,9.5,healthy
L-0898,chilli,28.050214662438268,62.77963086840322,8.863209573806913,632.4232196062685,7.92454489587967,79.71884600894745,63.05013729013016,A,0,33.5,moderate
L-0899,chilli,22.664019351711985,80.50203697071956,9.283867243520328,604.9687644186228,8.241115278043397,81.79119501735757,36.162821991759316,A,0,23.8,healthy
L-0900,chilli,26.63161853337698,46.74942885979789,9.068064631507447,725.0661990272557,6.53458422424603,65.58457986534825,52.43806850992478,B,1,40.4,moderate
L-0901,chilli,27.566749241344414,76.89852256648096,10.77079484263831,709.9187247010404,6.860752629092668,70.3720563497915,38.8998283321603,B,1,97.1,critical
L-0902,chilli,30.744884544816134,57.859557924800626,9.506204449496954,712.2340090704756,8.180201706706015,84.52998771649168,37.31311271938431,A,0,62.3,high
L-0903,chilli,21.612394534666286,73.11371724760858,8.615227415565839,400.0,9.235568744590028,91.80117671627865,5.864184568583985,A,0,2.9,healthy
L-0904,chilli,30.3183301639389,60.00667580965851,9.519761489257474,601.3065659747906,6.429683817602363,73.97506603547785,10.844124308209796,B,1,86.8,critical
L-0905,chilli,34.751809695231735,45.59013793933798,9.88377313574676,751.7006501938185,4.7975984958214735,58.37193730749904,33.3332822152856,C,2,90.9,critical
L-0906,chilli,25.860646462344924,54.18444203727614,9.27072359895597,535.5230356006191,7.424083518667981,78.21553608732468,13.51308076332241,B,1,4.3,healthy
L-0907,chilli,27.837291048579456,69.15995306645969,10.584451194047855,544.6806199435933,6.715907499369499,74.36817903692521,27.97377111750791,B,1,66.5,high
L-0908,chilli,23.60026856458166,56.22365241610608,8.64922894748891,557.4562846281164,7.772477129874742,86.86558015153034,9.90164604212681,A,0,6.6,healthy
L-0909,chilli,29.787741755029266,51.403203994124496,7.793210837948994,784.9318994590018,6.424908863350776,75.26844913556411,63.40541700783347,A,0,28.4,healthy
L-0910,chilli,27.448769840087227,55.59696455710709,8.116966010915025,539.0451208215882,8.322030158528952,80.69054352317141,15.024925559418262,A,0,4.5,healthy
L-0911,chilli,22.911732067596436,62.76403530151236,10.221141775925606,518.3443066614035,7.351711280266305,77.18355282507633,12.39093638959513,B,1,22.2,healthy
L-0912,chilli,27.45777834447902,71.15523942690409,11.617398318516617,552.2829843363286,5.53730540132436,66.89691131964145,7.818782133255693,C,2,81.3,critical
L-0913,chilli,25.690414009776838,37.36579132258068,10.16037295257812,663.59468890367,5.435058551663145,57.55809722076029,47.2490552862343,C,2,62.6,high
L-0914,chilli,29.568201262931183,84.50309356129983,11.798626430854672,730.4764215322413,5.363920959016613,60.153416480301985,27.943373134630804,C,2,99.1,critical
L-0915,chilli,29.793783000079532,58.860958737491615,10.58275463556292,846.4780880683795,4.279397257754856,57.26709923073075,61.804977270622835,C,2,99.1,critical
L-0916,chilli,26.151560172803286,64.53774750773391,9.844830083582709,657.9917367786245,6.056224902058142,61.31615969820786,18.520144199094496,C,2,90.4,critical
L-0917,chilli,25.19203897170329,57.87497719151098,10.084095451906514,617.3643407460528,7.728992316137386,90.38847197430654,10.570172069255456,A,0,11.8,healthy
L-0918,chilli,30.612125449580976,61.69169301687861,9.39759515509603,668.5283701851048,8.265947159990027,76.37696856510361,26.968564716241957,A,0,49.5,moderate
L-0919,chilli,28.922137226253625,59.750139381912035,8.931594702667036,948.3400245935247,6.402577522343479,73.93240392145839,70.43766397770794,A,0,74.6,high
L-0920,chilli,25.337695262446395,46.646311307849835,9.431148280682216,630.0588294805634,6.416679852944238,76.90725814699412,5.70161891358009,B,1,14.6,healthy
L-0921,chilli,28.06847259117797,51.02199666023461,8.080320460024364,607.7855990274445,6.677517785934241,81.80852569054775,35.55499289942201,A,0,22.0,healthy
L-0922,chilli,21.633786628696697,72.62804229737192,10.520698858920483,618.4042491739835,7.598048220432773,72.3011514089317,38.27711011350286,B,1,33.2,moderate
L-0923,chilli,28.31319938323499,48.69646707890071,9.245549268870354,686.188038957752,5.078535212476563,61.64738552648022,78.44051397310963,B,1,87.2,critical
L-0924,chilli,32.15744901289788,65.02802169292193,9.661875758113972,662.6446663187404,7.261059596175807,73.23787881837775,14.051574621921397,B,1,54.9,moderate
L-0925,chilli,24.31610967890962,60.2696559686636,8.575463491005792,619.5539675587698,8.919777138339647,87.50280886266465,5.275524204869445,A,0,8.3,healthy
L-0926,chilli,30.195848559340575,56.54124201357794,8.43282001207875,808.2808730498266,8.473867679703675,82.31825063598828,20.12241336007311,A,0,23.0,healthy
L-0927,chilli,25.590589239848015,76.29770288333603,10.805004997159756,717.5723525350446,7.92907394500945,76.94556434758248,51.91048953659036,A,0,94.9,critical
L-0928,chilli,26.376554459599323,55.86916671060652,10.729081728222218,666.8611721026307,5.29557252225105,61.93684319482759,29.3686806679337,C,2,86.6,critical
L-0929,chilli,26.269586215440413,49.04743344001452,7.866746761718469,668.5569388544568,6.107389549549098,71.68957099494895,41.285900016237534,B,1,24.6,healthy
L-0930,chilli,24.004272913279994,61.376791760095365,10.08488514863021,658.6046791647698,7.574724133403205,72.83631877908957,11.224640414991969,B,1,11.9,healthy
L-0931,chilli,25.99172594344005,55.208689699099374,9.298061590815088,543.3023233003178,7.8922417428418035,92.29357542034495,23.62524383073918,A,0,15.7,healthy
L-0932,chilli,21.440821240231895,54.12625065519307,8.993066281136812,714.0499880485577,7.423117189449229,84.58064012679421,30.21748918317446,A,0,7.4,healthy
L-0933,chilli,26.624102995606233,58.499912265082145,8.600450858264768,536.4353703474134,8.337955460051727,87.29060856170574,6.685976571819115,A,0,3.9,healthy
L-0934,chilli,26.530579586303144,58.448058841783265,10.514228464784185,578.2308000616782,7.299575790730197,73.64809166683858,30.079448001428915,B,1,72.5,high
L-0935,chilli,26.14866610492175,53.53884127993027,9.094459276839052,577.7892932634126,8.145621332702518,74.28211676944123,21.863675513609113,B,1,32.6,moderate
L-0936,chilli,23.382634143910856,56.31848962235694,8.013380137728065,743.5833859366535,5.824354989512527,64.8221029277968,120.0,A,0,45.0,moderate
L-0937,chilli,24.683187775243734,71.99694294947417,11.37066059000445,653.8164396644302,5.370491445437723,72.98306667676681,28.455691885470866,C,2,94.7,critical
L-0938,chilli,31.968442031303493,58.22174758736554,8.946723023217944,754.358536812903,6.039019694855948,64.24948326353199,81.37052816755102,A,0,54.1,moderate
L-0939,chilli,22.608262806141468,58.10191418760433,11.290996480238082,659.2291716257173,5.380429974855062,58.7345884887128,41.06022489861061,C,2,79.1,high
L-0940,chilli,30.103508373895217,77.77381924494993,9.75436209614443,712.4583996521943,8.842062920727612,82.90212746303284,25.811807189381938,A,0,54.0,moderate
L-0941,chilli,21.840085036569466,59.533187457025214,10.006579912142005,815.4755334482549,7.622231327482852,79.0422037345286,73.28662674375136,A,0,54.2,moderate
L-0942,chilli,27.47502198020305,69.7519402187242,10.262565214154579,624.6959601510105,7.718156164541737,77.00062644056246,9.696102171273624,B,1,56.8,moderate
L-0943,chilli,29.40973693319865,70.30448224075825,7.898666666406963,709.3716331649416,8.531710442427006,78.82814979198531,19.74367747529552,A,0,16.4,healthy
L-0944,chilli,32.6059606266523,73.20173216544705,10.908014494309958,798.0878440784008,6.563765271717122,70.62572179187649,54.1082608843728,A,0,81.7,critical
L-0945,chilli,30.18854832436697,68.84450242309765,9.120534355355154,617.7356015045073,8.777566975872126,87.99154511222021,2.432633870344163,A,0,36.8,moderate
L-0946,chilli,24.424113317733244,61.37971324623566,9.174195241636806,457.76498172488084,8.474140886343886,82.19052813518242,27.722160247589926,A,0,7.3,healthy
L-0947,chilli,28.229909384602657,60.70601401159137,10.127742883135719,650.5143645971234,7.928669366995001,69.53977338618203,27.536041171189876,B,1,47.7,moderate
L-0948,chilli,33.08255211853025,57.649310230026536,10.172671278520403,774.7739862533606,5.79626062172897,51.55715692641173,34.69089125049817,C,2,92.7,critical
L-0949,chilli,20.040706298765816,35.71907539466354,9.616797569870121,552.0623422071186,5.087363914770557,66.64641748524954,23.835851296831887,C,2,11.4,healthy
L-0950,chilli,25.670613367050542,69.16241041800055,9.459426915260817,598.7149813171958,7.579674013456087,79.4837531442005,52.56535190864454,A,0,24.0,healthy
L-0951,chilli,20.869733748340984,58.346314738621174,9.21655413907279,478.4585603113012,7.273096345557169,75.14375927604182,14.700183241831397,B,1,2.9,healthy
L-0952,chilli,29.665597596614283,69.28787532213511,9.777069747719485,760.1992773524154,8.364300996944015,73.17577830614681,57.82042928426248,A,0,84.9,critical
L-0953,chilli,21.166093433079986,61.21419598673119,7.621702676310658,459.7854611888435,8.9243932157963,83.67475830358427,10.907088002166548,A,0,1.3,healthy
L-0954,chilli,18.569171304472402,62.56213014410955,8.913737285009123,576.1882359608304,7.901196736117269,81.33991680721527,36.76845340270337,A,0,10.3,healthy
L-0955,chilli,22.365933499109726,45.77903406243154,9.445677493749065,681.3075368489584,4.4835096087046855,59.81422431302137,67.39217534478136,C,2,69.3,high
L-0956,chilli,18.126298468058913,55.8410331708151,9.771078457952441,469.63655608514273,5.682909804248874,69.04728403509084,13.560250462756038,C,2,21.5,healthy
L-0957,chilli,28.97588949887011,37.47564888889943,7.7941676521532965,580.3523681624688,6.368917589728046,76.3075679966945,16.714931158663365,B,1,7.3,healthy
L-0958,chilli,20.663157896283106,55.13021621121181,9.694642985410908,715.4702291153341,5.730431620689299,70.68065181727061,59.240366510685334,B,1,41.7,moderate
L-0959,chilli,20.742330760372294,55.44990742913172,9.630884796831781,631.8236375949825,7.433706263651137,71.09296324392483,32.899668479536565,B,1,13.1,healthy
L-0960,chilli,24.301317926240984,49.551537506746676,9.62747111863716,503.44361297476837,6.672200146759784,76.3403271203441,5.349149428621486,B,1,6.0,healthy
L-0961,chilli,25.260085219827552,57.25029933432548,8.57189517022667,783.0423171990054,6.849406403111297,78.58272691449976,33.87205510739929,B,1,22.6,healthy
L-0962,chilli,18.895011107558936,57.729743896360745,9.078178062750645,523.5388847184364,7.066255992467368,87.81376247911382,46.39462536995378,A,0,11.1,healthy
L-0963,chilli,27.974067864235195,44.35232749141765,7.737236264422546,760.4452234579028,7.572268856037203,77.75524687257324,60.95387709922192,A,0,20.9,healthy
L-0964,chilli,25.71709523799168,83.86646598143619,9.917182181904263,591.8957467473423,8.798453347574506,81.23108601276434,36.11772846390815,A,0,28.8,healthy
L-0965,chilli,23.518823847295085,57.228834301300225,10.215016426938234,691.3783927212266,5.1551224310430115,52.97356831318329,42.06044587696431,C,2,71.3,high
L-0966,chilli,24.179975287654603,52.37314510638779,10.30524907094519,861.5657927208624,5.494217571838566,59.118852036743924,86.88160964911563,B,1,74.6,high
L-0967,chilli,27.8704955978951,54.521975825420355,10.269417051122227,694.2486358567837,5.047477741647031,60.742224716341994,55.23578661548041,C,2,96.0,critical
L-0968,chilli,33.26872789094992,50.67408751204022,8.010212795437202,679.8712398358839,7.618597055135663,81.97265649162601,23.130844775970257,A,0,11.0,healthy
L-0969,chilli,27.680085295676996,59.56882396179896,9.798468404485666,750.6935609321566,7.111597101714685,73.83197286319681,25.62577181452586,B,1,26.8,healthy
L-0970,chilli,21.8774739324409,70.85028447212171,9.923068311751042,648.1784751587049,7.79392217800311,74.10906257686682,65.50619583936113,A,0,56.3,moderate
L-0971,chilli,26.534060579441928,63.53528330788255,9.00942154494378,666.458243529041,8.02056852884246,81.23616025107378,35.56729558427927,A,0,35.7,moderate
L-0972,chilli,25.31511040226067,77.88249709386183,10.07891591641288,650.8021281100005,8.149047403887153,88.95458133258185,31.717158566883842,A,0,17.5,healthy
L-0973,chilli,25.50851183944299,58.37666703515009,9.079326459890554,587.1004203898433,8.616385500702048,84.03008305224688,22.541389202837305,A,0,9.1,healthy
L-0974,chilli,28.443272866669634,61.70630195927625,11.311199449870381,723.420576573925,3.8552084684518864,56.050617959297945,63.78924757897262,C,2,99.1,critical
L-0975,chilli,32.65372213004737,66.82761849649658,9.560525066478522,717.7622024652828,8.023353701529777,86.47384616779293,14.29537730917978,A,0,24.6,healthy
L-0976,chilli,20.604087105315507,70.67942274922342,9.781240292546093,520.230612536038,7.937691029938726,78.82824295590531,19.78293446502579,B,1,24.2,healthy
L-0977,chilli,25.148363788164836,70.72500157647778,9.795718538043987,798.5828180143681,7.637982144910187,73.97212575980146,63.650365566831724,B,1,76.6,high
L-0978,chilli,32.208273197020084,61.56592148870904,9.623190641707172,837.8289135606889,6.747637615199869,70.30787422552771,63.11387178683585,A,0,85.2,critical
L-0979,chilli,23.94621562306206,59.49063948135575,9.296309709321227,880.893755177958,3.8620288924505215,64.0085181116847,120.0,B,1,92.3,critical
L-0980,chilli,30.39959422048932,34.010731650975735,8.055714170424823,682.2305739818626,7.223923680282262,83.45820224151001,27.803705101811218,A,0,0.8,healthy
L-0981,chilli,27.821726282939085,55.75316691152897,10.322644618109315,577.8316858087118,4.975401047702822,69.71647957002872,22.827645221912903,C,2,49.2,moderate
L-0982,chilli,29.80584831718239,72.71644085521184,10.149099183491488,763.2408915009507,6.619003626003755,77.30410882608267,24.7507103072721,B,1,86.9,critical
L-0983,chilli,34.85899761520904,67.56975628591417,9.921580595266656,650.7015350821918,6.941558693829287,78.29771743644451,6.125892415623522,B,1,70.4,high
L-0984,chilli,25.505305025300967,58.55948060705998,10.729953193365539,511.07477452974024,6.783519487660844,82.46401158888311,3.0412076083384534,B,1,43.8,moderate
L-0985,chilli,17.335142369852115,78.47281769402301,9.872877750865763,608.0245884089566,8.332051671671255,82.37549906260469,36.02415776428337,A,0,42.1,moderate
L-0986,chilli,22.24685040871844,53.79966287430011,11.612452195057223,582.5599473811438,5.354162580554864,73.05904155239399,21.425607443518324,C,2,92.9,critical
L-0987,chilli,34.23204792309471,46.84921268853891,8.250533483347267,669.0172384518469,7.567538285647103,78.9985286375213,15.219622753766787,A,0,8.8,healthy
L-0988,chilli,22.975694188850373,53.227944443892746,8.817280008010773,601.7334018486697,7.9191853323797154,87.86873832246806,31.370151502391757,A,0,8.5,healthy
L-0989,chilli,26.748045229894583,50.62408204211398,8.70490728355575,680.6044855787816,6.986908168793186,79.52785699668483,36.660651065825014,A,0,22.9,healthy
L-0990,chilli,19.921473996196973,64.85302072431756,10.565807943466634,535.2944683600987,5.788728216736209,80.18881871793599,26.30101391983692,B,1,30.3,moderate
L-0991,chilli,21.31150089480119,57.915047444224186,10.581970318859733,619.4801125852958,6.070399349266026,72.47641558388824,26.847716537223377,B,1,59.1,moderate
L-0992,chilli,28.93098616410241,68.5379936114121,10.269624298665896,569.9169010426538,6.887958395857909,78.89525438526599,21.216050171676432,B,1,51.7,moderate
L-0993,chilli,24.850956009924808,56.761150470872444,9.21836037228197,679.7484953245336,5.936233126186621,70.99242167552954,48.928178727108644,B,1,38.0,moderate
L-0994,chilli,27.609486364094476,60.64438727008719,9.411578112319113,658.3140798380152,8.356099843673846,90.47318699316472,18.642864095028088,A,0,13.6,healthy
L-0995,chilli,22.924320597729327,41.65306226866995,9.830109623256751,564.7288864177312,4.48310996356248,72.9900905466424,12.439241562924114,C,2,21.0,healthy
L-0996,chilli,17.014119071989608,59.49045722424974,9.535379538871993,400.0,7.873993050728733,88.56284722723555,20.47689556647914,A,0,4.8,healthy
L-0997,chilli,32.113423605038925,61.798209844825315,11.402593521334227,752.2569533419146,5.352773856848314,70.94953501281162,34.814150138819386,B,1,95.9,critical
L-0998,chilli,25.599489346977023,52.81761239616483,9.641541122024602,619.0857679598082,6.66685887901648,80.11381525374446,51.05294953047639,A,0,12.8,healthy
L-0999,chilli,21.871717565108632,62.479012902332585,11.803726496381826,980.7614698073759,4.604896826707432,55.1113871616339,98.46083287884056,C,2,99.5,critical
L-1000,chilli,28.62800231954708,59.84314625640736,9.079811691052278,637.0774644284916,7.071736533280188,82.18310901280535,31.48974703131364,A,0,22.3,healthy
L-1001,chilli,28.95606192761711,77.4181963908435,10.589940071272702,951.3354483123506,6.570424182839443,69.60970193408785,82.07399458981375,A,0,99.1,critical
L-1002,chilli,26.759976120127877,45.23759349253852,9.902810154387366,525.3825500865562,6.543963226933739,81.3541134476739,17.316285273161153,B,1,25.3,healthy
L-1003,chilli,26.487462000085557,62.93803165146791,9.223058395880342,604.1539513381085,8.667666912918634,84.60282897620235,14.748669664863847,A,0,6.4,healthy
L-1004,chilli,27.23404228535888,47.31336177758541,8.148354441786966,650.4730814269641,9.485248047430387,84.09065260760063,40.68098049298651,A,0,6.5,healthy
L-1005,chilli,23.474981447966446,58.82564264920664,10.800795926384145,834.6462808586203,5.472186908793221,70.72905515183186,45.16266971885831,B,1,86.2,critical
L-1006,chilli,26.159593517787815,65.88250906036123,9.039423110297973,703.4245644065932,8.088036912186631,87.27274562185006,33.94847223903702,A,0,18.2,healthy
L-1007,chilli,28.752834394434718,55.24614665007142,9.107916166935544,999.8477077364665,2.54643848547358,47.97233801809445,120.0,C,2,98.5,critical
L-1008,chilli,29.026030137570267,59.80814774295995,9.421059539691655,750.3542792896259,8.20623247811467,87.95986327891262,18.16566019510675,A,0,13.7,healthy
L-1009,chilli,29.52411943806658,63.74002730460905,10.609489501247063,867.1949342149055,5.262995998941622,67.90563165836345,71.7081498203821,B,1,97.5,critical
L-1010,chilli,24.389924653496966,58.259167631680086,9.670352047698804,549.8902650839528,6.390621600459552,78.38974861161573,15.112154572197161,B,1,21.4,healthy
L-1011,chilli,29.45511883033613,62.9304640637366,9.862007188662345,727.4679887564084,5.960051411943937,71.2534756497483,47.77254042713992,B,1,67.5,high
L-1012,chilli,28.588542268231116,50.62181536934866,10.011992967655196,690.7058117645548,6.871576521387422,71.37489215563285,30.461302811249872,B,1,77.2,high
L-1013,chilli,26.516083803865854,59.236446378549324,9.04711997761735,477.024074683589,5.763865811180978,74.17948930256445,35.72155304365884,B,1,13.3,healthy
L-1014,chilli,25.95385002806682,55.657551004164404,11.171955223100907,695.0030845473437,5.600615927397343,62.10129626794892,40.996213786972426,C,2,81.3,critical
L-1015,chilli,28.068048023644497,62.51871903991971,8.208882752265126,652.1577073544544,6.874048539106164,83.10462243918337,31.33015146476522,A,0,17.2,healthy
L-1016,chilli,31.498785790561417,67.5746746416339,9.651993761411303,684.6700166430318,7.085320621956791,78.15996828192068,26.770333049606784,A,0,57.9,moderate
L-1017,chilli,21.778195528308277,66.56091933834567,9.48176426402257,400.0,8.659836903340167,74.5049483376673,4.690419379680292,B,1,17.3,healthy
L-1018,chilli,30.315254550769236,62.353571200237596,10.43461318966968,790.5591401029283,5.83098162840412,60.898497489825644,56.798051536114045,B,1,95.4,critical
L-1019,chilli,33.09592155535286,57.55519231091919,9.902065449600222,566.9253782513592,8.980416601382021,88.4979559339804,9.157962717938306,A,0,34.7,moderate
L-1020,chilli,25.534955599956383,52.335589636211296,8.524006708144734,687.6854005869927,8.850184722725912,99.91416510382986,21.64029154044039,A,0,1.6,healthy
L-1021,chilli,26.50790490810367,43.62408984998119,9.716618850809393,646.1930322666793,4.832551663368411,69.04508103720286,37.674722455351514,C,2,26.5,healthy
L-1022,chilli,27.376417732603738,47.7096520644741,8.232537272724278,452.09094200695074,7.25280592376216,71.6174903504566,10.925230132872592,B,1,9.4,healthy
L-1023,chilli,23.681622637821942,76.68756743524644,10.726812019734322,586.4865579752112,4.677731773921615,66.76154060918358,26.746994200450928,C,2,88.4,critical
L-1024,chilli,23.423698119714917,38.26870030983544,8.445786694918715,688.1862866885998,6.8207579941058105,76.61370127306691,52.345278215302045,B,1,7.1,healthy
L-1025,chilli,22.19865581234455,71.1676532074707,10.637128130243365,566.4012552977061,7.051897590742561,70.81856223612085,21.22666743353744,B,1,79.4,high
L-1026,chilli,17.97213237260223,52.19417544278352,9.302104403055234,446.1815833457966,7.507797715748255,83.88624660853085,27.10304024098652,A,0,5.6,healthy
L-1027,chilli,31.99891787217802,73.01819059982184,12.0359154745821,630.5516277543849,5.338384135051465,63.16071852600904,13.116915225935987,C,2,99.2,critical
L-1028,chilli,27.96031779203887,39.095759478320154,8.53165415353364,602.8478851300622,7.809146988404252,85.04269607318112,23.361645154429663,A,0,9.9,healthy
L-1029,chilli,29.3973199671979,58.565426363187036,9.933301302198231,581.8312813027195,7.834817039514826,70.5791535040642,9.417911040948757,B,1,23.3,healthy
L-1030,chilli,24.891566574765452,71.22342477276747,9.475101214931923,548.4051303524418,7.6878503168122645,84.717800389062,34.43874098393349,A,0,23.3,healthy
L-1031,chilli,24.607454767299735,63.605357555205046,10.273553299487537,531.0803304035024,7.19639152982865,72.88634390901387,7.322921115378544,B,1,45.0,moderate
L-1032,chilli,26.120072145925082,57.47920922951242,10.426417460383576,514.9469556738684,6.4177396673632225,78.04174638380007,17.583175212319084,B,1,45.0,moderate
L-1033,chilli,26.181882386222007,39.82290128518795,8.36667583283551,669.7775642064073,5.712904209597319,76.88122676940588,30.666476832039272,B,1,3.4,healthy
L-1034,chilli,27.315491350974458,50.49934417498808,10.15286235279329,701.3411012751102,4.485013695917843,67.0908895934862,25.348697334316206,C,2,70.9,high
L-1035,chilli,23.121857182654477,74.27902146556579,9.692059772683688,558.7827435224303,8.097967438460731,81.43577832091172,39.23096733388182,A,0,64.5,high
L-1036,chilli,28.454511994262695,54.570485819684805,9.447497492237952,606.9620634946356,7.247756624262693,75.64669724244412,27.172567485515547,B,1,29.2,healthy
L-1037,chilli,24.778621596524513,59.994924364898594,8.915010754231071,499.32997888901747,8.259180083892582,91.08059424394798,4.669233994484768,A,0,10.7,healthy
L-1038,chilli,25.55863275587632,60.24271624132163,9.207771115247663,553.2900082129474,8.466952861023055,94.50932405232051,10.747888950861118,A,0,5.0,healthy
L-1039,chilli,30.221224289252593,43.46151136480697,7.701682809970713,671.9787088418957,6.074242414599002,82.81157311770752,29.55142105252544,A,0,6.8,healthy
L-1040,chilli,26.22997412431618,61.873936116220506,10.230289753091943,784.0324924101731,7.168058358946253,81.66660126468588,62.246382760257234,A,0,80.2,critical
L-1041,chilli,25.195206895107948,56.07251018616082,9.08249859414208,709.6681338843159,7.463319357315217,80.17645913864077,54.764312095412315,A,0,21.7,healthy
L-1042,chilli,34.050351769328906,64.20755124492047,11.306015194915451,1232.2977696357723,4.274090446725686,51.348631181113774,120.0,B,1,99.8,critical
L-1043,chilli,25.54192027656619,55.245981506577714,9.526819465226442,588.2947249769913,7.23940686755894,76.56369484980546,19.331313667271644,B,1,8.6,healthy
L-1044,chilli,20.101040880854914,48.56497930453427,8.250636352212421,501.44945809192643,6.091843617376412,70.23438090992089,51.111433976058684,B,1,7.8,healthy
L-1045,chilli,25.760902779851364,53.21014869944212,8.48480888153202,561.350689223231,6.423336169606054,80.04365811949118,48.58836078841704,A,0,9.7,healthy
L-1046,chilli,23.629876185939555,64.63690339023553,10.44095387327141,906.0815404075445,7.78251443192133,70.6935728193119,84.16019414666943,A,0,76.9,high
L-1047,chilli,20.98039890447928,68.4796409069923,10.269391709468806,740.0590985997186,7.6142836240060845,72.84843646754248,69.26416181482782,A,0,86.0,critical
L-1048,chilli,29.232603446042912,54.485137647160066,9.724400177348784,707.9126814041497,5.953066855573515,74.17620773879368,36.36579919308072,B,1,71.5,high
L-1049,chilli,24.088864906976646,66.7273237593151,10.21047347315319,691.7021250265896,4.6037433687156435,67.9764955815666,45.35550409197656,C,2,66.1,high
L-1050,chilli,19.783186911648645,54.953172043814014,8.330118227680842,555.4120674970867,6.967366253881387,82.42332297203085,39.335455899144364,A,0,8.5,healthy
L-1051,chilli,29.37839155094511,59.92029161337472,10.24008321043741,705.1678452874276,6.779625225831401,79.35029420917081,28.695534669376645,B,1,28.0,healthy
L-1052,chilli,20.61348404486056,54.37875562044812,9.936936284489732,579.5326691240414,8.45948683368427,82.64140133702686,43.04470777488279,A,0,19.2,healthy
L-1053,chilli,22.24848095165501,70.41602810505135,9.45691652254341,647.3776623777081,8.260459097174822,80.30897784450656,33.63436194263132,A,0,20.9,healthy
L-1054,chilli,18.907170299908174,63.3903189077244,9.685592445268806,506.08330157888827,7.82781235938824,84.37259672608093,32.569987760047695,A,0,10.1,healthy
L-1055,chilli,27.988899278379236,51.07052429270881,8.595117617637756,744.4995947204058,6.57026485696538,70.60286305756674,86.80862441819161,A,0,52.5,moderate
L-1056,chilli,22.672976018457433,44.8342460617125,8.902404269231894,488.8408811591215,6.6442965374249505,74.52128072766271,36.89001644995385,B,1,7.3,healthy
L-1057,chilli,27.240219084153587,69.94430032670788,10.559962134901747,650.1545005490125,5.602274385076432,61.79808799038019,31.49616725205329,C,2,84.4,critical
L-1058,chilli,25.837377211588464,55.52155719145529,7.8764873132818645,665.0688550199941,8.591520578447774,83.78291139155604,25.959431987529562,A,0,9.4,healthy
L-1059,chilli,29.48421893381058,67.9474480264457,9.793088059903166,631.582334889667,4.850410138830577,71.09505095694809,24.21410635056542,B,1,94.3,critical
L-1060,chilli,24.77448817357482,83.2817845151674,11.005903229516154,469.935280577098,7.163797963309161,85.3059971426194,10.443623273374,B,1,62.2,high
L-1061,chilli,18.83484995522163,64.17608611395131,11.324656979202302,564.3095073919851,4.5612810285283185,64.32370501625057,28.717561090941615,C,2,67.5,high
L-1062,chilli,26.674565296319493,74.21881053324533,9.838806088273572,718.7484207131274,5.324594528249274,71.50124922164753,64.44650469588713,B,1,68.3,high
L-1063,chilli,24.596417735632873,55.69980527223109,8.718933108781442,655.1732751485608,8.143496754410597,89.19675348722687,18.859252259225354,A,0,16.1,healthy
L-1064,chilli,19.615307991911514,68.08061496035131,8.566377130378212,510.37820899198414,7.228004055179811,78.49902763422094,2.618590515778676,B,1,3.5,healthy
L-1065,chilli,24.758896424725794,61.65079435437065,8.772816755123314,555.2536730698487,6.478471309334433,85.14038188237015,41.88000968812225,A,0,38.3,moderate
L-1066,chilli,23.719752753208027,56.48002102171578,10.629083951221913,617.5582716789924,5.368683968512222,59.54170941170318,34.58224292474466,C,2,47.7,moderate
L-1067,chilli,32.200508049791104,79.84702428134004,11.528189334535213,935.2464195958975,7.1951303881604645,66.45881258377209,85.77567245879338,A,0,98.8,critical
L-1068,chilli,27.538870672721952,56.06302531536123,8.49974557962436,527.0951629255576,6.707635460010512,80.13804957613922,17.15761138010309,B,1,4.9,healthy
L-1069,chilli,25.11781155856545,59.84417438800226,8.759554700324415,539.0598653501966,8.029794164033625,88.4583038305292,9.294667533016408,A,0,8.1,healthy
L-1070,chilli,27.23583889424094,56.26823695350784,8.167867097023583,658.7422387342399,8.137729899074085,86.74304061029379,24.90254767704311,A,0,6.2,healthy
L-1071,chilli,18.906374481552376,64.21166547634593,9.18406268668415,491.36356304569915,6.429410440233087,65.59561560995374,21.85513342858996,C,2,19.2,healthy
L-1072,chilli,24.996246967280314,55.772515751231765,9.704499073510151,503.20603361769747,6.3436544831986295,80.06174718231298,6.034052940515547,B,1,8.6,healthy
L-1073,chilli,26.65313306615887,71.58615847938924,9.990672584792408,515.6400516990423,8.453317222049344,83.2093744734436,31.719517227991016,A,0,42.4,moderate
L-1074,chilli,25.981748918371547,45.66179019915524,9.541487129089049,554.5044690701742,5.3979125723345245,68.54483283359502,20.39563850852153,C,2,22.8,healthy
L-1075,chilli,23.382631485414546,60.095165729941925,10.648635049913334,812.449894942348,3.9807567828389967,53.68115295943129,75.30357157332524,C,2,95.3,critical
L-1076,chilli,25.10734207243103,58.25795012733648,7.992887165717792,515.1563743105221,7.384225870770734,84.16626774182,32.113700363695784,A,0,5.8,healthy
L-1077,chilli,27.443232612352485,65.94059660275283,10.670406846605866,683.981188365072,7.149157452894385,75.19966396799622,15.337440605987021,B,1,72.8,high
L-1078,chilli,25.421278801426357,58.29534489407786,9.686751322309773,582.2579534303384,7.171986533897213,72.43647552154926,29.125695641254097,B,1,36.1,moderate
L-1079,chilli,31.260448394600015,54.25050111960662,9.861012832653897,730.2098718741255,5.7173332779079695,70.20785958746808,34.08837966149556,B,1,58.0,moderate
L-1080,chilli,31.134201451398,55.3745242750993,8.073808642099625,689.6751737160808,7.661991342355854,82.56271700565952,44.836023882100456,A,0,25.4,healthy
L-1081,chilli,26.93742821872291,48.775966281222914,8.665301327760965,556.1825006867513,8.222906714961091,84.24368236932189,30.232287779748972,A,0,2.5,healthy
L-1082,chilli,32.43844604611233,68.03494155611969,13.29282702853106,1204.5014841449747,3.5582723684259125,35.529880538169756,108.80304792111438,C,2,100.0,critical
L-1083,chilli,30.453283529460588,48.77056483142926,9.758006775878764,588.654494842292,6.528568000572959,58.1836690073951,10.118157249259848,C,2,62.1,high
L-1084,chilli,31.694730969297435,59.60895706785431,9.788680072045079,626.0216217774248,5.317939372049211,71.93963484151986,20.115031883947662,B,1,63.8,high
L-1085,chilli,22.15671300927077,64.65994269816781,10.623577887801085,400.0,6.004138382962572,72.5899948475966,15.395422621279856,C,2,38.6,moderate
L-1086,chilli,23.033811412237718,79.3984589643281,11.716172870000738,663.4985384708436,8.1576203909047,75.48337217832518,22.685179327177703,B,1,81.3,critical
L-1087,chilli,26.53825317321963,59.28141316185563,8.99650059116753,647.4469008531111,6.956143822802915,79.79219784397186,37.202508307526095,B,1,18.6,healthy
L-1088,chilli,25.688448413588752,55.407655468019584,10.34213545385225,719.671063547486,6.225077021273244,76.6520909003647,35.313601422572624,B,1,74.2,high
L-1089,chilli,33.28373313355915,58.05348678058611,9.633957447320832,813.3421804138533,5.75919908462566,67.99924102821116,44.06370504631224,B,1,86.2,critical
L-1090,chilli,23.200194246436666,47.91885221715457,8.973463560645582,650.6676750590334,6.1622122471455665,71.49321751324408,31.96772175775546,B,1,54.9,moderate
L-1091,chilli,25.65202108444931,51.19851268333193,8.562093562985858,582.2305865274271,7.697001947841118,87.27548593158838,33.42301930405039,A,0,14.2,healthy
L-1092,chilli,25.95318148251982,54.54444174655457,10.507901266777,566.8312724843327,7.516750794855063,76.60480177617598,32.454893615141884,B,1,65.9,high
L-1093,chilli,25.610361147308783,58.66274291120754,9.070356830642208,631.978115412969,7.510225517367009,92.27709118908771,20.97783988724029,A,0,6.9,healthy
L-1094,chilli,27.206881042672332,49.66098754846738,9.237399181914306,614.1963509047122,8.140015730848026,82.7032911986486,19.715939254182977,A,0,20.4,healthy
L-1095,chilli,28.27811806843713,63.66617535314285,10.795156808831885,590.8605050473061,7.276363880344565,78.8646492197388,15.124477033643064,B,1,41.1,moderate
L-1096,chilli,29.496841779125408,60.07738594076398,8.269629669534174,741.9984581127492,7.576011347331616,81.54728299699126,45.72612357829097,A,0,31.1,moderate
L-1097,chilli,34.02495394102249,60.86541269006146,9.126114470157521,669.0913475357911,7.71988777761119,84.14810368606898,3.347686925525314,A,0,59.0,moderate
L-1098,chilli,25.878993296510078,50.54382435160475,9.570921922432733,672.6694244343048,5.462452740659324,77.84232607044336,32.88038150819785,B,1,48.8,moderate
L-1099,chilli,24.62581680351576,60.42479829324043,11.372060073015302,664.2358198029228,5.002697118001041,56.571871063536655,51.79562700482854,C,2,93.5,critical
L-1100,chilli,31.70092790025688,66.76593097428889,10.08426236431108,884.0996718497977,6.736865610138504,74.15057046959642,61.44032570639891,A,0,95.9,critical
L-1101,chilli,25.127712492559912,53.496152939903595,8.24978731918931,521.1052006248358,9.189907552073857,96.34446333184889,2.131540174375302,A,0,1.1,healthy
L-1102,chilli,33.396594181494955,64.88015179708509,10.548292596090361,777.8501457505522,7.377592748969344,85.74916246804507,21.516287527177056,A,0,76.1,high
L-1103,chilli,30.773712999035148,56.34094958987208,9.915212731697839,707.9546576811051,7.326610871811952,72.08478129843137,15.91490489206017,B,1,46.4,moderate
L-1104,chilli,30.944693551850783,62.07802853471899,10.517775838467093,713.8771746755958,6.4241667329014405,76.22329122779465,20.07870067373034,B,1,73.8,high
L-1105,chilli,28.375809244312528,70.05563548199463,10.202810993792518,807.8881054858992,6.788924069648,71.94277983379656,70.33208255842004,A,0,84.9,critical
L-1106,chilli,17.518188952804135,69.0838720534556,10.329748979193255,510.47870582927123,5.9763695534004135,72.0284753689731,16.00325120797937,B,1,57.7,moderate
L-1107,chilli,20.31302238492767,74.44082486084501,9.356821467580529,679.387570148923,6.802668149786262,84.37790662286282,51.710787971763274,A,0,43.0,moderate
L-1108,chilli,27.537211857589472,59.03935540275215,9.083202094123617,686.9746542364232,9.483598137830388,79.7405133231741,33.222541268118185,A,0,20.3,healthy
L-1109,chilli,22.83495773502517,61.01290102700508,10.658668518018914,570.0265058810307,5.3648388881423985,70.09991931108793,19.371841638197196,C,2,73.4,high
L-1110,chilli,24.092257599349317,56.037446953725215,8.287050110981813,590.9795470849904,8.456393871512693,84.3842636585485,17.770593828022605,A,0,3.3,healthy
L-1111,chilli,28.01156827806971,47.10947026997238,8.90659178951071,630.3687112729648,7.636916996318961,82.05802419075725,35.80712155968274,A,0,25.2,healthy
L-1112,chilli,25.483425159995672,46.1476564491889,9.03544683442533,695.9107530160932,7.84614181335235,84.61490610250982,27.93610153440036,A,0,7.2,healthy
L-1113,chilli,21.744491902242167,56.99429781663331,8.87427154312397,400.0,6.773372706305574,82.87056491254097,5.576610766386901,B,1,2.3,healthy
L-1114,chilli,31.70724852369765,55.29980934594985,10.075647972745353,655.5535996212877,6.038860081847107,58.74100514250876,12.885874824873671,C,2,79.8,high
L-1115,chilli,28.795728914905148,74.02186008305966,11.95468175575928,706.1309183603853,4.469591172398134,61.374390684388146,36.48330406876456,C,2,99.8,critical
L-1116,chilli,28.290237567066963,70.56174463528389,10.049117219678811,555.7182534253689,8.147535660612176,86.74168183167772,9.677361866204476,A,0,21.3,healthy
L-1117,chilli,27.830946089569583,51.235402794811186,8.039269440077105,715.2179023965007,7.590794417435513,77.1288503897622,56.86256662252889,A,0,13.4,healthy
L-1118,chilli,27.50824568553393,65.06448263576932,9.308027599487499,504.0617696258106,6.929655567722246,81.63117520971967,7.1257983643669,B,1,36.9,moderate
L-1119,chilli,30.084645362508578,57.31769670822353,8.390318839651774,778.5942931654204,8.552490915381929,85.48759338961962,23.855110649972325,A,0,10.4,healthy
L-1120,chilli,25.687529812563945,62.83466558786502,10.808299082844707,624.9106797090805,5.032999087384159,63.49356044646825,46.722490185659,C,2,91.4,critical
L-1121,chilli,33.852060772641934,64.21166165802165,10.053900508707066,623.0642406475699,6.820478570979316,70.18388514920672,11.968263848803787,B,1,97.0,critical
L-1122,chilli,18.289992861093783,73.8679195858818,8.88098960344005,400.0,8.751529297524316,88.71711352002208,9.047118450595997,A,0,4.3,healthy
L-1123,chilli,24.259665576407517,55.06784807946731,10.094464994357969,660.6896816163753,6.042601489118814,73.49833522458191,40.917666568661446,B,1,56.0,moderate
L-1124,chilli,23.54555974786978,71.99506844258124,9.576192183538282,728.2965829039174,7.516280969607457,84.37278732447021,52.85310867431075,A,0,54.6,moderate
L-1125,chilli,19.98083604817668,42.06660622898106,7.886257946270937,536.9123684292847,7.3828628185751,90.1095176784451,25.221856932611278,A,0,1.0,healthy
L-1126,chilli,28.62776527631019,71.66256343565986,10.138951911074267,728.239959663791,5.4963818061046155,78.04467155879622,21.042469314996787,B,1,78.0,high
L-1127,chilli,27.823807280292087,60.243747310442004,9.489602363054683,526.0831848051613,7.170283856131021,79.34962054202983,6.837388291427903,B,1,13.0,healthy
L-1128,chilli,19.030254235453672,64.12830681956919,9.938888544730554,577.5831715904436,6.648291675721818,76.07910168896589,31.024082271566346,B,1,49.2,moderate
L-1129,chilli,25.42983978268705,45.58068992741674,8.82967482991839,515.3114404008317,7.509635375228537,79.0882164542944,4.633493972057843,B,1,3.7,healthy
L-1130,chilli,29.87344650154247,59.96171812935058,10.368034082812835,857.4495916675223,2.588236397449415,44.92505875989067,70.99231367444719,C,2,99.5,critical
L-1131,chilli,20.65559583158632,70.31285798671578,10.931235744189532,623.5664028546036,6.159481463018159,63.48511061678305,26.191932502756664,C,2,84.7,critical
L-1132,chilli,22.884809951648098,53.19919426652502,9.93242042790803,428.35503305905553,6.262262902992896,78.28485130057804,13.127857234023903,B,1,26.6,healthy
L-1133,chilli,19.946754497424102,68.70353923795959,10.481052569237763,628.6425562213036,8.963235312304533,88.45627301631929,17.625188123479198,A,0,14.5,healthy
L-1134,chilli,26.056663899522565,64.44127525632943,10.774734224159236,647.6908989214704,5.339628877283971,70.7812083549956,32.82742291529602,B,1,85.5,critical
L-1135,chilli,25.906108528278082,73.05247845275349,10.370037958871992,504.6456341707634,5.3246480940567045,68.98104323075074,20.178394092940515,C,2,44.9,moderate
L-1136,chilli,30.569798113145936,61.762656458837384,9.155483432853245,639.3364505360203,7.03318842383594,86.98482804724698,28.894603914357944,A,0,38.5,moderate
L-1137,chilli,26.400651337784915,53.79712185473953,10.307241939866516,581.6636243833306,7.0831270548456065,81.49269592026295,11.47250688435369,B,1,18.4,healthy
L-1138,chilli,21.593201501932736,62.74421907789588,8.601524452428947,599.1274941986821,7.080700103363169,77.73983933773472,62.27134684482389,A,0,7.7,healthy
L-1139,chilli,27.455246614886732,74.85778050744914,8.918537798251247,478.5987192117727,7.946031772453759,89.22376466341403,17.94323038690361,A,0,8.2,healthy
L-1140,chilli,26.65464385137801,65.05592657653682,10.064682741737508,554.0122902469584,6.045931198871312,86.71550834009507,3.1252168067742314,B,1,75.9,high
L-1141,chilli,23.965711896297524,59.24656924476543,8.95102994514828,520.5610084487971,8.858892919358441,86.27893993190855,21.625169527160704,A,0,1.5,healthy
L-1142,chilli,20.919445966998072,77.93740477236305,10.761758403335287,556.8589421678868,7.245111240804381,79.0605296636236,15.697036246999277,B,1,53.5,moderate
L-1143,chilli,28.535805425990976,68.37478401038312,10.132352708379504,711.5045356546243,7.2537505606259725,65.42054665953056,59.4772889101675,B,1,79.2,high
L-1144,chilli,27.50795633747743,65.24613415405723,8.756752860495457,722.7630663821753,6.483998450641152,77.58207958049307,13.18795699106388,B,1,46.4,moderate
L-1145,chilli,28.56358684570608,58.05837185685186,8.717018347981716,651.7277602838818,7.801801391055023,85.58664765062642,19.94739084235629,A,0,7.5,healthy
L-1146,chilli,26.50354614949764,67.0010442948052,9.729831678523679,659.6152741217005,6.8909938419954,92.76450767855363,33.50989053200364,A,0,42.4,moderate
L-1147,chilli,26.234919445020857,66.74286854013289,10.691056409341954,738.9051972891091,5.8195532656657605,80.74417202489562,44.26671994246778,B,1,79.2,high
L-1148,chilli,20.639490243141502,42.64055429708187,9.370430744519018,579.8940155096127,5.480786459036158,65.42067393086691,74.1651237501363,B,1,9.6,healthy
L-1149,chilli,21.88537635958866,67.33657776440238,10.134434488062448,491.16845753477776,6.815131380795313,77.08836469261065,14.182112114003854,B,1,16.6,healthy
L-1150,chilli,26.702121836302794,62.52563036051866,10.789686309435817,912.3819479879426,4.763383500671966,64.12323793305293,68.69878590942844,C,2,98.1,critical
L-1151,chilli,23.735617702482195,59.75740991670008,9.56259225081235,667.1361978834115,8.068860877297652,76.02760989051542,57.91781790613424,A,0,51.9,moderate
L-1152,chilli,20.09654480951073,55.96982139773483,9.966828138657899,495.5514375242444,4.954218670987609,67.15643508933397,15.493236852261166,C,2,17.2,healthy
L-1153,chilli,23.61956377681573,41.7014839846387,7.558101251317577,498.4287112482449,8.554952853475795,84.770188005779,13.928952233950332,A,0,0.6,healthy
L-1154,chilli,23.931778882915346,46.550739833861684,8.699894357345283,697.8790660500115,8.197565889689502,89.18926925773147,38.93534545546099,A,0,7.7,healthy
L-1155,chilli,29.634872509906792,75.36492207163917,10.842223392009538,675.4531026830001,6.570329227061981,71.17389864043787,28.37025674417868,B,1,55.3,moderate
L-1156,chilli,26.31814355992792,68.8273977190116,10.38824512189706,600.9053890920969,7.492496676077906,89.53765824929283,38.86213707281486,A,0,72.5,high
L-1157,chilli,26.989413302250888,39.73787948416662,7.50444610110981,746.5436225329066,8.183518180561252,81.76803537587536,22.18382807865999,A,0,2.5,healthy
L-1158,chilli,23.50003431028864,48.82242728457345,9.111220067653678,503.913780755453,9.230534933009963,88.71597147567243,30.57154079783061,A,0,2.3,healthy
L-1159,chilli,23.01125206013188,69.02179399086954,10.247396035237966,575.6991724663046,8.353433346400996,89.67380609577596,26.32240791821888,A,0,25.8,healthy
L-1160,chilli,26.561565256424295,59.14619324024255,9.374817372890536,608.009884886481,6.186389301970393,76.69117940891584,38.48129987661754,B,1,61.6,high
L-1161,chilli,20.0870523217084,74.96126964796103,10.285729604978735,452.31524251175625,7.906854962768092,82.42779192136985,13.503815681061653,A,0,11.2,healthy
L-1162,chilli,23.859819613734135,73.73665227543941,10.197068717721596,550.8964391975826,7.67946336637785,78.60640906359713,32.36009435773962,B,1,69.0,high
L-1163,chilli,30.578395467718483,50.51849932635958,8.688507417823779,767.7758614915218,6.060571692415423,60.191395681696505,73.15727635218963,B,1,40.6,moderate
L-1164,chilli,33.015784456238585,56.94824641547295,8.374498363512748,874.3457945964766,5.7850190693352275,71.86117342974676,70.36296386831629,A,0,64.8,high
L-1165,chilli,27.313225437704343,52.87984323306368,9.727540541301549,550.6334793424951,7.842425519456479,83.25682571364699,35.1889359334178,A,0,14.3,healthy
L-1166,chilli,29.540123591572513,49.09873880628002,9.792714325979015,698.2354166818909,5.1430096944346575,61.34288448599699,13.256918894530372,C,2,54.3,moderate
L-1167,chilli,19.935199734773608,44.53428574502586,7.736747759890463,738.3907081094807,5.507421901721113,58.611722724921556,97.11052370911563,B,1,57.9,moderate
L-1168,chilli,23.19126606672545,57.17121740435156,9.72037834838454,648.5565874261893,6.465803723003438,71.49295277787054,38.49048407896068,B,1,27.9,healthy
L-1169,chilli,25.131352393993613,49.11799450233049,9.55165728573031,821.0423722719083,5.246796328309859,57.03359346022031,90.85738069664734,B,1,92.4,critical
L-1170,chilli,30.83783660741196,64.24972783237426,9.727050040638847,745.6736227146457,8.334443768883455,85.72704756081858,39.644586526311215,A,0,39.9,moderate
L-1171,chilli,25.029144206239543,70.35652618315726,9.19857337110069,605.4002894055554,7.698682511388671,93.96196205471074,1.8028421596633364,A,0,5.1,healthy
L-1172,chilli,28.381033489368225,64.00250459971784,9.394196810105752,765.7333139347955,4.632987686890273,55.661086816101765,96.69578160741294,B,1,90.1,critical
L-1173,chilli,28.620466728261245,63.978001339613186,9.90143156774415,789.0825377063734,6.779542860541119,78.05379859357349,52.38293543775217,A,0,58.8,moderate
L-1174,chilli,28.330887575413335,51.415110699437506,9.471101616655542,611.9771196263836,6.5468015825232095,72.67717363989811,29.705919165225886,B,1,51.1,moderate
L-1175,chilli,26.278909584109734,63.83271571129796,9.136898582590712,597.344702750744,7.729720964156792,79.48961684903871,5.180179215911073,B,1,19.5,healthy
L-1176,chilli,22.269631286817205,57.122975621985695,10.84700455101855,660.2374624473896,6.304628086151831,69.44163423075143,56.39824564791776,B,1,52.4,moderate
L-1177,chilli,18.5745009516452,59.36195852727032,9.324586269220097,590.9593700823258,7.423122842170821,67.75122384333075,39.3714794172395,B,1,28.9,healthy
L-1178,chilli,32.211892847768574,74.72534162522025,10.4665317610945,952.150972405381,5.946046512300528,66.08101452471959,115.20572238943629,A,0,98.9,critical
L-1179,chilli,24.255255751490356,40.38402823176389,6.595558270873876,554.663388804512,6.452452695642758,73.3445045446172,84.90710041203313,A,0,2.7,healthy
L-1180,chilli,22.683231249040308,39.26354191390836,9.01233844701598,742.6391596903115,5.600895683324457,77.10199279837369,89.10266612183278,A,0,30.5,moderate
L-1181,chilli,26.590569086674762,64.8850423694532,10.11382742500251,745.1088791917068,6.650811885070352,74.86240162636179,34.498759408053616,B,1,70.0,high
L-1182,chilli,25.687598269601786,50.90205780665395,7.59229500949829,632.400994032372,8.297311520170872,80.38474037463745,33.35916043255249,A,0,2.6,healthy
L-1183,chilli,28.67136607985234,53.35302938228978,8.290670972280568,702.1440944741983,8.579382743986455,85.49710676360374,39.69179037709487,A,0,14.9,healthy
L-1184,chilli,29.344290163105327,50.08529885913253,9.177638872692674,678.834068622751,7.784627791017742,87.24836272249338,16.965179936422636,A,0,9.7,healthy
L-1185,chilli,19.08553574331919,43.29684565504694,8.563094577575116,491.87065762279184,8.04940060977834,87.86019827594932,30.37580647769594,A,0,1.1,healthy
L-1186,chilli,21.958992811673724,65.8777804074986,10.836330015481964,609.49239656022,6.882391803758176,80.73685248433539,25.88496537492835,B,1,54.4,moderate
L-1187,chilli,25.399916291316007,68.28470718032236,9.017519187871436,687.5007425710114,7.765914466854963,70.30513000019603,67.36407033219841,A,0,23.2,healthy
L-1188,chilli,28.78869902556004,72.78860869147665,12.381093155368141,908.6174127082803,3.0962647609031415,52.52278376741197,76.83891752027506,C,2,99.9,critical
L-1189,chilli,17.476071404115313,44.604974812719426,7.58718664931333,506.7510851853796,7.471461002211256,85.55690581979009,47.73167707652841,A,0,1.0,healthy
L-1190,chilli,26.51221045565351,45.70803674741944,9.893687644931903,552.876803544382,6.558296638279179,76.10601385604355,14.632957667107505,B,1,36.2,moderate
L-1191,chilli,29.447035104547048,44.63012549829066,7.977695385517979,823.2310819186015,5.84451348330633,66.00772585382619,100.8240174313959,A,0,42.5,moderate
L-1192,chilli,30.1906091403555,68.12366419593356,9.57034879951307,756.007505957826,6.4521060928675205,80.6411341881246,56.19563575084301,A,0,88.0,critical
L-1193,chilli,27.517714578637772,66.22038836157503,11.464945301636181,666.4192614205411,4.68610078185375,59.85219257594618,37.71581516995298,C,2,95.0,critical
L-1194,chilli,31.031287006634077,64.32519979393624,10.856441800831622,765.2023510822087,4.830337336682614,50.944058941192594,44.60045399962833,C,2,98.1,critical
L-1195,chilli,14.748896065806042,61.302936774918166,10.677841108865906,411.55598647620474,6.17084122579859,65.0842814319461,8.271980581763078,C,2,12.7,healthy
L-1196,chilli,30.892075034703446,59.43608555565448,10.060982225568354,622.0163617269194,7.903394215302244,90.74217318006968,25.922503609277857,A,0,61.7,high
L-1197,chilli,29.704907139907878,46.53072899276373,8.237336558537335,791.6706699669398,8.079079966130637,75.64175768203513,71.31662565355428,A,0,7.2,healthy
L-1198,chilli,29.13546279947724,64.83161720307342,9.714884664910088,568.6638556246457,6.729657824784665,75.64310909082242,7.859608880397168,B,1,64.0,high
L-1199,chilli,20.90062836185698,59.01464473557828,9.454525551958943,493.08732958056186,8.577912486060484,92.63101445718553,7.618315504430275,A,0,6.7,healthy
L-1200,chilli,17.98193945304825,48.538910549544894,8.92368385544944,543.004145032622,5.775834698542018,65.88622406643914,56.44285926442725,B,1,14.2,healthy
L-1201,chilli,31.011422322551876,66.35679394153087,9.367690413524219,796.1220937526429,5.825438181656356,69.77602650641533,42.380344606645835,B,1,85.3,critical
L-1202,chilli,22.96471831587485,57.09403761969978,9.968961852332582,570.6046559862502,6.908246448813576,78.38427867194649,7.9586192378358485,B,1,16.0,healthy
L-1203,chilli,25.97184227304861,58.88493321430066,9.76002357535799,546.1311996275725,4.910727367222006,80.7068867723707,24.10900886173369,B,1,60.8,high
L-1204,chilli,27.818134041340702,62.454330089504644,9.930073021804803,715.6408080806389,7.247419440063148,74.36177796063586,37.71590310710659,B,1,73.4,high
L-1205,chilli,28.218068537178805,67.39947017053456,7.9100697865741845,730.5489492083896,7.750935864657576,86.18881109942993,34.508550761046216,A,0,34.3,moderate
L-1206,chilli,27.91029620284504,67.00818157381143,10.410115964938697,645.7444333626048,7.237114068196786,82.626970780179,39.91597701061926,A,0,47.2,moderate
L-1207,chilli,25.69115590309489,53.307960194546425,9.083452609872005,540.577211294288,6.216650951376634,79.0890680211935,22.697075045973804,B,1,17.2,healthy
L-1208,chilli,19.99086402121194,68.81082840296229,10.192565157568083,616.8136400875919,6.074325079762702,74.38097151043631,35.825320691715085,B,1,36.4,moderate
L-1209,chilli,29.578053651091583,66.7180060281769,9.90014843513045,664.1320064750693,7.996500747049364,78.38756854918098,47.671427775079046,A,0,56.2,moderate
L-1210,chilli,29.738055995371287,65.28356565077245,9.350902172505764,676.923071356699,8.884717208194193,79.60744400731485,45.108886920395335,A,0,82.9,critical
L-1211,chilli,19.58670648185091,67.15354769272835,9.894824580038598,457.4660109072205,6.131353558311663,74.80622016937905,23.24411108951842,B,1,34.5,moderate
L-1212,chilli,31.627573421613636,52.35145250909696,8.821500436947623,799.6256145369861,5.930890245427317,73.08280291987731,50.84274425462109,B,1,63.6,high
L-1213,chilli,18.609584216059837,67.61052385957235,10.529053634673941,432.6080299751571,6.183846053842288,73.73373890354978,13.1808428747907,B,1,36.4,moderate
L-1214,chilli,29.77226805960228,44.906023110805506,8.744157902720472,614.3490235397043,8.38687904695897,86.89238581967426,17.62259180615704,A,0,8.1,healthy
L-1215,chilli,25.871031137786254,57.153057954431986,8.539764865079354,637.4832373799077,7.726983528519645,80.05422438240593,56.38804518893903,A,0,10.7,healthy
L-1216,chilli,26.933594140129838,60.02724087956135,9.585250906816096,774.9487478634373,5.758736824754947,68.96337610855245,50.10215166998027,B,1,78.3,high
L-1217,chilli,27.26267437647203,73.14692097269062,10.48601341118324,587.442144479985,8.399725578579012,84.52195361321736,24.933944302584134,A,0,40.7,moderate
L-1218,chilli,25.168457826758516,61.11001058511381,10.289094528374084,495.02394028384003,6.837667633436498,81.76003193376597,17.319444494091144,B,1,7.5,healthy
L-1219,chilli,28.54966037887538,62.54548880343981,10.555718238885618,549.9093475326036,7.857572714234739,75.89562465071769,19.3288424900473,B,1,51.4,moderate
L-1220,chilli,23.546217712061807,47.1424073981715,7.476481150155739,638.6983997884209,7.90560894493778,74.30421078653929,46.21119592600862,A,0,3.2,healthy
L-1221,chilli,30.670789803667255,58.337165025844605,9.382205927792773,767.749819144503,7.807375630007205,83.98091325321653,40.23901947261012,A,0,46.1,moderate
L-1222,chilli,34.49111273814641,55.9754701864835,8.594742558155247,767.6950251970111,6.724175375487044,78.09032436991582,16.41046855639472,A,0,49.4,moderate
L-1223,chilli,23.93110524170489,85.21189161180874,12.197369594398314,652.663229928425,4.643061489621678,54.835259388367156,49.85907181134471,C,2,99.4,critical
L-1224,chilli,14.780631032139295,53.74396898378404,9.811753812844971,439.06561885021074,7.4428943954553155,77.44854672707602,24.07882471943912,B,1,9.6,healthy
L-1225,chilli,23.719661117213665,60.16338803202312,9.917865034573742,688.6863977741818,9.300604512152548,91.16491306276768,13.580252705151457,A,0,5.2,healthy
L-1226,chilli,25.291568484942346,66.48827519824935,12.242688643858147,596.9778732054061,4.554409070101006,65.71534793774389,20.997117841902643,C,2,86.6,critical
L-1227,chilli,26.2243590029785,44.82298997342424,9.887670797329841,608.01939504462,6.2329507054018345,76.3437354726077,32.139424265766,B,1,36.8,moderate
L-1228,chilli,21.685832400546044,57.510982401625505,9.877852636519549,633.6078967428431,5.628365640849795,63.48052651859752,48.639258560347905,B,1,61.1,high
L-1229,chilli,26.057124830830087,62.49873763727407,10.214781668325546,728.2076103283555,6.134471149287206,53.956151962418446,46.463170748366984,C,2,85.5,critical
L-1230,chilli,18.42594881657268,55.185851236758616,8.27719079579623,526.0671029190277,8.29870263332373,91.74836603191436,27.78365576065414,A,0,2.0,healthy
L-1231,chilli,27.969790258796277,35.61428395851071,6.240493326189462,575.4341445501985,7.539931848484896,80.29959265795782,35.00883881533221,A,0,2.1,healthy
L-1232,chilli,30.544913744308282,56.114839654044545,8.069978782724009,622.3322842468316,6.476330859777674,73.73125995868013,25.95892882700029,B,1,14.8,healthy
L-1233,chilli,25.156372675555122,71.29079005183735,8.515261297933142,543.7246578099634,7.005957560717555,84.61846330292305,16.43550192599561,A,0,43.1,moderate
L-1234,chilli,27.2964519505511,66.5216465734769,10.60130253335984,611.0010973841066,5.5381546979012946,76.89282507242986,28.5887762592746,B,1,71.7,high
L-1235,chilli,28.79976106669821,74.40014867060735,9.294449813769024,509.2674287427125,8.410115748834592,85.53890396351143,5.133588754047349,A,0,61.4,high
L-1236,chilli,29.06827658873642,52.30295442889277,8.734895346910248,902.588584466132,7.797690161651216,74.61588952106707,77.8237814665761,A,0,63.9,high
L-1237,chilli,28.175305481591334,69.20266169850926,9.296788622313592,642.1673678394901,6.78460453533474,83.49495386284649,34.344036122662196,A,0,65.8,high
L-1238,chilli,28.338975567610923,61.383252109818656,9.684236125655278,678.0154439325714,6.91723310455442,80.99389837101299,41.37626910810589,A,0,65.9,high
L-1239,chilli,29.448282382024196,74.83882639124035,10.705325447263581,622.817278520547,8.607087821038334,82.8494354176242,17.049642315236174,A,0,60.3,high
L-1240,chilli,30.41918206574043,58.30306589190534,9.06018461581018,688.4533626322358,7.057959309296622,79.24821407278796,34.12945983943487,A,0,18.9,healthy
L-1241,chilli,18.08614298592981,42.99027846997176,8.104936734832595,541.2839559825535,5.238304240195371,59.64376083334102,38.39121740305475,C,2,7.9,healthy
L-1242,chilli,26.405424200757846,67.88140163981663,8.909549467597113,579.6596439093414,7.933243391400257,84.77459235948598,25.008746850640012,A,0,15.5,healthy
L-1243,chilli,20.74180128706578,54.19337524556617,8.830701059996365,598.7196727187838,9.028808176930195,93.88426132098556,26.059728377506673,A,0,11.5,healthy
L-1244,chilli,27.706073149677163,56.080336176994706,9.052651613204054,616.7271943947757,8.645775888985009,94.84486090577454,9.573727151815664,A,0,4.8,healthy
L-1245,chilli,30.253087667306865,51.1628335269985,8.180886848116044,821.5699847153741,6.565268345537136,69.52296644972694,94.76395883835858,A,0,85.6,critical
L-1246,chilli,25.160955604660497,78.74245893926332,9.900453460647626,534.3867623807181,8.71005448706626,89.47673444730316,16.841635598772186,A,0,15.6,healthy
L-1247,chilli,25.10130672473604,55.874521853585996,9.64699278423895,642.6770170395425,6.002055559093937,70.85454078645553,18.704136667939068,B,1,31.1,moderate
L-1248,chilli,30.03826753522418,74.34712344787454,10.514031163384994,879.6462856772945,6.7993302048487,66.65057156548642,81.13702613693002,A,0,93.8,critical
L-1249,chilli,22.898251347530852,51.8196735838728,10.115641761883387,562.1123351252157,4.80597329132356,63.73270270160491,42.75141902050042,C,2,58.1,moderate
L-1250,chilli,27.72608697311062,56.80838852075535,10.15897356583097,788.5235927643721,4.635179346735187,53.6212303052256,48.91609170869307,C,2,92.9,critical
L-1251,chilli,33.94847437176988,74.98478822837222,10.044490750352264,627.351488673168,8.600792338642052,84.28789153875805,8.986470561154356,A,0,62.8,high
L-1252,chilli,31.306099725171414,61.595841971110914,9.354022591947666,761.8454308357552,7.909816962443046,80.66002781705092,33.82109099502676,A,0,31.8,moderate
L-1253,chilli,27.19919284562295,52.60365978253168,9.475475146582209,423.3626705712164,7.831749939371187,88.27369514266283,9.089690031720218,A,0,2.8,healthy
L-1254,chilli,32.97783612704496,48.58813448941931,8.898057371045445,647.2684541516858,6.909269806754028,65.16095797815734,14.817929463360477,B,1,27.9,healthy
L-1255,chilli,28.182092564153436,55.50000368277644,8.128471259208297,894.2928086371179,7.0465322138289945,68.14943846965971,103.79131840387579,A,0,47.1,moderate
L-1256,chilli,25.634434750573163,65.90670872758079,10.367614123570533,569.3948684219965,5.460555014137033,67.90090364468482,12.54271391884598,C,2,78.4,high
L-1257,chilli,23.180032498585668,46.95428761553294,9.29519473306445,673.367943011964,6.647174939179329,64.88481415042584,47.32478567850293,B,1,25.3,healthy
L-1258,chilli,24.971519884430403,54.45308010309309,10.282433379096501,509.0830674533834,7.029835046721468,78.11191509643558,13.621170477648077,B,1,42.3,moderate
L-1259,chilli,25.457996162196466,58.07422088019699,10.770262179728421,599.9779176661167,6.456675454254266,83.48664007955462,15.109826780302253,B,1,40.4,moderate
L-1260,chilli,27.986130507815332,58.27723214115994,10.072023259844133,980.3523587194991,2.980057146541831,44.63151699811766,120.0,C,2,97.7,critical
L-1261,chilli,21.34698439507126,71.59390876051641,11.115304559508745,590.6282151663381,8.8867536706312,84.46227249414514,27.89060814695302,A,0,42.3,moderate
L-1262,chilli,23.139600605577574,57.88040172243603,8.475668906269304,633.1955478318459,8.053588100201067,91.86046031284461,8.358556916455482,A,0,6.6,healthy
L-1263,chilli,25.6304976195024,57.80095114833566,8.977735310405054,746.7134221702561,7.788526656506014,82.52796885165087,48.717806905370395,A,0,15.1,healthy
L-1264,chilli,31.603855257235335,87.14274489989208,11.97385196581497,958.8638878398381,3.2096813020506128,50.34593168418943,67.95082305618087,C,2,99.9,critical
L-1265,chilli,24.57144173855926,59.327544025086624,9.495403485403658,724.6560218951212,5.976945384727831,71.89918115608346,51.845490269963584,B,1,65.9,high
L-1266,chilli,27.4107173683825,58.474026968123106,10.022011945031977,584.7295509705577,7.0387281280218135,74.49298632529259,26.069126696990637,B,1,65.3,high
L-1267,chilli,22.534870340233,61.264616748629635,9.578848414642197,539.1852504776477,8.590437035638423,84.94541445553016,26.743528761679897,A,0,6.7,healthy
L-1268,chilli,22.72742198120581,52.28553081650943,10.81455090902405,467.0986418085679,5.541155116412891,68.03999321363673,19.67346281702232,C,2,55.1,moderate
L-1269,chilli,26.794218472550476,66.76651142234769,9.44690509100339,499.10438580001374,7.2265828037140505,76.66983564014323,11.217925009517211,B,1,28.7,healthy
L-1270,chilli,28.280403802274005,74.74244522387957,10.16303549341237,642.3854681510438,6.637028303688169,66.98447146801757,37.875519260914665,B,1,86.0,critical
L-1271,chilli,25.50418420046045,65.00573855807133,10.930334106032996,618.7958080945639,5.308388074861257,64.17729599165358,25.089662784428235,C,2,91.3,critical
L-1272,chilli,23.834340588240693,72.19064798260433,9.853166349449564,455.78394227654843,7.949498423558359,92.90543051247717,9.223093171373254,A,0,10.5,healthy
L-1273,chilli,24.354973388464796,69.28225847945107,9.806815342525843,599.3233052202676,8.741685290779484,84.42251799378347,28.41384233617156,A,0,26.9,healthy
L-1274,chilli,33.90243797507107,61.248263861322876,9.648490938756307,685.6643648083599,5.90336957425996,73.35965065810773,16.927752226275004,B,1,80.1,critical
L-1275,chilli,28.548591729913593,61.554196604480964,8.76005224843618,600.6326366091365,8.978996862495071,85.24925528656077,36.46011358550457,A,0,12.0,healthy
L-1276,chilli,24.380904059124703,69.83159403762434,10.085756017357227,716.9797408978826,7.735966059807222,89.78360952092092,33.902344902670876,A,0,59.7,moderate
L-1277,chilli,22.923005664904203,51.66691107479477,9.000462729813442,472.7453026556407,7.759003428444186,87.20240812649256,22.429858654451806,A,0,5.2,healthy
L-1278,chilli,22.1159194316453,83.74355236163498,10.668289317974848,653.5232019207236,8.45622646979632,84.1639314532545,29.435728458289915,A,0,45.1,moderate
L-1279,chilli,26.409734887809645,61.34654304032525,12.1323231331918,541.6486906410162,5.45371438782941,64.54276174873294,31.354338526209535,C,2,92.7,critical
L-1280,chilli,26.62726816060026,57.14213934328687,10.72794120252601,746.084647512076,6.313422355587969,73.68063733697988,56.376434646493706,B,1,74.5,high
L-1281,chilli,26.73916530526527,44.626405543901015,8.905628208097369,551.052177192995,7.850730097973466,89.3585073539079,28.637547072737892,A,0,17.8,healthy
L-1282,chilli,26.09878745355538,54.29357459208067,8.63541803199975,546.6378353116113,8.36138516104161,87.88090642237405,20.059592277479496,A,0,14.5,healthy
L-1283,chilli,28.35657411930423,65.10344378522832,9.174695456768786,744.3515393884958,7.659771838872942,85.43599796316829,24.211796325630875,A,0,25.1,healthy
L-1284,chilli,24.3482212746785,78.753566722264,10.922359195846434,841.0604702814304,5.473478059751162,65.0802786575757,90.12553466318563,B,1,95.1,critical
L-1285,chilli,32.51685234107004,55.71006842677758,11.126509262788863,610.0777093328267,5.712276617359105,60.07737415793252,14.056393104352605,C,2,91.2,critical
L-1286,chilli,23.144986473639634,64.37737399993733,10.662842894257127,614.8037503027386,5.686051885671197,70.06470438792398,25.45159517835633,C,2,75.5,high
L-1287,chilli,22.185786220811234,57.645184404617815,9.214866702505507,531.4386685682962,8.253660852653512,93.88572852831449,25.159824073925726,A,0,3.7,healthy
L-1288,chilli,19.306744774986576,66.76278435262996,8.799855494302344,518.6912449333527,9.173983720272354,86.98643320352998,25.984795002591895,A,0,5.2,healthy
L-1289,chilli,23.121911944705385,75.52608279683898,10.79362770626555,475.1703676025461,6.41954703426267,78.37269381507578,10.86294479346092,B,1,27.3,healthy
L-1290,chilli,29.241321776977557,75.55389995180195,9.999775013866213,605.8446826797324,6.9449793333740395,73.29269311155669,24.10910738092544,B,1,90.1,critical
L-1291,chilli,23.92422945357882,61.40220612528193,10.712952610731287,525.9066363871729,7.229857377077341,80.96273590558347,19.2476930410733,B,1,65.6,high
L-1292,chilli,30.545748429461767,61.09339458864717,10.174565042953612,769.9095318596103,5.47272986796372,72.95488262351205,36.34033966351031,B,1,90.5,critical
L-1293,chilli,24.637576172855567,68.63950044382364,9.964986512602769,710.9768638541614,5.558688596877106,63.82328907818286,61.927063946469744,B,1,90.6,critical
L-1294,chilli,29.296995832408356,62.61152055246541,10.10988048237366,647.7376772715147,7.524680286786728,80.40727870527951,38.39033597529223,A,0,74.1,high
L-1295,chilli,22.64351998968053,48.159362428794914,8.31044540113517,576.2505129080831,8.441864249287129,79.60186313300123,32.212765022728675,A,0,4.9,healthy
L-1296,chilli,22.48969518868138,46.86327692532932,7.54977898018854,577.1362019215904,7.684543458612843,79.80748015585519,41.106039852535694,A,0,4.7,healthy
L-1297,chilli,26.73341006401295,67.11960580077874,8.309249657246134,664.033929493175,7.917531493256489,77.42055005651113,34.41165008687749,A,0,15.9,healthy
L-1298,chilli,31.02828330666849,69.47599920167207,9.412430009086682,663.2952864070807,8.503920158099392,79.51103354670325,29.2579861202041,A,0,56.5,moderate
L-1299,chilli,27.371297406525212,62.756906256874906,10.185361583424774,739.9148964358606,6.77970382956841,76.2444771231759,54.93697738196209,B,1,90.1,critical
L-1300,chilli,29.93650828131552,61.99459082149213,7.868979260746605,665.8715210940896,8.469330937252613,83.17382373365726,23.602354428373495,A,0,26.0,healthy
L-1301,chilli,27.20816387352475,67.75489046399588,9.423314508475556,518.8021911702547,7.741463814635694,82.42984052492027,10.726262394590737,A,0,30.2,moderate
L-1302,chilli,23.540262477,45.10512581655613,9.698170036758457,609.4687699801652,6.752704792547586,81.43907421324185,18.73100361270374,B,1,27.2,healthy
L-1303,chilli,25.14763265239176,52.09678510985354,10.138953399746915,576.9374984714158,7.667219364668217,78.25946011366368,16.776695488092127,B,1,25.2,healthy
L-1304,chilli,25.664156385870495,79.70386258396283,10.181149098165552,838.6923250111083,6.310708612796794,69.1010409601187,106.23784555374743,A,0,98.3,critical
L-1305,chilli,25.04112838539919,59.760777268014564,9.491359593660052,657.0232576768562,5.764553745414056,65.92226753101806,64.37874704573586,B,1,64.6,high
L-1306,chilli,26.909171225499,47.33948401709736,10.442743957577735,655.7035813901542,5.485501754712993,64.9507796432634,32.49852443635464,C,2,50.6,moderate
L-1307,chilli,25.312483403371143,62.182016787459105,11.732265158481233,560.1757526573537,7.431608635107964,78.95461450570568,17.13519511297417,B,1,84.9,critical
L-1308,chilli,19.70962410368629,74.44362137882113,10.035283937145797,677.1400207961508,6.008255385270466,70.03227071320299,54.5618024067592,B,1,83.5,critical
L-1309,chilli,22.519904969460516,43.67456624475046,8.2382309537329,544.8216172230037,8.359235825579141,87.49473012416773,31.593896157793612,A,0,1.5,healthy
L-1310,chilli,22.08839254392621,58.466975837381206,10.106519698980007,575.426365094372,5.879882058378838,65.81445807899692,23.641973625580963,C,2,48.1,moderate
L-1311,chilli,29.04576821400633,54.85845002852165,9.228675853416604,618.7024358536654,7.066236695072131,76.65189779633488,31.78169812389715,A,0,23.3,healthy
L-1312,chilli,29.23607189127885,46.76861371717955,10.395938805712662,661.1894898952899,5.395980462447169,59.947226662862484,24.138718377372506,C,2,57.3,moderate
L-1313,chilli,19.092305446414912,64.2437133410989,10.148931879737194,655.9488590868197,5.8500619729786,71.8445247172451,40.76816748371446,B,1,41.3,moderate
L-1314,chilli,22.163052014141446,52.279426845392805,8.508052062991577,492.5091215281308,7.9687356186137,81.47292993835292,9.845255834546162,A,0,5.2,healthy
L-1315,chilli,27.621121491574247,60.04519818694015,9.65730366349671,652.5521604951033,6.8764955773743495,82.2606745315546,40.567267552830245,A,0,21.5,healthy
L-1316,chilli,20.92442311000812,55.404225488105446,9.689786434869976,485.77336822768046,6.739440453799406,78.44028015747847,24.114294970090274,B,1,26.0,healthy
L-1317,chilli,28.434133218226076,45.035898435321805,9.884058936778496,751.5815829847985,5.573311219038693,64.65993540615744,55.383009202350884,B,1,56.4,moderate
L-1318,chilli,28.653723229967714,42.89527115763867,7.159709200872039,785.6955352181473,6.532919189293731,76.3449496787534,65.38174537855652,A,0,32.2,moderate
L-1319,chilli,26.805238813368415,52.08046715860554,9.861086434096718,714.2965495860639,5.843805642193688,59.95861283144356,74.86828053873965,B,1,80.6,critical
L-1320,chilli,23.809512275954035,67.90971408663195,11.128005534252228,946.978960498059,2.5859293041566,50.88435714619748,111.37808602749385,C,2,99.8,critical
L-1321,chilli,18.27983497324542,65.12194122433314,10.666442797394689,597.5667874114514,5.903225987869627,64.82614222978921,73.17120065572017,B,1,83.3,critical
L-1322,chilli,31.92526552540122,60.440484380226884,9.915411418384403,773.7831709565093,6.33930438152454,66.6158392716061,54.213632387231456,B,1,93.7,critical
L-1323,chilli,33.719578179643435,53.48470496985955,9.086868207615927,685.8118627928503,8.238396894332068,86.80623745618989,11.162261209327127,A,0,14.6,healthy
L-1324,chilli,34.085524225638125,56.71493861185389,9.622191000301648,555.2545101579049,6.680392313839101,75.91277523561966,2.6817939271590476,B,1,54.9,moderate
L-1325,chilli,25.72699193012488,64.51958018440392,9.06064222734028,677.0976772307312,8.131093722712581,77.63905803451613,59.27040609878414,A,0,44.5,moderate
L-1326,chilli,21.64588910596982,63.991804000757696,10.971290866707033,543.2711005284624,4.5651742690238954,63.692341934322286,14.752312124113436,C,2,75.5,high
L-1327,chilli,27.342978809681924,57.79176221445319,9.85572924518451,966.0137435271035,6.560720247160582,64.81631809152695,120.0,A,0,81.2,critical
L-1328,chilli,25.918044475464583,39.595067144770134,7.838131034771987,565.1931327558608,8.721605589453684,85.61646590523455,7.442135790330243,B,1,1.5,healthy
L-1329,chilli,23.678226725817204,53.48274727521423,7.715381289725881,561.1719780956573,7.901277308622238,85.28384441174114,52.658563329634106,A,0,6.2,healthy
L-1330,chilli,27.468331575376094,52.86840355435515,8.014900320386383,652.0618801813885,7.55451287444574,79.01690445583219,34.33718335338378,A,0,6.9,healthy
L-1331,chilli,26.798609714121618,52.84302103913685,9.472957215879342,530.129435628486,7.179591849475467,74.82687015056918,8.326763896137594,B,1,39.1,moderate
L-1332,chilli,29.273446942418243,57.715360843269316,9.527623616921977,728.2420284209649,6.635634350428619,72.5258819513154,34.18457216760606,B,1,56.3,moderate
L-1333,chilli,29.591288700219092,71.04710841191631,10.276006707753409,499.1681664780653,6.646303191614142,74.20947791881903,16.363152879451178,B,1,57.1,moderate
L-1334,chilli,22.29383882642089,57.62804330451256,10.707693328683696,566.4973119575593,4.116100713169664,58.38645539182041,27.96170695846759,C,2,80.4,critical
L-1335,chilli,24.847511780253598,66.90387266834742,11.002535779364436,630.8636207091649,5.209528575213014,63.64788387085928,28.25750067552881,C,2,85.5,critical
L-1336,chilli,16.74721812741005,48.69313182181009,10.292841688274663,539.8176071732128,6.676340957374435,64.65163122625962,16.561618347693344,C,2,18.3,healthy
L-1337,chilli,23.33029612004567,56.032122765378176,8.261968804757949,555.0214976137612,8.589484346260257,85.23381545393511,22.49710395699288,A,0,3.1,healthy
L-1338,chilli,22.990353543060564,41.19974845435768,8.119029443256466,536.2107150399843,6.401009850436825,82.84752523239413,15.25625932383495,B,1,3.8,healthy
L-1339,chilli,27.633323378175312,59.923221841889095,9.491499740394842,590.8174242061199,5.543889737533357,73.59555432946345,5.367475590974546,C,2,72.1,high
L-1340,chilli,24.28696355124961,46.47606608347742,8.199143904608922,662.7532422177051,6.090477314883169,85.50148487708317,32.140106909995346,A,0,7.5,healthy
L-1341,chilli,24.507949675668307,77.69988492018197,11.445345613533874,792.1345051867634,7.407846988029237,76.59819851262873,72.92463530787857,A,0,94.3,critical
L-1342,chilli,28.833423296019614,61.84950181326807,11.116258679228931,548.543557102836,6.157482434762558,76.27483932367532,16.03243395574047,B,1,80.6,critical
L-1343,chilli,29.409115335921154,71.73365066873926,11.717935142712568,905.8565663285397,4.933755594593716,60.51292435788875,97.68409175400781,B,1,99.4,critical
L-1344,chilli,26.295904405951514,55.80947058676751,9.322759606212095,923.1087150934951,4.389622468641173,56.68874945894595,111.0636366603591,B,1,81.7,critical
L-1345,chilli,31.850877445012173,51.63662398056662,9.202219873441356,688.4801898527026,4.782473541839092,61.59872458341194,21.016825361797835,C,2,85.8,critical
L-1346,chilli,29.86217202074748,49.74757354986877,10.232242332003505,657.4713930703234,6.982310570973391,76.97607449895632,25.104671209524533,B,1,85.4,critical
L-1347,chilli,24.585784848587863,64.95868348303664,10.55424565679582,553.6700347426843,8.271403924681817,86.58723974849521,21.348184377566284,A,0,42.0,moderate
L-1348,chilli,25.30294198292057,75.24948182568212,10.319737877790153,570.5157460481587,8.397480253245625,89.15224189333377,11.318600932611496,A,0,22.6,healthy
L-1349,chilli,28.98602052524413,61.992601212649085,8.664809499260105,653.7588321769091,7.199764728698303,79.97919932754884,25.198076379708443,A,0,21.3,healthy
L-1350,chilli,27.594630571348972,62.06711591402173,9.587411149308261,655.0582244816075,6.9227264026201984,87.26509058137063,23.057193874315324,A,0,63.6,high
L-1351,chilli,21.40972475252067,58.38921039490182,10.68154515283083,519.0987389428986,5.983423700357421,67.19856378313598,31.73387796563147,B,1,47.4,moderate
L-1352,chilli,27.422480643879382,57.6912103311752,10.662244944246714,568.5435091396516,6.417359773684703,67.95774264616593,33.015680137679894,B,1,77.7,high
L-1353,chilli,31.76058492631127,73.76892327186773,9.82720470315797,589.8416449979948,8.245264309317127,88.8111926034109,10.54752869367909,A,0,39.6,moderate
L-1354,chilli,32.392253514739906,76.69921118562188,9.754368501943553,690.345111928752,7.040295811734777,75.08321444990796,45.57681276579801,A,0,82.8,critical
L-1355,chilli,29.761799879661076,60.68385490798754,11.2539378287173,599.5282252470436,5.994322358859258,62.1596195587323,24.967133298152312,C,2,92.2,critical
L-1356,chilli,33.51113096466932,67.1731024257584,9.978496868953833,770.9688981961667,7.753300652293251,79.39722577393884,12.503805489064012,A,0,74.5,high
L-1357,chilli,31.38155133967374,63.890743567567526,9.454055524085131,546.4868704076794,6.343597782522554,73.19260236406787,24.53194577095543,B,1,58.8,moderate
L-1358,chilli,28.51738427416017,64.87713662445503,10.64261916394993,721.1812034366334,5.369585445957165,71.43161961818515,33.955778307556315,B,1,95.9,critical
L-1359,chilli,25.640471038724165,56.79074986020363,10.695328467641037,893.2411011536879,6.113089374901969,64.49905383641172,82.08996277926865,B,1,83.6,critical
L-1360,chilli,24.587602490137435,59.05114229144036,9.407264580300275,802.9670416262721,8.070759491459855,69.84747674953776,73.50803943480247,A,0,47.8,moderate
L-1361,chilli,25.585887231074395,62.7133266367312,10.070175198078049,608.1887422852266,6.024069082758551,74.91762441406485,19.618297444882835,B,1,83.3,critical
L-1362,chilli,30.122914711654527,60.84086913367037,9.37078109091884,748.684078724683,7.776657833746954,80.91947249629476,26.29777724923035,A,0,41.7,moderate
L-1363,chilli,28.604381137022443,67.74294059974454,10.60823846116809,728.0425747720853,7.642465125493215,77.96350547039619,14.872629265569529,B,1,65.1,high
L-1364,chilli,20.19162269322164,74.1761485837388,10.846934225200886,577.758521159863,7.085843979387111,85.4723626275217,38.0300540613988,A,0,64.7,high
L-1365,chilli,25.052450258452534,65.13346816332175,9.798713414244485,611.2558473257016,7.228547696930799,76.71334971460735,20.49600783127815,B,1,55.8,moderate
L-1366,chilli,28.400918717233427,62.42817386764225,10.857537172246174,738.8041967882372,6.772239440611065,73.72886720880533,25.617108159838338,B,1,45.3,moderate
L-1367,chilli,22.424604655784798,89.36657882621849,10.059219642306461,640.4723020734108,7.457375971303553,78.74778081125115,60.69945545372814,A,0,83.0,critical
L-1368,chilli,28.279868926949916,61.7924487680532,9.768632653980049,580.7868213741973,8.541534269517545,87.6786093971509,10.508217129686379,A,0,20.7,healthy
L-1369,chilli,26.201740057460814,46.24440419482892,9.337218763066646,726.5511521039916,8.049981925208717,75.59534139893991,73.62096666942693,A,0,31.2,moderate
L-1370,chilli,29.671410783973265,58.61307102388476,9.505963059124959,739.6070102141816,8.427673430660494,73.77677537660149,40.74679780894133,A,0,50.8,moderate
L-1371,chilli,31.57083993819382,76.11332576080862,9.901126553371022,738.2303307945148,6.360917131730228,72.13107911616954,71.32879681496505,A,0,96.3,critical
L-1372,chilli,22.088317149176724,46.72629699495533,9.850228958975766,732.6007955346655,4.834585070144597,62.25388302495818,50.557941264559226,C,2,39.9,moderate
L-1373,chilli,27.931523200911073,58.83155179729539,9.500858920420704,772.4521046052391,6.800107984957435,83.50451404420373,57.03338226556874,A,0,61.2,high
L-1374,chilli,28.347121176041334,73.96455649070893,9.622674937235304,697.4851483903516,7.406880474225174,68.19385692124642,30.570421346402835,B,1,76.2,high
L-1375,chilli,27.321484357516937,60.087271114896204,11.387139192127982,455.9246481505638,4.423568967911909,68.44347261529448,12.214585936567023,C,2,96.0,critical
L-1376,chilli,29.42610948472683,61.50325014929559,9.450804926341803,573.0102338576373,7.931932657660879,85.89651220544881,18.432752926893745,A,0,31.5,moderate
L-1377,chilli,28.61203287949327,69.75064623900532,9.164921628410271,702.1585552708095,7.23060648066107,73.7968225238533,15.624511599243228,B,1,37.7,moderate
L-1378,chilli,17.87639319903072,56.97272573331761,10.687811308106445,419.20175146215456,5.850184997519347,72.11506886414662,4.052284395787133,C,2,31.5,moderate
L-1379,chilli,27.273686067747395,51.49484177248776,9.275353778074402,632.6131611724201,5.806798178364701,68.55382428642626,60.62618864761365,B,1,45.1,moderate
L-1380,chilli,27.837561594184205,49.92409830067302,7.265874916312182,626.798998928116,9.710890345119324,84.98930338522169,28.025110116708206,A,0,2.1,healthy
L-1381,chilli,25.300515441523263,63.52517396524949,9.357870926414783,605.2917293688466,8.164201251969573,92.22376890758532,14.575642535239664,A,0,16.2,healthy
L-1382,chilli,17.960403406433336,62.21314452961735,9.722631468544472,811.2641326383203,6.345465371858165,70.11963331867159,108.26978805687858,A,0,79.3,high
L-1383,chilli,25.204854239168238,55.4879114794143,9.637100376753924,906.069669077222,5.366093452009795,57.429798867188424,120.0,B,1,92.8,critical
L-1384,chilli,23.34997837789844,52.08411012487423,10.684771918274912,594.7966628738674,5.935794884749381,64.2956906409495,9.307537126622892,C,2,62.6,high
L-1385,chilli,33.91767579338516,57.33241023002954,10.224976800414394,687.7004077600204,5.826800271356628,55.95151387732298,25.18310253940491,C,2,82.5,critical
L-1386,chilli,26.445441369534205,68.34822993493303,9.595033455717532,645.5487145800846,8.32326276397851,89.95257863391457,23.929277689552258,A,0,34.9,moderate
L-1387,chilli,26.59881312354979,57.230259377670194,9.719119623583602,590.1427057058788,6.596457571386774,77.49387484113748,13.590549335648829,B,1,36.7,moderate
L-1388,chilli,17.862995804147122,50.81888465887007,8.638652929673546,574.283940089873,6.602810811224073,77.90411669165732,59.65509197195122,A,0,6.6,healthy
L-1389,chilli,28.427250713139685,46.46131062698384,9.880551523956154,553.3944864657747,4.6358507829355,72.06952584877784,4.11385079322134,C,2,27.5,healthy
L-1390,chilli,29.29333193285761,52.711900569576216,7.873752914571556,773.8031151865714,5.749071840647583,73.34372168960127,90.4075424383438,A,0,50.3,moderate
L-1391,chilli,24.80714716293244,60.21205845757625,11.043652506417871,640.111982603463,5.1753553607321985,70.4071872414898,31.547040911369677,C,2,83.7,critical
L-1392,chilli,30.186409006221183,82.77855704474483,12.092268096040279,1034.5520754663848,4.095289561564272,53.28427607134125,102.39592417724701,B,1,100.0,critical
L-1393,chilli,25.598870825445406,65.80253188491905,8.420030212669301,646.5672697635919,8.798134558071734,82.206659840079,29.593518983437704,A,0,13.5,healthy
L-1394,chilli,29.42789992446265,59.29476044947131,9.030167699884885,615.7729096508513,8.218342439382145,83.35535053339221,23.86050712466413,A,0,21.5,healthy
L-1395,chilli,31.531294084764077,69.25537264053652,10.645267301601791,940.0205806360225,5.2011167777177745,59.90621321028835,62.91081635786685,B,1,97.2,critical
L-1396,chilli,18.740523529312433,66.23442623360046,8.55926681549629,674.9273823401186,6.382970029213655,71.67792792747507,101.95594974843085,A,0,34.1,moderate
L-1397,chilli,20.268603266903376,51.225122192840985,9.400165364536045,794.7829339209835,5.537080747499609,60.49230469475978,91.19065670981261,B,1,26.1,healthy
L-1398,chilli,33.953341678543964,87.37286168389399,12.075162121683507,725.9029594022095,4.784445210508008,66.4404602796239,6.338876055579794,C,2,99.7,critical
L-1399,chilli,30.464886863216616,63.90476972456435,11.105311878849284,907.6127418322731,5.062527673684522,61.234604288994255,75.79044469057254,B,1,99.3,critical
L-1400,chilli,22.065599310133216,63.19063609919128,10.579639308244527,564.4405437937378,8.606650428417485,79.80205641442987,22.934219189864372,A,0,40.1,moderate
L-1401,chilli,20.31288138228465,62.39446751839837,9.55557660691049,494.07830852040723,7.821237765107872,86.53465865252316,27.28546868530085,A,0,12.6,healthy
L-1402,chilli,26.350036127721104,62.438048177007246,8.339048252512047,562.0820280463169,7.822819310986058,97.08148426528156,22.55301184381353,A,0,3.8,healthy
L-1403,chilli,23.698997517406617,71.6513023656114,10.966246322067413,582.3616063830639,5.713431689290211,68.45764841546591,18.424894838689717,C,2,68.6,high
L-1404,chilli,25.252116116567386,54.98356807061568,9.588817850240533,598.5085025825485,7.609966945199991,85.05578022727443,25.402739845847968,A,0,14.5,healthy
L-1405,chilli,24.5261646777963,67.98020976347239,10.058025643482324,624.7662313026359,9.03073939427527,91.32871018308974,13.152367984637664,A,0,19.3,healthy
L-1406,chilli,24.28861209418086,60.45773952703372,9.415415817947432,720.8593835308691,7.003314922089959,69.57422961510531,76.09614365272823,A,0,38.1,moderate
L-1407,chilli,32.21307595512962,64.4812704972647,10.156539933366,770.4721741765374,5.600523103448215,50.82671381258643,50.06133693925402,C,2,96.3,critical
L-1408,chilli,31.343504418956115,64.46130790743315,8.49907410948886,602.0626872067302,6.842661622061856,83.43060164918346,36.05605590952574,A,0,40.9,moderate
L-1409,chilli,24.73288411571466,57.558842035115966,11.375578327911024,643.28758636565,5.844248099203035,67.38550005626846,22.545437037600635,C,2,66.1,high
L-1410,chilli,24.069052578794256,67.95843738741739,8.807554661575983,590.6513092220979,7.231362057344585,73.70853211089518,19.454468220885353,B,1,13.6,healthy
L-1411,chilli,28.174122478611753,61.95471115558487,9.310422562055606,749.375953229028,6.765316661642214,67.76826008371793,41.93485411403879,B,1,62.6,high
L-1412,chilli,30.573716789044393,47.93131793308495,9.174490204456154,768.0810694052185,5.551036567361176,62.09409633636394,36.94000780829791,C,2,68.6,high
L-1413,chilli,23.06520581003567,71.86060898503482,11.076403443967049,800.5858546474117,6.466477988561389,64.80527274191537,65.95415466491002,B,1,90.3,critical
L-1414,chilli,31.781088831319288,65.62291834901545,10.928922996280187,736.9964719479177,4.367796976008091,63.53131246377995,19.723806460989948,C,2,97.2,critical
L-1415,chilli,21.5082785382266,61.46076542769425,9.698768002302929,562.6996520945172,8.480997132542065,85.229013152292,18.206221432584346,A,0,7.2,healthy
L-1416,chilli,25.244545937498568,58.50415271454847,10.920032582970627,755.7644977104482,7.070623008657738,73.14896709069241,48.60971305554375,B,1,48.0,moderate
L-1417,chilli,22.49195746987625,65.57226651099037,10.832895889601575,587.6184675018737,6.0785289224528976,66.00748549373486,55.98153447776509,B,1,90.1,critical
L-1418,chilli,25.709594538062632,68.9091840239925,10.752890215571409,923.1202937617475,4.845972934692839,60.35216377460828,120.0,B,1,99.8,critical
L-1419,chilli,26.45311538183883,51.06432175669233,11.075543064161035,482.8058349479312,5.185970869791935,64.61712248029484,6.006744286357289,C,2,57.6,moderate
L-1420,chilli,25.92677195893048,64.55068352131215,10.979238756585595,918.1370707145671,3.343734048411243,50.16800673472183,78.94283959667945,C,2,99.1,critical
L-1421,chilli,31.907616554553737,69.17063978415132,11.1821897981698,702.2127678456416,7.379783541116023,69.93412711772073,33.85003597848549,B,1,92.7,critical
L-1422,chilli,25.655399147831126,40.30954432179724,9.285856403917828,550.742639230299,5.807990490163051,82.01114719261889,20.661872581348362,B,1,5.0,healthy
L-1423,chilli,20.02255759981604,56.06560072877386,9.728154397896262,587.1316434761256,5.809034490098353,71.37778813210839,42.33446281430155,B,1,25.1,healthy
L-1424,chilli,24.433956473415442,65.78792136149708,9.529906281939079,566.2531029610972,8.333644546224928,85.40952742534853,41.28649733714212,A,0,25.1,healthy
L-1425,chilli,25.51504661531275,62.624770307669564,9.579340810744679,613.6258580184998,8.43368801190575,86.79171984301244,21.151820720411443,A,0,21.9,healthy
L-1426,chilli,27.02721997002689,67.91633518514051,10.229464921168537,438.08390900936007,9.047125171733526,81.37915263835278,6.5084323246815305,A,0,23.4,healthy
L-1427,chilli,23.48032619556554,54.67887019389486,7.90924888401093,616.3034592658464,6.693326433283272,73.2034442161666,79.12749087786395,A,0,21.8,healthy
L-1428,chilli,33.13340818673309,52.457884758011915,8.936538846660397,689.9473233847019,8.091852974852072,78.94487578069688,16.895581342797975,A,0,35.2,moderate
L-1429,chilli,26.712864035898797,46.74538530853022,8.777317003310682,506.1233108449933,6.396622295227066,76.87278651492078,14.761657802056467,B,1,3.1,healthy
L-1430,chilli,24.587995707748913,73.44071930317301,8.961199793684534,640.7018507500727,7.9677647111971135,89.93524477918172,18.292668090450324,A,0,32.7,moderate
L-1431,chilli,21.696276445012458,71.18537412872189,12.655080908150667,731.6229343184627,3.8311842152261715,55.38519437496118,54.08515998034873,C,2,98.8,critical
L-1432,chilli,18.936927595617252,65.48832812524354,9.065250023593537,567.5887822418233,7.699443928473756,76.49950501819353,23.26287875192512,B,1,37.1,moderate
L-1433,chilli,24.809415175596165,49.87672766556225,8.633458604276623,585.1747406350727,8.424382167801513,82.70602017222507,18.591750753537344,A,0,9.1,healthy
L-1434,chilli,27.60113125484322,76.01797336232762,9.454810011290355,679.8951460478122,7.638929930671013,81.27988995983395,40.34048855003279,A,0,62.7,high
L-1435,chilli,21.08807324132048,49.50444259196745,7.195131229055434,475.5847501381069,7.692259811435211,80.93935537447634,36.30182223120796,A,0,4.3,healthy
L-1436,chilli,26.444204384202735,52.84790188475273,10.566618977528227,661.5916336025475,5.095982622788684,72.69822308858521,18.931572354434884,C,2,55.2,moderate
L-1437,chilli,26.302838558848663,61.22990747950622,8.257322696187394,575.4831023140549,8.421202207706083,90.28618956377417,6.378943777606197,A,0,7.9,healthy
L-1438,chilli,25.26324401239211,65.79828822715302,11.097951369525196,858.3588215345072,6.261411651783277,73.67645759195204,53.24668459211158,B,1,92.9,critical
L-1439,chilli,23.601183899470012,69.30987235846696,11.873454342182695,707.3962165172165,5.2917364625283865,59.921573855786725,36.80091507840044,C,2,97.9,critical
L-1440,chilli,29.105637405612256,55.522436097543874,11.244942207950972,565.6083424348144,6.531294763376193,68.44937780221107,4.359908627628957,C,2,81.8,critical
L-1441,chilli,27.288824696683417,51.87270972038444,8.63786693605079,808.1438296209383,6.90060944399887,70.83171516522503,86.81829219181198,A,0,62.2,high
L-1442,chilli,24.318845185737825,49.59808047313598,8.04751065259869,540.2577618868439,7.76882954640235,92.27718182460094,4.146856288322878,A,0,1.5,healthy
L-1443,chilli,23.461937772258782,52.05397852313312,9.751510767136656,615.4564558792302,7.882683500331637,87.1044969487026,15.76293991932851,A,0,8.9,healthy
L-1444,chilli,24.70884157140833,87.66543543421793,9.673593490513612,644.7987316964511,8.440191130320803,83.78011487412293,16.65152429621174,A,0,66.5,high
L-1445,chilli,27.75425544020568,66.05690310551093,8.165079055206567,592.3280400894222,8.04803246215843,82.69071185234586,19.162139163110467,A,0,20.2,healthy
L-1446,chilli,28.646352023713852,70.84714667806233,10.917642369806845,565.9661869243325,5.439544929803708,71.02571872943652,18.65416997928725,B,1,90.1,critical
L-1447,chilli,26.078688491748306,58.576738570392116,10.57388005827513,456.2507402197771,6.118739164208657,63.12859711613477,10.134678179398685,C,2,62.0,high
L-1448,chilli,28.109960070363016,61.75354035428054,10.98084979032207,625.8799894193203,6.583347572443489,68.51190607524346,34.26039071256909,B,1,81.1,critical
L-1449,chilli,29.889283141188365,64.8615322560164,11.603329783860131,802.8670626126749,6.5076722464122385,67.31802517810468,59.49410096134752,B,1,97.5,critical
L-1450,chilli,30.152331378548826,59.18875494208759,9.914052690121684,793.6488955063091,7.46882952264309,77.15186149869226,33.91820667051858,A,0,58.5,moderate
L-1451,chilli,26.567782548747957,58.708915601900124,10.41956358491529,769.1756630771774,7.069055741035242,67.28491479380502,38.29238106458152,B,1,82.1,critical
L-1452,chilli,27.032092195681585,50.066168032451436,10.449649282758259,688.2908000590113,6.051946928186106,80.0457258408803,23.687532854568232,B,1,40.7,moderate
L-1453,chilli,24.586440734377064,55.65005370449708,9.945915711917028,696.4615763614926,4.352855323631783,64.91366071881015,32.94813193749906,C,2,72.2,high
L-1454,chilli,29.00102479777219,59.92436255051454,9.50061324804723,658.8537574832665,5.027423571775092,60.57800809037379,40.39095065126773,C,2,83.1,critical
L-1455,chilli,22.6220845774076,51.95011249853249,9.21123972414554,545.3215577143454,8.354142140237936,84.82569114936322,50.08060447228357,A,0,3.9,healthy
L-1456,chilli,19.4463796102414,64.10170121883374,9.169928884394995,429.62688111515956,7.701381435775059,89.66896784815118,17.429464864484306,A,0,2.5,healthy
L-1457,chilli,31.547689461252514,64.46541127749771,8.235061025848918,524.3507297777496,7.982586355847255,85.6484783487217,15.576586853342683,A,0,17.6,healthy
L-1458,chilli,28.62493690001169,59.93672146273631,9.332450213464941,506.59862179268674,7.555715908392683,88.20899371644792,2.743588975458965,A,0,8.8,healthy
L-1459,chilli,23.893420877916288,53.569607374161905,11.205466177017701,894.134207798711,3.729131215645239,41.87894587021485,103.82911217976225,C,2,99.7,critical
L-1460,chilli,28.003202702087997,61.20158056353528,9.554789661682511,892.2551679750513,7.270106674515646,76.00069098923389,99.53274659237475,A,0,86.1,critical
L-1461,chilli,20.96534258696221,49.002237921096956,9.070924819964635,553.2411827677814,6.203639052282455,73.19593690425951,28.858519612409168,B,1,8.9,healthy
L-1462,chilli,19.94582577780591,62.753025390768826,9.355908700135462,497.54720275961625,6.308724370316714,68.18218967409554,30.10862617293926,B,1,24.9,healthy
L-1463,chilli,24.652125071190035,71.34820949195034,9.72747585603011,821.4651273310272,5.9564092998624005,67.80372961676993,82.70516490370181,A,0,83.2,critical
L-1464,chilli,22.884909755919498,45.76925511604998,8.633405175702839,473.5725105849847,8.461862639330223,86.27504609835681,10.44134201219193,A,0,2.1,healthy
L-1465,chilli,24.342151872472208,80.4031238672303,11.343019362382474,564.7491793509517,7.815590311769786,82.42929528460965,14.228990373805487,B,1,69.1,high
L-1466,chilli,21.379655202171175,61.29110311715101,9.313448476427181,668.6247936266225,5.582856444777331,74.21486356234458,86.13630295337039,B,1,57.8,moderate
L-1467,chilli,29.26708630738491,67.22029466082847,9.70483124333041,717.8202860285111,7.551809246963217,81.48262780366703,23.493816963941175,A,0,75.5,high
L-1468,chilli,33.55480089274671,54.75615351734515,9.16969989690764,673.6449564750469,8.201197286550688,81.97858604358561,12.521732692315313,A,0,32.5,moderate
L-1469,chilli,24.0914444272628,71.24470936632393,10.137489235352481,692.2382594999123,5.879259064498313,64.1332195763309,42.0956253961399,B,1,81.2,critical
L-1470,chilli,23.730825639239015,61.709678727446196,8.949994527069462,475.3706497376944,7.6614394486339075,85.2767385889214,17.516215780857173,A,0,5.0,healthy
L-1471,chilli,26.033153398602952,55.53331515122509,11.487670956456139,863.2980023657631,5.0994486672970725,53.3496832927776,76.43284151247315,C,2,97.8,critical
L-1472,chilli,26.249461286419866,56.05637446730499,8.659602253836693,658.501061197285,8.106766375550794,84.77102599075307,32.747382430719256,A,0,16.6,healthy
L-1473,chilli,19.014102387704828,55.72023218528578,8.70729313201516,400.0,8.754079218408553,86.18225405702451,18.10835561873012,A,0,1.4,healthy
L-1474,chilli,26.836793811370576,67.09601602944008,8.956028210525513,666.2177612536154,6.011113199694761,77.9891665153162,18.944446132248444,B,1,38.1,moderate
L-1475,chilli,17.90672164422167,56.726162872905164,9.324456750471807,468.31644048704214,6.385666246819142,73.83679151660799,40.663670442530986,B,1,7.9,healthy
L-1476,chilli,23.50954311388015,62.09147392445852,9.752341310583008,592.9148130251587,7.454970191176316,77.1326861353971,25.806514361728585,B,1,13.4,healthy
L-1477,chilli,28.70526779697711,53.65033412399564,8.485391582993854,736.7912444436075,6.518288134949407,81.03882489095291,23.209034118358787,A,0,41.5,moderate
L-1478,chilli,35.06773227641463,55.9736007268541,10.278526532810314,899.3957965141157,4.955493528869049,54.83538167124588,51.4261679367426,C,2,97.6,critical
L-1479,chilli,27.24837827782086,53.51049834560853,9.879267868382986,743.1800156485766,5.836296677945939,65.33287794840408,83.46789234617331,B,1,70.4,high
L-1480,chilli,20.305301980931784,64.41243214589532,10.435916087176723,610.5718995310029,6.8884151939987985,71.52886107216013,46.52547875065418,B,1,46.4,moderate
L-1481,chilli,23.788555301394727,66.14222915112745,9.597952081005717,625.052983378423,9.170040642782778,86.94325251617462,16.370965745692917,A,0,13.2,healthy
L-1482,chilli,26.172626749566813,68.47504845223354,9.569949103943934,520.2967809550684,7.874852926764713,82.532163715326,11.837689088760241,A,0,15.3,healthy
L-1483,chilli,24.713576164160877,56.84411210620678,9.044530006268454,637.5699155065711,7.27899969698058,65.10093046604038,49.357893361544065,B,1,16.3,healthy
L-1484,chilli,21.485371622276116,65.36070273251349,8.74372639528591,574.9506439674493,7.522753599055394,75.71381026424352,46.46056418967353,A,0,16.4,healthy
L-1485,chilli,25.973127009597206,52.946261271836725,10.251943003564008,641.2443199003436,5.972749223837576,76.10762710281978,21.90260077433178,B,1,41.3,moderate
L-1486,chilli,26.51502088945843,42.315791910292596,7.331287164805344,499.7302193746341,8.327509127101864,90.208791077462,26.19979256194642,A,0,1.7,healthy
L-1487,chilli,25.164222959418165,53.36846887272782,10.291539134561173,616.4951658119455,5.360867072427984,69.10341240130595,17.1786587634925,C,2,45.0,moderate
L-1488,chilli,25.379038078164115,59.10671857083712,10.435694845710614,526.9074650611532,7.97207827798736,82.040853413259,12.095408333538112,B,1,32.7,moderate
L-1489,chilli,22.200939681451718,51.84898549266564,10.196175089965154,540.3232569248377,5.826128352287258,68.72759404875502,18.39597309401431,C,2,58.5,moderate
L-1490,chilli,25.6328521448145,56.26156835892097,9.858855817102725,515.8503936924416,7.514434101598402,84.2500613785953,1.8903272100649025,B,1,19.0,healthy
L-1491,chilli,24.008923910544567,65.63539091736448,8.828145672404851,731.417545629215,7.474107172638134,80.5612965012797,67.02186644301327,A,0,42.2,moderate
L-1492,chilli,23.989839216003308,48.85295392134891,9.713030208776054,528.2081792367243,7.994036484110268,81.65699249882216,8.822495517296064,B,1,25.4,healthy
L-1493,chilli,28.076429768835332,55.4316878014957,9.85682116931565,744.0417296582419,6.980229195297444,72.40852962834589,29.327189341648104,B,1,47.8,moderate
L-1494,chilli,28.382432688334035,74.12918518150389,9.200410542821787,631.1691881559758,7.57642977726799,82.9983529924741,3.3705467450157025,B,1,22.5,healthy
L-1495,chilli,19.8420275515769,45.31693940307142,7.196786421171533,489.27408110794596,7.723992567716448,86.17316457728728,45.37045619108187,A,0,1.0,healthy
L-1496,chilli,29.893436696776615,62.27123805977274,10.140117116531428,861.7829209782149,5.8124143257954115,64.92587783431769,55.28114960374455,B,1,89.3,critical
L-1497,chilli,26.95372920843146,55.74885379832936,11.363420867294645,691.6790048103733,5.756837619486592,57.659514394283654,31.365734826881674,C,2,91.6,critical
L-1498,chilli,21.385657412954387,51.94086883097477,10.078210788625153,572.7525457758911,6.764849088004247,77.88715696553953,28.01847646983868,B,1,25.4,healthy
L-1499,chilli,26.167350446661043,60.721523707996624,9.223824568154544,634.5143658495375,7.9865681868863385,89.80066728901697,17.12095702191238,A,0,5.1,healthy
L-1500,chilli,22.814696086930976,52.06916563428151,9.790750072578073,644.717198638255,7.002807581806172,68.3588551908454,65.90740873475988,B,1,69.7,high
L-1501,chilli,25.206374289883122,66.15871280564917,8.374579503497324,453.0368040558676,8.125857764372835,82.93589457179984,7.0382660840748725,B,1,7.8,healthy
L-1502,chilli,25.46957248305844,72.90188876505218,10.834499750728105,603.3920180737874,4.974965380573451,61.36687215846567,20.759848844878828,C,2,87.1,critical
L-1503,chilli,24.127791669735917,66.57586925054112,9.273896307993109,513.8834877170674,7.956103191990905,88.59837699061703,15.452124862752807,A,0,9.4,healthy
L-1504,chilli,26.45063419349086,58.4665763767227,9.811953209372136,709.7803121254398,8.88610945056326,88.6991327379591,14.987865463296023,A,0,17.1,healthy
L-1505,chilli,20.81754204837107,52.18680686253614,10.64573123509641,657.0518424713964,6.125984078368061,64.62437308607993,64.73301638204126,B,1,44.4,moderate
L-1506,chilli,32.33355024281732,55.728163040610596,10.160653722399493,714.684938165165,6.472202445604896,79.85870834203565,26.70158273200267,B,1,69.6,high
L-1507,chilli,26.8956395482665,63.48211817132906,9.751112522178968,609.4651702608131,7.076491636124472,80.09901699111575,17.00707787613778,B,1,26.7,healthy
L-1508,chilli,22.58132559057397,67.17983952697656,11.30231762611884,710.4294545080979,6.536904178971131,71.18805586711191,37.679706729406504,B,1,75.7,high
L-1509,chilli,26.16146268449367,73.42876675372828,9.601331296356575,587.5517381243185,7.876192937912539,82.61613814365296,35.43676771036619,A,0,32.1,moderate
L-1510,chilli,27.185989398040213,70.34207675064738,9.846665213869281,634.7722679143568,5.962519631939887,62.29007977796063,54.59368449951899,B,1,85.6,critical
L-1511,chilli,27.862223857724636,67.9354603067987,10.101375311417325,782.2541997865254,8.065480839065348,77.01382020125487,40.70112365863853,A,0,74.7,high
L-1512,chilli,29.01050527917132,81.55275228836564,10.900244840393174,684.2420730772332,8.012825239088972,85.78356119376068,27.66088097971316,A,0,89.0,critical
L-1513,chilli,37.858448373679586,61.314687784419725,10.09015946545993,845.9471783051478,6.125105709226141,63.58464458477088,29.15148812070248,B,1,96.4,critical
L-1514,chilli,26.195171642320645,57.299333976950784,9.662699269132652,713.4533051389151,6.894841362555018,71.38485528095784,39.41917911094336,B,1,68.4,high
L-1515,chilli,23.662844900842696,64.37973684680834,9.958488695679462,603.8764147958259,6.25462678445278,72.26779846814613,13.45006758928651,C,2,35.6,moderate
L-1516,chilli,23.054741840879636,47.74337683577359,8.236402416151197,555.458578840831,8.422779482330057,87.66327322876951,34.89571423594723,A,0,9.3,healthy
L-1517,chilli,18.72908875166198,58.19253610923491,8.521220988998225,614.2045971374899,6.696997305305913,70.93285331958722,82.20408654121748,A,0,12.8,healthy
L-1518,chilli,29.767865812706724,46.63422308851487,9.566704268408795,564.0238028080496,5.137545758455197,58.23098664279566,31.38533406559757,C,2,75.1,high
L-1519,chilli,25.209996386318217,53.31509984054508,9.298010968773289,527.7032780271708,8.404939850736213,85.26197889517641,22.37449731875051,A,0,6.7,healthy
L-1520,chilli,30.160520108920743,56.25178827377442,9.302397122632211,659.7574511338224,7.028672237136904,79.84050797119733,22.14430564911334,A,0,46.5,moderate
L-1521,chilli,28.350558548379343,66.77584479465156,9.165858108899634,636.7644369017673,8.096023313362956,83.07568743641109,38.25595392024395,A,0,19.1,healthy
L-1522,chilli,22.73589662375079,69.69687874940911,9.434297672718316,521.6115782286732,6.077146329687982,70.37433109351893,33.49645375716637,B,1,28.5,healthy
L-1523,chilli,18.802662674020944,51.035909609039145,10.741989208626705,611.7622812736619,6.334658279101866,57.00972744412678,46.88709978099657,C,2,53.5,moderate
L-1524,chilli,29.212004263226422,78.05442559736532,9.146009351127784,708.6893086996799,7.860416416866452,71.30678363282607,17.94488854875814,B,1,56.8,moderate
L-1525,chilli,26.60156195305704,58.249665860609575,9.513025187034444,616.2008731146987,6.758781434914815,71.29730677547605,25.53036530162623,B,1,21.9,healthy
L-1526,chilli,23.06224977231824,64.47988147603752,8.227802876948562,555.9712944054036,7.548129722804317,82.77762992653685,52.43846268527994,A,0,12.7,healthy
L-1527,chilli,21.061736209094967,49.419417921878086,7.958311244177071,672.387620303115,7.214713064381687,81.3974617799725,55.332480671542406,A,0,5.4,healthy
L-1528,chilli,25.425366558260688,48.6881974297593,8.809785362611104,635.1249181515699,5.49254061315339,76.5294322140484,55.636077128642704,B,1,18.8,healthy
L-1529,chilli,30.683702991112632,64.78779245152172,9.584754297587333,842.5352425621296,5.774317828823894,73.30481842757398,48.65818527848855,A,0,70.6,high
L-1530,chilli,26.91612123945147,64.53657708874285,9.283581207990743,681.5508481735433,7.169088586757194,77.96559949002977,49.81654934431107,A,0,56.8,moderate
L-1531,chilli,24.177594694187825,65.67972155815309,9.112502349079673,615.1833808632954,7.56525816060159,81.11709904236118,34.849638530075445,A,0,31.0,moderate
L-1532,chilli,28.607587096468322,55.65701262006512,8.025676894362087,679.5112653119248,7.378473360450159,88.9830775032599,8.496949515155725,A,0,14.9,healthy
L-1533,chilli,31.993401655286558,49.457470758062065,8.340361575960006,555.7349222057258,6.234069410823732,78.72214536884414,9.33163179112493,B,1,18.9,healthy
L-1534,chilli,26.535678408812856,64.04416267873295,9.849860722493535,578.4381937219412,6.221976461541945,78.38896158995043,30.933479262412675,B,1,79.2,high
L-1535,chilli,37.17074277227885,70.08773640018016,10.135680288401199,778.8241367311894,6.933082039012526,78.54726041960629,31.959564051776173,A,0,96.4,critical
L-1536,chilli,24.48504370851813,74.51937207926908,9.291735241596955,544.611543281883,6.342400746189265,79.2797143660755,14.69197408618586,B,1,42.9,moderate
L-1537,chilli,30.37555466881224,58.3392221783196,9.13204301998294,795.3537060298271,7.427414459428888,75.0444813210514,15.51579259453203,B,1,51.9,moderate
L-1538,chilli,24.43640522050076,75.01692934097336,10.141728848663801,551.1218148087379,7.532006528439745,69.3409575983317,27.52717811733828,B,1,44.6,moderate
L-1539,chilli,29.22663962075662,46.51041349544318,8.322796978908165,798.2694390659593,5.230367972539511,53.36058105237382,113.9819291461811,B,1,68.9,high
L-1540,chilli,25.270200073439742,54.257806594357824,9.323682299650422,500.98820291601476,8.184274808213754,85.28947288049747,12.447018673955753,A,0,9.0,healthy
L-1541,chilli,26.946228970462357,79.27595774726215,10.663633871872046,637.410712473058,6.764850598004279,69.45089622552527,21.461235100902872,B,1,95.5,critical
L-1542,chilli,32.52104341526973,70.37588613196618,8.87485212651844,809.0026772834561,6.8106835102031535,75.0167446917342,54.53275085330422,A,0,75.8,high
L-1543,chilli,30.48067892319502,61.72183602840985,8.27337764703385,674.5750577045713,6.928609676340365,78.92520778056524,47.889905375372244,A,0,17.7,healthy
L-1544,chilli,30.059264082702562,59.47468277303106,8.555121186782054,688.4189046340176,7.387323736412835,80.64598685367774,36.840614426505205,A,0,34.4,moderate
L-1545,chilli,25.777363342336667,62.06545582740103,9.675973921904525,658.6842769615711,8.043350092676942,82.73711979088445,5.119567579445534,B,1,31.6,moderate
L-1546,chilli,25.828895599159324,66.54171136168812,8.528813587847889,595.2675249470358,7.441457250076139,82.81568202272351,24.436663155233138,A,0,7.7,healthy
L-1547,chilli,21.372235107533182,63.39804412194021,9.891837290875415,807.008329651604,6.363241293181313,69.74919820109427,94.18029563195206,A,0,62.6,high
L-1548,chilli,28.27299354707662,57.187499195803376,10.75247980456627,731.581610596941,6.779833911425004,71.93644076106986,15.071411881922272,B,1,82.6,critical
L-1549,chilli,28.752815635698752,44.97209587541723,8.44850026732329,564.3538500571248,7.560748479576729,90.39543040909562,14.571339671705422,A,0,5.4,healthy
L-1550,chilli,25.29258449311298,58.04772142839022,9.964846911806342,750.0980186491412,6.204202974830167,73.48729757547996,79.77385931893953,A,0,71.7,high
L-1551,chilli,30.325469266707028,52.43340064742807,7.511693963414026,622.3728427754725,7.8531445925435905,85.69833571988814,27.482892042398227,A,0,6.4,healthy
L-1552,chilli,29.110532472976864,55.25811262326799,9.056119774426888,556.7385296563237,8.66630811389238,88.58629277354302,5.569805987771386,A,0,1.7,healthy
L-1553,chilli,26.59867655432193,72.86194916384883,9.395947470997521,462.4528320846131,9.050512213593251,88.58377854207629,11.048291820724138,A,0,22.6,healthy
L-1554,chilli,22.68367527444584,77.68737267041196,8.699668760867475,542.0942981280026,9.86479700429072,84.27577401125905,18.332011173943016,A,0,4.6,healthy
L-1555,chilli,23.78941450823243,77.0759741266866,10.708711433343687,647.1033395451739,8.658972737057129,84.5751421386427,35.5532982340227,A,0,80.0,critical
L-1556,chilli,23.630246741845344,65.0778656650769,9.252771610231111,562.3826823626188,7.555042496143935,75.99789304307892,25.176272499034198,B,1,17.1,healthy
L-1557,chilli,23.39720479104676,60.00988629985827,10.667412180079436,560.0953482984494,6.879700265112533,70.77911005132042,14.003741912619697,C,2,33.6,moderate
L-1558,chilli,25.897272851634227,56.73040646925092,8.704800740606462,614.6674647299601,7.363297458649321,81.48515720330487,25.45894859646369,B,1,19.4,healthy
L-1559,chilli,27.24150761547657,64.6994795295092,11.595342210613389,531.1438994918603,6.775608707710101,79.20325170668725,15.062090479877831,B,1,37.2,moderate
L-1560,chilli,19.669044314771384,57.1180275556894,12.590599196845254,925.8847973502907,4.976969827667627,49.57653667157464,97.84576969306084,C,2,99.2,critical
L-1561,chilli,26.31613289454131,69.32268651064282,11.784360780690509,612.012558616603,5.312692117640028,66.49919062213968,10.4904555993199,C,2,90.6,critical
L-1562,chilli,28.355560471542034,46.442470638674195,9.043061196211262,526.5353500569267,6.598148714597411,75.9033819758475,20.315396235225275,B,1,23.8,healthy
L-1563,chilli,26.403703952589467,56.451756394543715,9.932338191995361,683.8712468874021,4.993141866713629,63.378343217518356,18.011940121764834,C,2,67.7,high
L-1564,chilli,14.090856082903443,64.23139305493717,10.054709433549288,400.0,5.68263524886993,70.1059190791815,18.259498841296406,C,2,22.2,healthy
L-1565,chilli,27.204849558743213,54.952203113042195,10.78157861747979,521.8100284282746,6.767325238393372,80.92073471500075,11.626541069594598,B,1,57.3,moderate
L-1566,chilli,20.627203209017818,58.00214671086343,9.21811752746784,700.2846111973145,5.3998993894016625,64.78829124818218,75.7098740960241,B,1,23.5,healthy
L-1567,chilli,24.61659389478577,66.56807568416599,10.583533816094853,994.943276216214,6.04067884782417,68.12680270138458,119.79350135636919,A,0,98.9,critical
L-1568,chilli,28.409637881594577,70.11038256276554,9.678766297500868,737.9552360435874,7.79045438251917,86.14248794522426,38.79759274523489,A,0,69.3,high
L-1569,chilli,16.090371171319106,50.79180421542972,9.790836943646818,546.4443980780923,5.215239564239745,74.15799632968034,36.37833232991254,B,1,11.6,healthy
L-1570,chilli,20.28421244440968,54.204614703779924,9.26826182322846,438.04481651333356,5.995456974098361,78.45739761626677,6.779558273803547,B,1,5.9,healthy
L-1571,chilli,30.435277882193855,47.697227120088044,8.167197342207876,788.9959478431643,6.791712172953256,72.73969413373727,74.46527281308917,A,0,22.0,healthy
L-1572,chilli,23.30295147176716,47.224803763395144,9.163070460510665,517.6215714589064,6.495937485662449,83.06698103450901,15.051092974558568,B,1,6.9,healthy
L-1573,chilli,24.132451810052615,44.44666481524673,9.360197713166183,531.3449488961777,7.5808204105333665,79.61505955418576,5.985688558252701,B,1,4.9,healthy
L-1574,chilli,33.208542113621455,59.314867399540084,9.387513239238547,773.4869128080439,6.447916399270494,69.54206242965125,43.979532685157,B,1,69.8,high
L-1575,chilli,28.027068457805374,74.82033936866468,10.758414859218615,764.4354490669905,7.544541866614092,73.74307810130054,61.44322301844192,A,0,87.6,critical
L-1576,chilli,28.763895647999124,58.037630666471095,9.868418042238392,799.8670416345151,7.189303449900393,74.51468810656381,73.9633423505263,A,0,90.9,critical
L-1577,chilli,27.426025628348906,56.5987735278012,10.556609979012105,514.395553568841,7.160779364232921,72.87243470770055,20.528637710707315,B,1,30.1,moderate
L-1578,chilli,26.428342242381863,48.44265346488362,10.630051497012857,654.836129096027,7.431768880896582,72.82926493811827,18.618887841282532,B,1,16.4,healthy
L-1579,chilli,31.032534667293277,67.9406571926266,12.105858174143856,772.2632263546727,4.8546759493934015,56.17344650808947,34.25361731112506,C,2,97.7,critical
L-1580,chilli,33.31689074746254,72.79439965734248,11.84425607962718,603.3921580512542,5.800168310331102,57.53626721965017,25.181653617254916,C,2,96.4,critical
L-1581,chilli,24.32484608987376,48.017989509419,10.15977661785713,711.8261504953667,5.344384397934352,56.879009949052275,44.60717076418232,C,2,86.7,critical
L-1582,chilli,28.398792444414745,75.54922913517625,8.766754982670413,657.9480329014102,8.15209926627908,82.32280970804318,34.524306127844355,A,0,26.9,healthy
L-1583,chilli,23.180666201771047,63.68006945714133,8.897383358966666,473.59322459552055,8.640356062753007,86.66149947127352,13.997131351366228,A,0,4.0,healthy
L-1584,chilli,24.28287145951625,61.291865715181274,9.265694289441841,679.2747533028404,6.024069680271085,77.25283312689052,75.59898478629071,A,0,77.8,high
L-1585,chilli,28.82486844275879,62.282538597475835,9.582130646450882,673.6940099780518,5.919906967662469,67.56533194746412,44.79983452889615,B,1,77.3,high
L-1586,chilli,28.8193026100317,66.27517812909639,11.054003023429237,755.0409164005999,4.198787415183595,53.97233715774437,60.45743941009521,C,2,94.2,critical
L-1587,chilli,32.2655330816479,74.12849563263993,10.53257052132807,621.4202065712802,8.538869099773617,83.31592334416737,14.214011884221208,A,0,62.7,high
L-1588,chilli,30.54736574870636,66.56191964706485,9.8302051739964,843.5648364460682,6.8036034452670915,69.16129989305547,43.882624069140704,B,1,67.4,high
L-1589,chilli,27.270866086840705,65.51232657627311,10.257104276544185,759.3535822955804,6.65314285981222,78.49114300253423,52.71907089309252,A,0,84.7,critical
L-1590,chilli,19.532524012958262,58.0084488772227,10.754900843196994,689.6226649703106,8.90392347415945,83.77310349231463,33.52891606100556,A,0,16.7,healthy
L-1591,chilli,26.317139034594007,71.09768838395625,8.32751242187648,576.637105956887,7.644219755809029,97.20056718627559,11.507375340689356,A,0,2.3,healthy
L-1592,chilli,23.542446505268163,50.02238020207849,9.291559413035758,626.5831356197953,7.145695172629592,86.40052686979519,31.226897782282045,A,0,11.6,healthy
L-1593,chilli,29.133225772673043,58.997803310758066,10.056741584511851,692.8669105886917,4.390252203666447,55.258934984600735,49.270349288936764,C,2,88.2,critical
L-1594,chilli,22.979189305372476,80.8843707335727,10.841464060518135,723.8647329871782,7.280865941383483,78.84832942720415,63.314142293551015,A,0,88.0,critical
L-1595,chilli,21.13764134758356,31.40528443541487,8.649681795915132,475.9306207719396,6.220466403898376,82.5755393501717,7.40022285473851,B,1,1.0,healthy
L-1596,chilli,21.65019572625453,61.570400492810634,10.36726246679952,625.9921401517227,6.973393967232053,71.09632465555221,33.03366856032104,B,1,78.0,high
L-1597,chilli,33.456668357209615,62.12203764530123,9.093218220457329,657.3491123521959,8.34460603499711,81.08547979551224,9.165852653245935,A,0,18.9,healthy
L-1598,chilli,24.319106489478422,54.6889492457837,8.550806209820555,663.553180652623,8.488833330894327,72.15079753057114,49.72468325478068,A,0,28.2,healthy
L-1599,chilli,27.230103023768784,55.54602755078779,8.862458788229961,737.2124846539549,5.31464917144254,64.23811139956202,59.03985885413777,B,1,53.3,moderate
L-1600,chilli,23.688888358521858,65.39304953034113,9.684696549719355,521.2234834933482,7.7377673603133035,87.11306786974141,13.089751045495872,A,0,10.0,healthy
L-1601,chilli,30.053473411244664,60.35948986172765,10.253530273076818,600.2650063844835,5.532958942518739,65.13557672208907,10.989915528570984,C,2,87.7,critical
L-1602,chilli,20.749952865564435,58.21299693522416,10.33603830514797,479.9712867503097,8.850397299377613,87.06707664129085,17.887456958359095,A,0,6.8,healthy
L-1603,chilli,22.53482841475248,54.28445949429119,10.026267689041582,635.4657255978691,4.827233987087505,74.0240133947956,25.914158264024152,B,1,53.7,moderate
L-1604,chilli,24.674464999402378,79.41954344369292,10.243808103024639,549.0966088605467,6.6896468311659785,74.97725284876039,15.958455753095874,B,1,74.7,high
L-1605,chilli,25.455771480764096,55.85252323724221,9.605897230500691,714.6938034187581,8.193189321396922,81.4667132599323,52.85554598529174,A,0,26.2,healthy
L-1606,chilli,22.125152983222318,62.70041672240615,9.589231276674969,673.6928063904297,6.331410927825609,79.26856591038394,63.538207695229296,A,0,58.8,moderate
L-1607,chilli,31.945379961020155,52.96393775006345,9.819042559892235,784.1455895926307,4.676929646021325,59.61462518837929,32.01423824738064,C,2,88.6,critical
L-1608,chilli,27.34256013045172,71.67026992960774,9.896205143478632,484.1095002191473,8.283965609355082,86.64674622440184,16.414511116359403,A,0,15.6,healthy
L-1609,chilli,23.565619236160764,70.14541399371824,9.769908579304595,597.3636136419984,7.753156571888878,88.31623210269646,25.18992763376459,A,0,23.6,healthy
L-1610,chilli,29.245456852867857,61.56700167541272,8.97129622043155,593.7063131623671,7.9080713234351645,80.13826774328246,32.007974040109396,A,0,25.3,healthy
L-1611,chilli,26.503679622386514,52.13563507793626,9.588690284392191,638.6801209233231,7.509203460163937,91.2387251869761,24.34065429719271,A,0,7.6,healthy
L-1612,chilli,25.891801168677915,53.20913737629506,9.00398579468098,600.7745686688405,6.687565766256103,73.71434221675807,27.675663544109593,B,1,5.2,healthy
L-1613,chilli,28.196106125387907,72.15085039425747,10.855535466334864,706.1862530764101,5.54101299002117,67.07602857779754,60.121282588932374,B,1,89.4,critical
L-1614,chilli,14.77530996405521,52.23751309085375,8.704938603900878,435.41421260977205,7.818825282962601,89.22016987440983,15.530924688200882,A,0,0.9,healthy
L-1615,chilli,27.50461438221902,61.97541696791963,9.64651954396443,905.5218284176302,4.655500513360039,58.58888387776406,103.21381457413669,B,1,84.4,critical
L-1616,chilli,22.15872800040026,54.98712373982757,9.880467983300093,572.9285321327166,6.74655576769027,89.36108657766032,32.72440474844599,A,0,19.0,healthy
L-1617,chilli,24.74649694841531,73.73286524838183,9.503036741269186,580.0396436191106,8.49185079299602,85.3180432326416,23.331444680218475,A,0,18.2,healthy
L-1618,chilli,34.234225487391214,52.590704537801265,10.006499765310242,706.2448808645183,6.22192895122275,70.03519321398434,15.207324877086956,B,1,82.1,critical
L-1619,chilli,22.5941440242487,49.384071074507055,9.54938073392154,604.5482496577891,6.756132377380092,68.60541603016306,16.34872770476879,C,2,41.1,moderate
L-1620,chilli,28.213944076836096,56.75270102267361,8.888208955506425,627.8358562473203,8.1892701164092,86.7871643890195,29.788430385632054,A,0,12.8,healthy
L-1621,chilli,24.758839921194923,58.664223452990846,8.830558977416983,666.3118780383098,8.524096142023378,82.80845596337284,32.55475234034384,A,0,13.9,healthy
L-1622,chilli,27.542036374007647,60.29882598864043,10.906433073693908,637.0131063602972,5.925794898854187,78.16606679865438,22.68320303820807,B,1,76.1,high
L-1623,chilli,25.0557274564791,60.180319348982096,9.668094795439686,622.8489384241618,6.293751379580041,82.25161703272958,9.095454546659939,B,1,38.4,moderate
L-1624,chilli,26.12417846795825,49.96678011717082,8.202841075691,593.1326817308567,7.162078216619199,81.26458614050156,29.792446918735006,A,0,12.7,healthy
L-1625,chilli,32.09365630740577,57.43614805484586,8.950273027104762,622.7354871964984,7.228480647237443,79.4704247256426,16.605541176443484,A,0,49.3,moderate
L-1626,chilli,30.171914700843086,50.86643241664248,7.605307910733281,533.3168794597899,7.470056381866843,76.15913287143412,5.546063008282628,B,1,2.2,healthy
L-1627,chilli,21.93811358521772,63.69218027975696,9.924134673830231,627.7824860361932,8.041790862012222,80.0594813162255,45.833257893094725,A,0,28.5,healthy
L-1628,chilli,21.399944452698612,65.82134385378254,9.13368229100281,435.9010923685223,7.892868940317016,94.50718184607825,6.4862356818484095,A,0,2.4,healthy
L-1629,chilli,25.377687890282477,59.48044576355062,8.199596378299649,660.5352288009875,7.590350684256836,82.51842599556286,21.916431095171966,A,0,4.8,healthy
L-1630,chilli,28.62736926748378,57.977693780258775,8.78207498931895,590.8672876513984,7.620842645402929,79.10980271391186,27.103373981475702,A,0,38.4,moderate
L-1631,chilli,27.684072399628867,69.59975718604976,10.097918723607712,756.4757174121175,5.885927646203864,56.252383786271075,69.40065548122145,B,1,93.8,critical
L-1632,chilli,29.154286976863247,61.33639016838591,9.570485669577415,626.2995799663257,5.075716014516257,62.395597105927415,5.867017057220693,C,2,66.2,high
L-1633,chilli,19.47540424824893,49.28070918220645,8.351068871573519,639.7995827181979,5.083803971683364,70.03382938524493,49.33459437361821,B,1,8.0,healthy
L-1634,chilli,30.232182272290817,71.61734937251524,10.602031916373612,839.3251359613781,5.981882447770589,63.254481087338895,54.77794990870906,B,1,89.6,critical
L-1635,chilli,30.534901631349694,55.72162988336288,9.836499330885852,941.0982739904898,2.6687248516654933,50.874302560926644,83.69446312158138,C,2,99.4,critical
L-1636,chilli,26.191618745521513,56.585443465386355,9.059106115600306,713.7842243628195,7.030498867533478,82.64667588628521,62.02714536981838,A,0,48.6,moderate
L-1637,chilli,34.97409703129088,61.62624857199623,9.074413410557352,734.0790735139132,7.440986441940323,78.77331797456758,27.791728247194186,A,0,36.3,moderate
L-1638,chilli,19.422619275613126,56.4963450892829,11.769474243706542,779.6680613488096,4.600262596586451,62.37988733228837,50.86870962983444,C,2,91.6,critical
L-1639,chilli,30.548158091011047,55.81327023037017,8.288220229813467,882.6052158797141,6.964941483556794,75.93143429434808,71.67435225358685,A,0,68.2,high
L-1640,chilli,21.470191252060616,60.35350271648992,9.954520134053125,522.5640909137455,6.789811720442011,81.52408457138915,4.350917505999649,B,1,13.9,healthy
L-1641,chilli,29.948451470097137,72.01548450771865,10.148259551669419,681.9059590639466,7.43825028036882,74.47960716358342,9.017928347226869,B,1,66.4,high
L-1642,chilli,28.402743288231967,68.42974039245948,8.966619212749439,717.7133061919333,7.724448141094784,77.61175209617457,35.04930922110009,A,0,35.2,moderate
L-1643,chilli,31.664065623325808,64.32127155938683,10.100316657346264,727.8864023769023,5.374279381447125,62.94798739443152,54.34911154801669,B,1,90.7,critical
L-1644,chilli,26.605811032363373,56.99404241799775,7.458271825174958,633.6966848736334,7.878233334291166,85.72167315884359,44.67850365510587,A,0,4.4,healthy
L-1645,chilli,24.03124565334085,35.34800424960378,6.819515154209229,661.611982966138,8.016080660761347,86.88818413849637,37.37023344433307,A,0,0.4,healthy
L-1646,chilli,22.759410230837204,62.027868946231955,9.397568132331752,791.0664031634706,6.571511894214476,62.708060523417956,82.91097609158848,B,1,57.9,moderate
L-1647,chilli,28.067320620877386,41.60592633500514,8.288849947255033,613.0183559073871,8.529560530941328,84.6734223096836,22.64811724531746,A,0,1.6,healthy
L-1648,chilli,23.490769399678687,41.626568409620255,8.32614296081426,626.0860765275951,7.380230332158337,73.62400596512322,16.03030081329925,B,1,5.5,healthy
L-1649,chilli,32.45330227961041,57.463737525889655,10.693567522905928,714.800906079704,4.640699660770263,61.25444961585811,19.31394232083698,C,2,90.8,critical
L-1650,chilli,32.0054934065305,57.82303393750154,9.127166785998966,766.4373889257818,6.441969622818163,63.33424133018627,35.587640012035564,B,1,84.2,critical
L-1651,chilli,21.306408551137064,56.21383731087148,8.453369611910958,558.3866507077613,7.8311299607086555,89.72228051058457,27.001670337808488,A,0,5.9,healthy
L-1652,chilli,25.930741949689843,70.48398451288311,9.502853688496554,743.0894172392009,7.48992911922701,77.03223228251882,56.464224122280164,A,0,73.1,high
L-1653,chilli,26.50939307942108,66.9144935167609,8.453671277744615,617.7023956768325,7.853717024099305,87.58065814922979,16.799964727538455,A,0,10.0,healthy
L-1654,chilli,24.123721164578985,55.553026138152134,8.967172430892942,696.0231464003502,8.791443472180205,85.25980615864007,38.9834906992464,A,0,19.4,healthy
L-1655,chilli,27.684577663153277,71.58967723514888,12.489004885928418,879.3148922014445,5.134371193559458,59.13112487434857,50.99236779893796,C,2,97.9,critical
L-1656,chilli,28.76285444643256,80.57797082530993,10.722021241412591,816.2271658265563,7.005443958620867,73.95290563489037,71.64255628668477,A,0,96.3,critical
L-1657,chilli,26.39386446946127,63.69330557317026,9.35662146847837,588.6462559576764,8.302465651687411,86.81330649266948,10.635048318019262,A,0,7.8,healthy
L-1658,chilli,32.978221697014675,51.7009566137833,9.05915550472517,759.5444291315762,7.037408632236959,80.17414549594612,19.008850396930328,B,1,29.1,healthy
L-1659,chilli,19.533291678801987,56.80443207850121,8.355725965126737,497.87211667702627,8.738985825061981,85.22515119509512,25.50526212106288,A,0,3.0,healthy
L-1660,chilli,26.42130493512362,41.62356617638301,8.477508424555554,476.9033259790811,8.054768504778751,93.92253696287968,7.864461426837624,A,0,0.5,healthy
L-1661,chilli,22.967766100828364,63.37067604713096,10.230054819318052,565.3470570923799,7.70646727316297,77.1005486993014,37.155243384817574,A,0,23.0,healthy
L-1662,chilli,27.079206965813132,53.531447157365996,9.039851553490479,603.6900377396455,6.019464699593121,76.10808158031642,36.74126145808826,B,1,15.0,healthy
L-1663,chilli,25.443128070024308,58.61168231185551,8.961717842699771,595.4988263511407,6.6712458808032284,79.77353154374788,34.481931652492165,B,1,31.3,moderate
L-1664,chilli,29.88544925080436,52.214110247067524,9.105162973691694,611.8452294461042,7.894754148252247,84.21274897043877,24.314711595268825,A,0,15.7,healthy
L-1665,chilli,30.906246139726957,41.36838712653722,10.54105820819492,908.8305525136161,3.0562509082341625,52.500891885434385,66.40891361692678,C,2,97.7,critical
L-1666,chilli,32.5529376947298,44.807729905292874,10.203560602680305,673.0329323766618,4.720578570033249,64.94075807232032,19.407416283236046,C,2,92.9,critical
L-1667,chilli,23.184375549832936,58.81068785836069,9.613176960506417,770.3045217183645,5.770813664717112,67.6587187128084,62.317147262860566,B,1,58.0,moderate
L-1668,chilli,23.289748160107447,62.68493694325948,9.412760392724483,483.3332978260552,8.385732834031254,91.82441517747247,19.054017539231,A,0,2.4,healthy
L-1669,chilli,25.572041594296593,56.719012471849354,10.205274700824122,538.1528928816797,9.658400469408173,88.9393924786521,10.365649823888983,A,0,13.3,healthy
L-1670,chilli,32.78196685808231,53.95600502610257,10.425447417904758,733.0543734687328,4.949614626689459,57.336192393937615,27.971431316819263,C,2,97.8,critical
L-1671,chilli,26.25263838469642,58.127197866444774,7.619633040127367,654.2153190637674,7.605550775057453,86.84792746940003,32.05392507030842,A,0,3.6,healthy
L-1672,chilli,21.05873055857656,46.1686180066639,8.20010606470403,629.9696281539505,6.448731456242806,77.86088634170376,39.43373198382922,B,1,5.3,healthy
L-1673,chilli,33.72199866366862,60.60335620417641,9.860349045763419,613.8544948152277,7.19407999634131,71.8091939157161,2.9285830710752223,B,1,40.8,moderate
L-1674,chilli,30.272423182529515,58.8776444762152,8.15888605019897,704.9529127134168,8.05439439022154,81.2638529294725,22.30476777104545,A,0,17.4,healthy
L-1675,chilli,26.9816520047558,58.72691312429371,10.736157718756173,821.2632735889804,5.721688093942393,60.405629881404316,98.35210935264081,B,1,97.3,critical
L-1676,chilli,20.735917897699025,59.62525011548048,10.006872756893785,569.3440479770211,5.45181166085832,68.90766979484249,17.914218952193583,C,2,54.4,moderate
L-1677,chilli,25.132849721226915,67.9909178676222,10.864706445563748,651.1815998641623,6.825381146995505,64.13941272036757,54.874420859523276,B,1,85.8,critical
L-1678,chilli,29.629785808481493,67.96083769495085,9.735179657832669,1009.7264172194667,6.270844918867161,67.15253767917031,120.0,A,0,95.5,critical
L-1679,chilli,28.43175570926761,58.62671755794135,10.530309389024962,1045.2194510823447,2.929788000385912,43.01129740404259,110.33376133610638,C,2,99.9,critical
L-1680,chilli,21.324684558425957,46.35045236036306,9.047752465849555,551.7267205371036,6.964311914830495,80.34097828600348,11.887826612482394,B,1,8.5,healthy
L-1681,chilli,26.57223424543771,71.30325131379006,10.55637872436901,633.115612325358,6.089513695115543,75.9243124762754,51.73245403696998,B,1,91.6,critical
L-1682,chilli,22.220463007661287,65.25440372919623,11.003614888062506,664.3106008396978,5.73315816756045,68.66967580577152,53.99011983339202,B,1,79.8,high
L-1683,chilli,32.481952569783516,55.735660366708174,9.169808973982711,803.9801485021435,5.718567823696293,64.36850249571089,46.10088443603998,B,1,85.9,critical
L-1684,chilli,27.92372786744851,65.54954843014931,8.798990473916982,625.6370724980707,8.255627651280207,85.58138999455291,10.142174793395105,A,0,23.6,healthy
L-1685,chilli,23.742605357889666,70.02662402087593,10.106552543287947,634.7593110957175,8.658725673809766,86.38536181435974,34.28018404664989,A,0,37.9,moderate
L-1686,chilli,21.093143507323184,69.99093320427082,9.255274345172818,433.88195723963537,7.308761746537067,77.45787404459394,34.10701989548541,A,0,9.5,healthy
L-1687,chilli,29.25072226266249,64.68665060353355,10.261486268084477,677.4556004767283,6.884218548032425,77.86030976092415,8.830852514901187,B,1,71.6,high
L-1688,chilli,24.877910761454558,65.22092134378678,9.895369631752548,675.2704318515866,6.514475820787918,70.42937226202332,23.321174090881005,B,1,47.6,moderate
L-1689,chilli,26.427596180501876,49.218598617624494,8.907461307904903,648.4062039055191,6.46598113383517,68.17982491894594,35.411308133621226,B,1,40.2,moderate
L-1690,chilli,26.369569377732773,59.32957667351819,9.276600239151508,632.7043907205291,8.386583360196159,83.75813968528475,27.344657922261348,A,0,8.3,healthy
L-1691,chilli,22.53027747706881,52.731580707496285,9.408577273519404,664.99314593793,6.030660004235711,74.89707743190446,48.493021713843135,B,1,20.6,healthy
L-1692,chilli,28.82233081341367,64.20063793495939,9.86017277789491,733.5427549429754,5.37378666861741,64.74727266423469,22.857603704190616,C,2,82.4,critical
L-1693,chilli,24.016741934163726,80.96369863954781,11.12370705866143,644.1215832381939,8.062438602619773,80.4461608261892,31.72294229992532,A,0,44.3,moderate
L-1694,chilli,36.6201175159665,61.31118795497357,9.395399593178627,848.4838928258838,5.516288285363927,60.62215229199869,57.31392500214479,B,1,94.9,critical
L-1695,chilli,26.868623743193503,53.858422333837495,9.04022249805419,837.077276103243,5.278579562190431,61.713683491664135,90.7335241302241,B,1,76.3,high
L-1696,chilli,21.941444167748525,55.696122297271394,10.162497987622835,506.0860485411406,6.819127031386766,92.93682943292264,9.932965547144864,B,1,20.5,healthy
L-1697,chilli,21.43058963469274,77.39986022181206,9.682893734385896,621.7964930489541,7.629781502730831,78.95638656205577,47.21106631093023,A,0,38.3,moderate
L-1698,chilli,28.434946705389265,62.68961078849391,10.55409355065278,531.708131155276,6.442854900322159,72.42700445884259,20.007811404000506,B,1,64.4,high
L-1699,chilli,22.70213770526631,64.74377651114376,11.850063448752039,689.303767687584,4.866686395082435,69.10168520842844,39.79721616069568,C,2,81.5,critical
L-1700,chilli,29.3596294374796,58.34875805230441,9.822981262005488,676.7927170371815,6.225467166192072,71.41773153044973,9.224883017445277,B,1,55.4,moderate
L-1701,chilli,27.903698552766134,66.71219546183248,10.237473335995041,859.6605817619607,4.020034847988635,52.549323952399604,67.36782987085256,C,2,99.0,critical
L-1702,chilli,18.509604071250184,54.75951186677297,10.244870289011935,534.920351699509,5.497571338958497,71.81214988779205,15.107629084009861,C,2,37.6,moderate
L-1703,chilli,20.33599219224657,55.175134345879165,8.023190382673244,591.2721801195775,6.501088486390229,80.27269353824643,58.030222626940336,A,0,34.8,moderate
L-1704,chilli,23.530047702213963,46.85755511424522,10.069779131745106,539.120304003219,6.084009965621074,72.53565170207415,10.455507560542499,B,1,14.1,healthy
L-1705,chilli,27.36867202510318,56.556323826909356,9.310163440675641,642.136154595719,7.6032717955366,78.04914416402336,7.445317267682345,B,1,23.7,healthy
L-1706,chilli,22.580738967492742,51.16810047445227,10.473734212263148,624.7895285197,4.848047143792213,69.13351900822703,24.784912803862987,C,2,55.1,moderate
L-1707,chilli,27.328723560275968,30.0,6.716787050541379,699.945836787898,7.53978856248248,86.30856037188542,34.52569699324306,A,0,0.6,healthy
L-1708,chilli,22.021952664381583,54.702226897947305,8.694078837532123,764.8289994699921,5.627877033234514,72.27437023858005,116.92309095171993,A,0,39.9,moderate
L-1709,chilli,24.869389324661697,51.899370357370664,10.025353225877623,590.5527185259097,5.17964951409513,63.03849301158823,33.91107088735285,C,2,73.6,high
L-1710,chilli,26.67884824249951,56.53063699654863,9.2858091719006,554.8218050846575,9.157832460978572,86.09566373137282,11.859102992993293,A,0,15.7,healthy
L-1711,chilli,32.506969150684604,57.02467543910766,9.46471117419275,729.5404407817583,5.518677647385596,66.92086907944099,51.67279016186349,B,1,55.9,moderate
L-1712,chilli,26.04473668205351,76.03578136118874,11.496010219516728,768.1210987313709,6.508664751115047,77.36721770632344,75.04277500359022,A,0,95.5,critical
L-1713,chilli,22.548789677133666,63.77164550017397,10.151976879726254,559.2092981558538,6.236258581118279,68.59369211875156,14.375887947303042,C,2,28.4,healthy
L-1714,chilli,28.969114183969285,61.601222354955425,11.243737058434055,826.7997724484453,3.190040987163195,58.126988517350746,56.57607673613454,C,2,98.4,critical
L-1715,chilli,25.315856168120852,68.57575598439422,9.53725629056047,757.9162133361839,8.385568134565037,73.30900825536995,68.75076131645388,A,0,74.4,high
L-1716,chilli,29.225389385495895,68.01941985780856,10.969877793389173,803.7742260455096,6.63697881392857,67.84843229334655,52.54636658123531,B,1,95.8,critical
L-1717,chilli,20.89162497323408,61.47397407578603,9.072530701752767,420.72871935895694,7.160498620908529,92.84864230784335,17.148919953719197,A,0,1.6,healthy
L-1718,chilli,24.71234833723378,59.161805252767564,10.055636993987811,603.9306291692985,6.573445813484404,72.98789374117871,34.79796414212461,B,1,52.3,moderate
L-1719,chilli,21.062970625737126,65.7623128572923,10.739482718418406,595.1374629850078,5.592833913772839,71.17453068122666,39.760791891611795,B,1,48.6,moderate
L-1720,chilli,28.310438199272845,41.500552173132434,9.072296457704821,763.7389178877019,5.14268141831031,67.17815932401385,66.03182895105024,B,1,41.2,moderate
L-1721,chilli,25.944871422902587,76.33039812208004,9.258618148157389,496.40878769211633,7.782474978989191,84.84831776697663,18.140224408614156,A,0,20.7,healthy
L-1722,chilli,24.150175639995034,76.0952070544107,10.383906737302283,658.9233304904344,8.179345415877082,76.75796524787293,57.554449195976915,A,0,37.3,moderate
L-1723,chilli,25.148265514564965,62.237892496776546,10.183423403281026,585.4397687041006,6.586918620205663,77.31089396494801,26.603682745946337,B,1,60.5,high
L-1724,chilli,27.530596238302895,53.26264085483513,9.500577366085754,685.4278859678594,6.206206945723376,75.53213209482843,22.306453855568883,B,1,38.1,moderate
L-1725,chilli,22.452506109912314,72.06390828341821,10.243371506712156,605.8180681201746,6.753420737521072,77.60513099697226,30.861530481597537,B,1,51.7,moderate
L-1726,chilli,21.20689967448931,51.66043279014002,8.452059272904512,528.4023986917998,8.60276676519568,91.33719000586669,2.27871018249251,A,0,0.7,healthy
L-1727,chilli,28.791647415151033,67.01367773546849,9.811739852974606,571.5000518951233,8.004574400777239,93.2639261263139,3.4537009775016063,A,0,13.9,healthy
L-1728,chilli,25.461642465998946,50.76391555661871,10.14732952890813,537.6471069932678,5.268221218010177,66.64172247567089,4.791937687360636,C,2,35.0,moderate
L-1729,chilli,22.19058628055702,78.84662905387066,10.431182214581519,657.0942808356423,9.261865797738372,79.78410879912208,41.038293358280384,A,0,32.9,moderate
L-1730,chilli,29.545345639252826,43.52806202803239,8.09086333539421,629.077711134907,7.064636714672857,82.82889116709978,24.38703108547132,A,0,3.2,healthy
L-1731,chilli,28.913023216096907,62.22898020652823,10.145406429039042,592.7299767267203,5.365795218750544,63.299476120098724,17.194593849181214,C,2,73.8,high
L-1732,chilli,25.386878831931163,41.090860599691574,9.140933610875607,518.4764520060957,7.971837726404922,87.45229329614017,28.805806856924477,A,0,12.1,healthy
L-1733,chilli,19.100099309131185,55.079347655020435,9.846145952351211,595.7053113336276,6.613658548039779,61.85105250470053,58.47931168200329,B,1,37.2,moderate
L-1734,chilli,23.317483284150416,56.935996150727355,9.264296477567289,627.6480147438398,8.520283862525876,85.56578930174508,27.78668400496578,A,0,10.8,healthy
L-1735,chilli,26.734157911543786,68.32367185109008,10.285655542411625,656.0312543775486,6.228784248265855,70.99450146811142,11.560413420336815,C,2,73.1,high
L-1736,chilli,24.652990427610728,51.624778990085765,9.041935416992494,825.26857691266,4.402057561477153,59.020138628698284,120.0,B,1,94.0,critical
L-1737,chilli,23.871168073798493,69.19126321545207,11.94862786694174,528.109998581589,4.605789814612483,59.818366221411274,29.934845105606684,C,2,92.2,critical
L-1738,chilli,22.45069697133061,54.631671094322556,9.660426275853617,764.2339634568546,7.023727523704955,83.08078500109168,69.16300666390549,A,0,39.5,moderate
L-1739,chilli,27.457231631928295,61.08653007286148,10.039046971366762,738.7030162045714,5.723080201991492,66.84474809297726,52.88893625964794,B,1,81.8,critical
L-1740,chilli,26.333656130426963,60.48304742473755,9.37495821095977,519.1835785078691,6.0991854040423705,79.85023262034439,21.12490772204854,B,1,35.8,moderate
L-1741,chilli,29.0178669358815,65.26799297097263,9.587201643205606,679.5579745729672,6.568145467268378,71.81012801956304,89.85764167744028,A,0,88.1,critical
L-1742,chilli,28.334403056360294,65.10276144772881,9.273460323265539,560.6278183998768,7.74918882917261,86.01234291837804,18.411151453150772,A,0,20.8,healthy
L-1743,chilli,23.97148904272717,66.79596013874426,10.144029814247874,616.5633087628111,8.838818512800895,81.0710293123181,40.520327588053675,A,0,16.1,healthy
L-1744,chilli,28.641478341236866,59.086322950964245,11.526335426959939,652.3002463546284,6.1491461904946,69.10770091868024,36.69069931612868,C,2,88.5,critical
L-1745,chilli,26.113267795465255,63.235327742960735,10.637616128262586,721.0400152015408,6.515973945001797,80.433697197349,39.2635297615119,B,1,76.3,high
L-1746,chilli,27.813229108107908,50.097681865088646,8.50041544288646,724.4261200317274,6.062867082517645,67.51838235302272,79.91941130562665,B,1,44.4,moderate
L-1747,chilli,16.775537972668403,67.70326523184009,9.226340269635466,494.66312141297425,5.74804967068727,76.72387018265675,30.535264373545544,B,1,17.3,healthy
L-1748,chilli,24.789434282126308,77.70392554037247,10.373140974373575,782.6810820259707,7.11106166420692,70.6897338249996,35.05145098951597,B,1,84.8,critical
L-1749,chilli,23.66872771312042,41.64043240353115,8.81948128602321,608.1845771028612,6.263713697293766,76.73092539227767,36.35193789730881,B,1,17.8,healthy
L-1750,chilli,20.77781648527656,64.56124494096895,8.66766272180308,770.1178427434553,6.091579631351563,62.54780916862502,113.6833755271706,A,0,86.0,critical
L-1751,chilli,26.528252378431038,64.88319657318488,10.516166979384925,776.4850681632205,6.063257654370474,68.64230431019496,65.63590158029719,B,1,92.7,critical
L-1752,chilli,28.104481102707105,72.68537577934309,9.485454476275518,620.537908231838,7.767445460163953,86.37949736140979,7.072535782204788,A,0,21.5,healthy
L-1753,chilli,27.583173176010586,64.92629394275521,12.617196754749227,674.2494719296099,4.681528292025453,58.37737322518794,19.00344710844888,C,2,96.7,critical
L-1754,chilli,22.98418249099116,65.1199183478472,9.65802545871366,532.6663930613006,6.650698931992411,75.6406486486905,32.17203284174434,B,1,45.3,moderate
L-1755,chilli,28.328132703744508,63.81393914896944,9.968200766023719,810.5067953641548,6.93285806511674,70.69817457490308,78.81004647704123,A,0,90.0,critical
L-1756,chilli,32.59998947468709,54.03312990275176,10.32860318345431,888.1994700957321,6.391080796366884,49.82937291865686,84.01037590975038,B,1,97.2,critical
L-1757,chilli,25.91774527586303,57.181061967180256,8.617230865776621,591.837593383438,6.760410939176233,86.30173183684616,29.177276081767058,A,0,9.4,healthy
L-1758,chilli,21.55451914179668,44.89536391779899,10.556955221241607,645.1947757091049,6.314372705981348,73.04837893858172,18.482112331023004,C,2,47.9,moderate
L-1759,chilli,22.693811086457124,73.7089267226196,10.726128995833829,619.5861551846291,5.182183451863059,68.4134680346196,26.09999101926539,C,2,83.2,critical
L-1760,chilli,28.75700458495794,67.23836633591814,10.418008120419385,684.4332315780279,4.648195268570649,58.687837931513734,33.06033692300327,C,2,78.2,high
L-1761,chilli,24.20924995127589,56.17306081352059,8.310555976193392,643.2112715171397,7.840502080389151,87.96961393234676,24.70921751075801,A,0,2.0,healthy
L-1762,chilli,22.235703759525883,58.99876776080493,9.282914462955027,707.613301393284,6.850263270178577,80.9463015048,70.35116386763887,A,0,79.5,high
L-1763,chilli,25.379758003095525,65.87832567778281,7.337454500908878,470.56523012464515,9.215264997781354,90.51614983464154,22.839036080938353,A,0,0.3,healthy
L-1764,chilli,28.832613277923965,69.12153466921401,9.002401091271999,711.1561824011476,8.98687740309343,87.40251887560564,14.548082995333864,A,0,20.9,healthy
L-1765,chilli,28.690357428390804,54.97881520870749,9.005572981689358,633.3402235122364,8.23594889969221,84.39532431707401,25.66254914417365,A,0,16.1,healthy
L-1766,chilli,31.20131749168301,32.87424001993513,6.858800394521144,538.9276120366118,7.5160095792421515,80.16937775460212,38.07959172721424,A,0,1.2,healthy
L-1767,chilli,28.440554612200916,65.59936299230684,11.469368266798172,767.8774715545363,3.9503546366959177,54.89358519756515,71.24197938272646,C,2,98.7,critical
L-1768,chilli,24.390174529826087,47.93742625073634,9.750057389158334,618.8660332781504,8.332923434074877,89.3419003680331,13.553207609495853,A,0,4.1,healthy
L-1769,chilli,27.87490970568513,63.88498510101453,8.020017581333816,555.2695175359825,7.260369529935248,78.22306348204297,38.25674056955092,A,0,44.7,moderate
L-1770,chilli,20.72493499859612,61.964096577647474,11.795217194477402,707.1109149837134,5.351091785641889,75.55487539713162,39.114065829835674,B,1,94.6,critical
L-1771,chilli,21.377462809931824,69.59523385273256,9.570268523067686,614.4434884707174,6.435815496101836,75.54586899511996,44.53277770501943,B,1,35.7,moderate
L-1772,chilli,25.825765010537726,69.21000605127696,10.82686853927372,657.7076413295664,6.786915142194072,77.76478578731336,22.82222613909843,B,1,73.1,high
L-1773,chilli,24.12606299885814,75.12519736821717,11.500887178375216,673.3496791283397,5.1886864112171,73.96974163575562,43.99380397765052,B,1,93.7,critical
L-1774,chilli,32.794828398569216,80.410403862783,12.639064438294373,904.914686850532,4.302668721999243,53.12390923840934,51.95217845426725,C,2,99.9,critical
L-1775,chilli,23.978541102739452,72.83347356530328,10.434591945434903,602.7957041386445,7.580536246869323,83.18104514009856,22.624535993622903,B,1,27.4,healthy
L-1776,chilli,22.212613967069903,68.65823884316572,9.966740410084588,594.6394855363642,7.323525263926228,75.03725626131076,35.016289238756535,B,1,54.8,moderate
L-1777,chilli,22.751188676048642,60.75932470805957,9.560817646263922,506.8454019771075,6.310370392783697,85.02849011494708,26.903684633448876,B,1,11.9,healthy
L-1778,chilli,23.90239346702679,53.97345979429143,8.107202868091765,561.7441144752185,7.606554828490427,83.86167967216034,16.290288233571403,A,0,8.7,healthy
L-1779,chilli,24.682207936666124,83.7676387894025,10.447156775518296,435.73469568765495,9.071710085184117,85.00799870396261,9.45467686217755,A,0,22.9,healthy
L-1780,chilli,27.761666737281747,64.12152838841695,9.452335399796125,667.9264646089886,5.237559937833762,79.05734970881085,18.40358484376962,B,1,78.1,high
L-1781,chilli,21.6781872769148,69.60287664067945,9.056444797390242,538.4236662483007,9.03770255048057,91.2341709631342,19.519485132323666,A,0,9.0,healthy
L-1782,chilli,29.258542766787528,52.43389637728185,8.680725207076446,627.9178400854476,7.134569544894355,84.36431026127448,9.310941790429387,B,1,6.1,healthy
L-1783,chilli,30.63466688373185,68.46271595542281,8.54653634625551,552.1888915429572,8.577423627917769,75.47296228232075,41.94255380763805,A,0,19.2,healthy
L-1784,chilli,29.942590956212992,32.21521400981812,7.130615088411023,628.3095387248651,6.676828383394799,81.40403421327204,54.54746335808109,A,0,1.8,healthy
L-1785,chilli,29.50042997330533,63.09827516493325,9.18470274117889,628.1228289131577,8.399653328275136,90.60427245274157,26.343313260845555,A,0,17.8,healthy
L-1786,chilli,32.294223750002736,59.53325038891088,9.743801966148846,755.8081014799751,6.556030404501674,72.31325758457496,29.439854619808795,B,1,84.2,critical
L-1787,chilli,24.260510297865157,66.7637977778477,9.330715846568541,512.2792555620493,7.888118731508526,85.38137865396835,20.59822907372071,A,0,10.0,healthy
L-1788,chilli,25.003088725000946,68.26369650422134,9.312778255507073,755.8738924949099,5.537141621547362,83.06443482374999,28.18107067494637,B,1,39.8,moderate
L-1789,chilli,30.641382314564847,45.5234545957523,10.795166570013476,749.5619289127332,4.903076562969564,61.09586155979546,44.227748700844245,C,2,96.1,critical
L-1790,chilli,20.2319554303906,70.21715819232446,9.223733935086651,505.5045183732421,8.605146338266616,85.63215276299417,38.31040140506038,A,0,12.9,healthy
L-1791,chilli,23.770507422756218,67.66770194590079,10.9788489895925,597.4958681192747,7.805447589361941,72.70578816463241,28.054110712511946,B,1,74.3,high
L-1792,chilli,31.928545932135776,82.15972053549605,8.434117931019351,606.9555716983702,8.29170658923876,82.35737457571719,19.51108788061221,A,0,15.7,healthy
L-1793,chilli,25.917173213091733,67.68890628849616,9.151714593901108,613.9329378992326,7.864787726592341,78.89532024684522,51.41753560098991,A,0,31.0,moderate
L-1794,chilli,24.169108567857812,56.08630007770566,8.758857465063532,624.0077363567616,6.6443371158267155,79.29758644324943,21.17831154350864,B,1,25.5,healthy
L-1795,chilli,23.682343483484033,46.20036537747906,10.469524417174519,563.8464644143497,5.409193616548192,70.07953468869441,10.040590771297138,C,2,28.2,healthy
L-1796,chilli,25.272865614045145,76.01392396970839,10.579370659575517,675.7126034708868,8.632145093660036,82.26073465727806,33.491915063325855,A,0,39.9,moderate
L-1797,chilli,29.55551061366497,63.785924942209334,8.521402072497061,670.3415300623409,5.833311455594697,72.38681608243448,5.780849098275995,B,1,36.0,moderate
L-1798,chilli,30.60456514509214,62.22975239345466,9.652142038077002,745.3397177167259,8.69846422471126,76.27276890321697,37.183657726564974,A,0,40.1,moderate
L-1799,chilli,24.749978591110768,47.136276134498274,9.74851770165036,578.6995638005483,6.433795123345876,77.02139278880053,39.192099236383534,B,1,19.5,healthy
L-1800,chilli,31.175913838422666,51.555137142623835,9.951357602530402,706.3792973776503,6.858750847634883,76.26271839369463,18.240433661204165,B,1,63.3,high
L-1801,chilli,27.491710494136022,63.976828183880336,9.669480918362023,549.4960914344957,6.9440321468290165,79.14006126072576,20.45414590786088,B,1,42.4,moderate
L-1802,chilli,29.221183501170874,69.50645091647915,9.413864980411141,725.8322069101104,5.736415645972938,65.88444791559375,56.570557498808775,B,1,87.2,critical
L-1803,chilli,23.939401062893385,38.57682401084191,7.343865539192152,727.8463355090895,5.813142146857055,70.1379243124316,106.55845832297122,A,0,9.1,healthy
L-1804,chilli,33.349972643925405,61.05967371793393,11.578595741160306,753.7060685839776,5.83704224304254,72.13930893074587,30.689699794983806,B,1,95.7,critical
L-1805,chilli,24.66396885065166,45.63805402413629,10.774482406642214,473.9401852913646,7.068211714504828,76.31874041964247,18.55187436366653,B,1,18.8,healthy
L-1806,chilli,14.754896815674995,71.41193963770762,10.27441074286949,455.9889985594385,6.320393450698703,71.15716341275203,39.44696580704104,B,1,32.3,moderate
L-1807,chilli,31.464070359129654,65.16975059840776,9.226005322423326,687.8744668875499,7.373113274693995,83.7755636783687,27.217452167400285,A,0,40.3,moderate
L-1808,chilli,26.551651493784096,57.76755632609632,10.421675154358036,638.4810661870621,8.013482410649496,75.40752334471942,37.56541346825863,A,0,53.3,moderate
L-1809,chilli,26.662634618805114,68.99996581294218,9.362829358712194,711.6494748035043,7.654032250415574,81.03615989262128,33.569065966366644,A,0,49.2,moderate
L-1810,chilli,23.977710560638407,64.68250694447048,8.191368975870338,666.2942851124685,7.661570073568593,90.07480050620948,34.194137110772594,A,0,4.1,healthy
L-1811,chilli,30.09380098795755,73.37084572129413,9.04225120688847,529.9086853544688,8.20602208429643,84.4061572167878,3.9119957402071774,A,0,41.2,moderate
L-1812,chilli,21.830625512890617,67.03495068105195,10.112304750746071,545.771554012948,7.549155873687912,93.80174800692104,20.403375431871797,A,0,6.0,healthy
L-1813,chilli,23.174459399233278,62.009464469137725,9.194000180610223,641.7908640392183,7.717027864207132,79.88477567454918,18.852238190960872,B,1,8.0,healthy
L-1814,chilli,23.60640287986865,55.38951470858034,8.923953702816751,541.6282387544059,8.693419284296363,83.94377785542518,18.633390981088247,A,0,7.3,healthy
L-1815,chilli,23.751294058592634,62.962207584389105,9.51577558906197,623.940683192135,5.989722369245015,70.30117017346919,46.60729419408402,B,1,35.9,moderate
L-1816,chilli,25.93587784886055,67.42551967829256,9.269246766020505,612.9638831026085,6.470008891911134,82.86857098927982,10.925821515712157,B,1,32.0,moderate
L-1817,chilli,24.830103093278076,55.37717984518952,9.805816056420577,508.56288686841555,6.7316495713792435,82.5864889228582,3.935913443627649,B,1,10.6,healthy
L-1818,chilli,26.19336466971651,69.11054375729368,9.437514488669006,665.8393880312972,7.241343588163341,82.07671500482283,18.292796628056152,B,1,46.8,moderate
L-1819,chilli,29.097939504502737,53.8825601095397,10.66850370283215,594.3464483820418,6.151002491258667,76.12017599129535,15.298965559993555,B,1,71.7,high
L-1820,chilli,27.668630025706715,42.29507907183098,8.668119963404678,610.306179054214,5.442341383141928,72.5374603797148,30.846430670930385,B,1,19.7,healthy
L-1821,chilli,27.283499759888798,63.81484613004247,11.130730019236102,655.1876081056446,6.860645810450443,61.26471475005918,15.203855814970588,C,2,91.6,critical
L-1822,chilli,25.725443565560838,66.64341844585795,9.723152535732204,611.6948526609837,6.511355292885165,74.59453349490151,24.246369214747116,B,1,41.4,moderate
L-1823,chilli,32.438680648372724,63.2852387969122,9.335767133362706,693.0676015758679,8.040283608536686,76.38369082227152,21.59855551230182,B,1,38.2,moderate
L-1824,chilli,30.999772694695057,47.878502963918244,8.697460163726735,679.4898244486307,4.538988526023083,66.78030577716632,68.82115530226378,B,1,68.3,high
L-1825,chilli,35.273600834311445,61.79037536823652,10.35114922549658,693.7591868039154,6.426482594540195,69.59212774418894,15.544120524389053,B,1,88.9,critical
L-1826,chilli,30.224020534180777,55.456256735575685,9.31611093436807,780.0554671202582,8.652706395435676,73.1676019074961,44.672088168900736,A,0,50.6,moderate
L-1827,chilli,24.316605305388357,54.93549460119003,9.036140510222651,541.6598163152272,7.457581190988974,76.5792036774238,27.915168914689094,B,1,4.2,healthy
L-1828,chilli,19.135775191986564,49.36418339755453,10.421580144455369,687.0163104018565,5.923906441505838,75.61113448481338,57.420487181518574,B,1,33.2,moderate
L-1829,chilli,23.474487640711317,58.1864871131937,10.180006266146608,806.9619078198585,3.4877703556183017,54.75539510735511,83.0750504876689,C,2,89.5,critical
L-1830,chilli,28.16960422266837,63.81220873541721,10.972960206014614,656.3525544140535,7.078257988715515,74.3463524623918,27.583481895373836,B,1,81.8,critical
L-1831,chilli,24.918116794481108,66.64534859614957,10.511292987708181,616.7570731159287,6.881874094004243,85.059438344746,5.974512844532054,B,1,36.6,moderate
L-1832,chilli,27.10661847123939,51.3007577420089,9.222938303947574,557.3231211171637,5.7352676680323285,62.83244002153378,10.998374849031828,C,2,29.6,healthy
L-1833,chilli,16.859641057637106,61.12905943206012,9.376377358071657,411.5437179693664,6.424407916325431,75.45908264537411,8.693828385157726,B,1,5.2,healthy
L-1834,chilli,27.7446477308684,67.81617188177538,7.890797721282315,589.871309872422,9.104464324482347,84.473290559984,20.49335407316347,A,0,8.5,healthy
L-1835,chilli,22.608075983921204,50.79556377109516,8.544019948224078,535.1557336890912,8.575265865589174,95.77983621745965,17.969334850696022,A,0,2.2,healthy
L-1836,chilli,26.20510870380702,57.12250227929836,7.82187103256919,660.7448706604649,7.899882413579149,76.22832797611257,34.78147553838659,A,0,6.9,healthy
L-1837,chilli,27.701795455156827,73.7444244072599,10.539120830310965,668.5803159197599,7.34998198797054,80.6692647149608,54.41177978771472,A,0,95.0,critical
L-1838,chilli,21.12153255765706,46.36294553193083,8.287037695309605,525.8626537548714,9.208430490183964,88.18083542569302,5.325659722034798,A,0,0.8,healthy
L-1839,chilli,24.013817033938835,68.34232549874811,11.37758017908126,628.0105603805291,6.3020035375458185,72.14414298109824,29.538657989119915,B,1,73.3,high
L-1840,chilli,24.954022186069466,77.22840721357471,10.907151229172205,609.5294380184248,5.8436511525777615,85.05372565950753,15.917503232566954,B,1,75.6,high
L-1841,chilli,29.228210014380966,55.01506489017531,8.811156988651193,804.7961344231915,6.640454655197515,78.04473053778027,30.317600917793378,A,0,32.9,moderate
L-1842,chilli,26.91314321551603,59.56324963188487,9.182084809848849,573.6420807830394,6.680598140098781,75.41198445747558,20.561898385414857,B,1,45.0,moderate
L-1843,chilli,28.458005709179773,69.60194994530275,9.981301608234622,657.3158532148216,6.332681232570583,77.3340098209753,48.238571260987186,A,0,84.6,critical
L-1844,chilli,22.127866795174793,53.37999637812411,9.790919900362663,525.2182529935756,5.669967512494941,70.1857242876903,11.721586098960248,C,2,15.1,healthy
L-1845,chilli,22.728423481856975,42.91528724868367,7.974085996495162,545.079923641856,8.627998250463488,85.13613593361791,16.787801715518814,A,0,3.3,healthy
L-1846,chilli,20.573637508421374,60.04160982958427,9.76654956768453,592.7510703616997,6.263369444705391,76.25112168272037,26.135502177522042,B,1,32.1,moderate
L-1847,chilli,18.826717579014765,65.41601331142068,8.175563976304906,453.0052400891189,7.894035096987289,82.74720538980137,22.310147796903408,A,0,1.7,healthy
L-1848,chilli,26.784009365919392,69.68248161399649,8.749223862726371,563.9440153655131,5.704382561961339,80.6738773443756,26.01196206346249,B,1,33.4,moderate
L-1849,chilli,21.319957702426812,56.57199975091659,7.750313838584094,400.0,8.114441021258427,90.58441167096093,6.786318625982051,A,0,0.6,healthy
L-1850,chilli,21.168064064052395,58.17487061339491,8.41197379560515,580.8620863606701,6.704318888307663,64.39558097647728,74.85579525943058,B,1,25.3,healthy
L-1851,chilli,26.914230092446235,70.6440273448589,9.263490486241231,576.3214362665838,7.810763605098112,87.30983307938105,19.311899134542713,A,0,15.0,healthy
L-1852,chilli,28.11393158147229,60.57357019913224,11.176825717368787,601.4948336384754,5.549086250636415,66.48302333672719,12.448568530671293,C,2,64.8,high
L-1853,chilli,30.37722548164643,45.21275493424674,7.4363772514748865,772.2040867553923,5.835333578204509,78.42178779492225,26.604987215148174,B,1,4.6,healthy
L-1854,chilli,31.432169059526288,66.38843317789795,10.507082115344488,614.0867102897482,7.074218124190539,71.09989236458269,29.729618161862902,B,1,76.4,high
L-1855,chilli,23.278369187117693,58.71776697591742,9.822774922904928,840.9627849074101,4.481833901306479,61.427832513532735,97.01083221894577,B,1,95.3,critical
L-1856,chilli,28.98181673123961,73.95778248656609,10.761121438459245,760.8234429303045,4.743229670941462,57.690464552274875,60.463983652781266,C,2,95.5,critical
L-1857,chilli,30.107287867544162,49.19088862727403,8.493581307006888,659.1629634974483,7.235185056980559,81.401997884758,21.94886234129341,A,0,15.7,healthy
L-1858,chilli,23.457948188710894,55.70884969876891,9.358122288374396,732.270216916326,7.512717029058375,70.3937965309831,85.89111133148097,A,0,74.4,high
L-1859,chilli,26.988920119653294,67.88018873002983,9.064970667743765,831.3144333642987,7.491231339636447,75.99125948883803,74.97034657580086,A,0,78.0,high
L-1860,chilli,20.981914728911175,58.28728669092209,8.961055851261454,556.9187489094962,7.99810234226409,91.12671572381805,12.554996960307262,A,0,6.7,healthy
L-1861,chilli,21.58015362190615,43.07686656162605,8.586496842525284,771.819527345991,5.285826256169873,58.40441188045206,111.87098019353301,B,1,50.0,moderate
L-1862,chilli,27.834896872636573,41.57248168395593,9.392497512658124,702.6602493611844,4.953583509758438,71.98666058488419,19.5932735801766,C,2,49.0,moderate
L-1863,chilli,29.698174863142484,70.87324429325089,11.552133951239002,763.8801858801864,5.079138484391913,61.83255392753271,32.38939388993334,C,2,97.3,critical
L-1864,chilli,30.756493560024754,67.57452893646565,10.209095371201071,921.1174402892547,5.133473401900291,57.26675996559391,67.40734589452629,B,1,99.1,critical
L-1865,chilli,25.979187547358286,73.94452967691251,9.898521436850794,543.5927833465812,7.68404657255673,80.44338847036042,5.355463669118011,B,1,43.9,moderate
L-1866,chilli,26.535439634928125,67.67462407325456,11.842498510282354,707.679370986295,4.790289101300119,66.4604054629761,26.027777346505157,C,2,98.2,critical
L-1867,chilli,23.38059369817699,66.7497009723396,11.134091385387826,592.3160767195792,4.779714365108675,63.08097732652136,36.16471544159999,C,2,64.8,high
L-1868,chilli,21.944197310951107,64.3797195006417,8.508738715096042,581.3847325973957,6.794984974556464,80.16455459837684,58.941082780239675,A,0,15.6,healthy
L-1869,chilli,22.485657021002517,67.4079234442631,10.296848914602268,714.1470694266166,7.302597101260694,75.30561771758039,28.65848914960189,B,1,59.1,moderate
L-1870,chilli,22.455318347618807,73.60743259169028,11.29789097845695,435.7609501587101,7.196496442596722,77.59612047053491,5.432418105655101,B,1,29.6,healthy
L-1871,chilli,29.70141488125667,69.41456033708263,9.371048063092863,861.1483962221594,6.045879545880431,71.79992886223307,96.52883569574406,A,0,95.9,critical
L-1872,chilli,28.82496194787999,77.46805243246219,9.70188635851722,552.3353043886775,8.073813267536831,85.5452863237863,29.444321068767255,A,0,73.0,high
L-1873,chilli,28.744285871452313,48.25064747843481,10.899355140952508,662.578131154575,4.68294432974192,58.9669027881292,37.19542003617796,C,2,83.1,critical
L-1874,chilli,29.841408222790918,42.7291829314602,9.463523985384164,546.6043884465195,4.89097098650214,77.6344517148989,7.574446147687854,C,2,52.2,moderate
L-1875,chilli,27.013990059357393,63.86852033388987,11.798077657162436,822.1135020936393,4.178957888285633,57.86252304007982,72.77387086115044,C,2,99.3,critical
L-1876,chilli,24.124161744315295,51.76790669546703,9.089673074567065,580.0927935586795,6.295507635069112,74.44639950668585,19.824217699548676,B,1,15.6,healthy
L-1877,chilli,27.07868804811455,78.50525653696457,9.091870721165858,624.2006644214181,9.330923178778525,81.09246791073505,15.96780727560492,A,0,37.0,moderate
L-1878,chilli,22.76306732915068,73.02386309432606,9.476782151381173,623.4840865132538,7.888124822272244,76.6947220238485,62.13261793225035,A,0,41.5,moderate
L-1879,chilli,30.11608042405507,70.02883042049963,11.079227668216395,572.4861675648656,7.305702195706157,74.11216410196388,8.476313794335402,B,1,79.0,high
L-1880,chilli,23.3686670444788,69.9419497163151,10.894060853370656,704.5373632368623,7.163306084780031,71.06424189511152,37.58912265908943,B,1,73.5,high
L-1881,chilli,24.541416469612408,49.21459081483632,9.436558600017698,659.9591704922825,5.877522258856544,82.55827763244406,15.555441627139581,B,1,20.6,healthy
L-1882,chilli,28.235976700130642,46.892128676966514,10.017498834121573,777.9715459550007,4.544532133331306,71.01283144019149,40.84442734539862,B,1,56.0,moderate
L-1883,chilli,24.976370664742703,76.26243147123215,9.200657653032026,566.020126468182,7.217807251849614,81.78970157557536,48.74670165114929,A,0,67.5,high
L-1884,chilli,27.618690921212465,45.317358875733596,10.1333572620588,690.7096154038991,5.586761173714402,71.22794451598571,19.25699539229314,B,1,33.7,moderate
L-1885,chilli,22.620638984349334,71.37251439274489,9.940942573325145,834.6098019707174,7.50452920462155,81.47900342191953,69.9327280798113,A,0,60.5,high
L-1886,chilli,26.990807745558925,70.65748079421508,9.158937270886538,530.9116499729596,8.160538450725848,77.68129635305492,29.484729194711882,A,0,34.3,moderate
L-1887,chilli,25.031253223991673,61.93246239851667,8.569110711385784,850.8030443626428,6.48870112905224,74.71156191563455,97.46743416741984,A,0,49.0,moderate
L-1888,chilli,30.54240583700582,64.43435816056002,10.343611853767687,835.1840718355536,6.728003038995647,79.48288556845498,62.66055390584313,A,0,88.4,critical
L-1889,chilli,19.985684890444134,68.59290171008146,11.437046894133381,559.2711022790331,5.588186244396259,64.58438978525653,32.02537050792625,C,2,76.8,high
L-1890,chilli,24.070745300855652,58.428091674642815,7.064350544502176,572.0876366399093,8.051706984975192,81.44980746054252,31.850713098816396,A,0,2.1,healthy
L-1891,chilli,28.360192667700552,70.96966348368987,9.762861525823123,619.1841208610864,7.840127077319842,88.25514449586171,9.329124725263112,A,0,45.8,moderate
L-1892,chilli,24.856535060924404,69.51750155227752,10.25269083062032,806.5542875172259,5.900058584927337,66.55892697124007,62.07563476271891,B,1,87.0,critical
L-1893,chilli,27.996550160929168,61.077536310327545,9.200961130376966,677.3614596493202,7.249430163441035,78.66234442287167,17.754952650603105,B,1,33.8,moderate
L-1894,chilli,23.954772454688484,56.91521195364204,9.488885511793598,521.325631631228,7.737915848402051,83.43631619456812,34.63598061501884,A,0,18.5,healthy
L-1895,chilli,30.978139647021393,75.92286404496207,8.932295646523984,846.1761017098763,7.829065640196752,62.21775511924609,96.89418697480482,A,0,94.6,critical
L-1896,chilli,24.117519035231673,41.867487226854045,7.526479290262123,663.545034827814,6.8284280971230285,80.67501512200893,69.0540382748674,A,0,17.7,healthy
L-1897,chilli,26.178428747943208,67.63440824690893,9.77989832226347,669.8837772255661,7.460784168556175,79.64704599075745,13.290066722962917,B,1,27.9,healthy
L-1898,chilli,22.501429029021875,66.0133676793742,9.501216144923426,411.61853867333457,7.774589423292085,81.76508593395963,29.609236621941665,A,0,14.0,healthy
L-1899,chilli,29.377398382650522,50.200039431030326,9.46820267417082,659.1354109981264,6.966567885032253,76.32005794094833,37.25979660335688,A,0,28.9,healthy
L-1900,chilli,23.681799621740186,64.84512968553764,9.382266296210322,642.6578306866719,7.5229623895522515,78.65961329528072,74.82798909200093,A,0,49.9,moderate
L-1901,chilli,24.709112565014873,58.243807361124766,9.762685972863354,655.9924574100926,5.803868048585814,64.47882522647117,67.49612089087304,B,1,79.2,high
L-1902,chilli,22.812869936783763,51.28272662010897,9.954143097147421,696.8563809212438,5.625955772442959,76.09034809212172,44.3856544001842,A,0,67.1,high
L-1903,chilli,26.164634319066447,74.69754495054364,10.632240942750782,656.5140514983909,5.043443232405784,72.31014977430306,41.435355040310874,B,1,85.8,critical
L-1904,chilli,26.51088037005077,51.54672942064829,8.62165077013187,477.1984583374163,9.0245163133983,86.53275454304564,29.197121982050252,A,0,3.8,healthy
L-1905,chilli,28.95673734084166,67.53589548158197,10.298615923888288,692.9828703561127,6.495028045149186,71.40999169215259,36.47126852165983,B,1,83.3,critical
L-1906,chilli,23.197129328696835,47.32488936266343,9.60591259897131,690.8231563575799,9.074980221578485,83.04610688375284,24.194015664278318,A,0,4.3,healthy
L-1907,chilli,26.85244962440041,58.66453791366626,8.528222265737398,575.2268412992584,7.41538075803363,80.57731404378724,51.9856154328895,A,0,28.8,healthy
L-1908,chilli,26.63415604422056,59.98316709823421,9.286711840348415,704.0101955202275,6.386235720649561,74.46140629484869,42.99728436904496,A,0,27.6,healthy
L-1909,chilli,26.302231822347498,61.14175947451374,9.739532753037869,830.3519841203914,6.18185419432627,66.88447488987507,60.555684607874724,B,1,84.0,critical
L-1910,chilli,24.961609479331823,63.0745022908271,10.8280355409047,742.9841648709929,4.676379933031766,55.011525948881335,59.39855324522981,C,2,93.4,critical
L-1911,chilli,19.45197986544022,66.6243101709035,8.894759171711025,604.1292937366444,8.113680890382934,89.29084760632131,17.684032517116453,A,0,2.9,healthy
L-1912,chilli,24.86931590021118,71.84907516407453,8.678759042481465,480.72547665129616,9.266369769219523,88.81177084785276,2.8681277459062664,A,0,11.9,healthy
L-1913,chilli,21.095988363315147,68.95913662512761,11.944784866235265,620.1404509332112,6.7545536347038615,66.162135050728,16.55494517917406,C,2,36.8,moderate
L-1914,chilli,25.844749835567665,68.07893256623379,11.247093508972158,747.969302235558,7.065691806808209,76.74495502989801,36.266490996560094,B,1,80.7,critical
L-1915,chilli,20.81995637330166,62.631558212785954,8.908287089779655,525.0873184385341,7.890413578148895,91.77439246746343,24.223565595331518,A,0,2.8,healthy
L-1916,chilli,30.748662386255557,54.28586689728989,8.316662803591253,567.5619567721453,7.195685659262607,86.24899005735728,23.440618670503632,A,0,6.9,healthy
L-1917,chilli,15.90053606488214,56.937447090577486,10.44836991051703,400.0,8.034481256623977,76.10728030659142,15.711261700290605,B,1,4.2,healthy
L-1918,chilli,31.04591501422214,59.27314505204712,10.92137649093921,616.5794737220018,6.491697650604552,69.12546091756951,40.04048765194335,B,1,82.5,critical
L-1919,chilli,20.38545990538244,58.24187596634639,8.906051391364176,501.6109472099132,6.88088185128811,76.08367218143223,5.6096745002930515,B,1,6.1,healthy
L-1920,chilli,22.224192906715277,69.98985732616207,11.213814345109373,684.8594819087349,5.659097753795487,64.63118405803574,44.13607199975842,C,2,94.2,critical
L-1921,chilli,25.475860710525794,65.90875669185138,10.90858329677554,702.2405866023541,5.9445517228676135,74.78295838120404,44.71736160631059,B,1,85.2,critical
L-1922,chilli,28.376916820357796,65.16352660260861,11.14522865049178,796.8311902728378,6.936025545549387,74.90638447042211,59.64649882893838,A,0,87.0,critical
L-1923,chilli,25.60643313648938,54.463697268300564,9.150556865725026,972.978980661545,3.87864848610109,53.37951032590052,120.0,B,1,96.8,critical
L-1924,chilli,27.214320396854472,62.01044015561155,8.85640845832616,569.9852131715238,9.209073012424204,92.42512603502244,2.4304443891262375,A,0,8.0,healthy
L-1925,chilli,23.53432457943753,51.118306556841084,9.79645452335296,607.3756854297517,7.599312243322598,75.69863533774023,43.309007731664536,A,0,30.4,moderate
L-1926,chilli,23.526203341645854,49.55008177633348,8.830769911120171,646.5113427076373,8.564878465796223,82.11328197168012,49.499741063891136,A,0,4.0,healthy
L-1927,chilli,25.128599972340815,79.29315747405576,9.814518817439403,695.1801227646872,8.126729245457133,83.82466551887035,16.59087547057014,A,0,35.7,moderate
L-1928,chilli,25.20023300088684,65.94986210104328,10.938417723923848,655.6845715056705,6.718259601459697,78.69247835478127,25.584770072432896,B,1,49.3,moderate
L-1929,chilli,18.965986458704716,64.39038096307222,9.786085814411802,474.16302116405467,7.904624349296628,88.04248998721259,20.051117968373905,A,0,6.1,healthy
L-1930,chilli,27.283788391188853,63.355092337718965,10.249960516085038,707.5063930388247,7.809790812651278,71.35914963081113,45.297267979905804,A,0,86.0,critical
L-1931,chilli,26.783695938400967,55.568848063601855,9.493578100630796,775.0605009059559,6.0252726268373875,63.8985436880904,64.15139095672636,B,1,72.4,high
L-1932,chilli,31.135384815875426,53.30268662304421,9.931595943727721,611.3103584243943,6.792740362313423,73.33191434360575,10.583459703562427,B,1,37.8,moderate
L-1933,chilli,22.103859454813367,73.00847512207173,11.685996790743014,618.3803347400444,6.712005265237194,71.89568846202091,40.409633733006956,B,1,91.9,critical
L-1934,chilli,25.41322470141519,69.13784478010268,10.627266685013286,798.6694152998333,5.945927111620108,60.2522556101474,73.3063623584932,B,1,94.4,critical
L-1935,chilli,30.789862244627777,59.905804857074926,10.03051317634486,748.2385583956989,5.3168108907609675,77.49821896914804,17.647383200622908,B,1,84.6,critical
L-1936,chilli,24.525620464980292,78.37401674080294,9.611015152621702,601.6101584895883,7.975198404859653,90.49272642964951,14.156035074727026,A,0,43.3,moderate
L-1937,chilli,26.734722916407687,57.469646178777374,9.921444700451762,557.8302031132948,7.266986637104171,83.74373153460098,12.747573918595995,B,1,28.0,healthy
L-1938,chilli,27.270132081786926,44.93194089912735,9.06654027260219,642.9296377343272,6.620418114823416,71.94840588503575,14.83778593070279,B,1,17.1,healthy
L-1939,chilli,27.47171619194661,43.574391518539265,8.37053411895477,806.3124145304791,6.487264904794655,70.9416684437762,95.77966639298116,A,0,44.2,moderate
L-1940,chilli,32.910283120835686,45.8217281246585,8.419637024099345,945.1585273294343,5.642792519395629,61.20992796584063,110.61230168940288,A,0,93.4,critical
L-1941,chilli,25.10996449019107,60.531599803039406,9.45267302056258,787.9990169632289,7.487087434434644,73.90637710465356,79.731944883513,A,0,53.5,moderate
L-1942,chilli,25.473361587874543,60.75414471964717,9.686519393485629,473.6564838662887,5.976824621730003,82.74673002587527,23.822510779494593,B,1,43.0,moderate
L-1943,chilli,28.082103737580148,62.486196046753776,9.280505430038534,631.1693199063677,6.973401283688464,66.91001763125709,81.79788398442179,A,0,76.6,high
L-1944,chilli,24.005537446118367,62.70812493742587,8.873368833975622,549.1631762618308,8.704449462745204,95.05821756165656,12.084501338441024,A,0,1.2,healthy
L-1945,chilli,24.60909692183442,69.01665334628977,9.558601730094047,630.7136170370175,5.46479328942469,70.36123985023058,52.864297402327175,B,1,76.3,high
L-1946,chilli,25.790568365875114,58.529872491764955,11.549957216818505,507.82454706488363,5.013310713212314,70.608023391111,18.973742972547104,C,2,56.9,moderate
L-1947,chilli,22.935805140880767,60.6679841237015,7.858049438984785,461.6814613723622,7.220829609838499,93.14999388824378,10.663023938056844,A,0,2.3,healthy
L-1948,chilli,24.255294468915043,56.51922768487367,10.919282378508045,715.5212564420699,5.891684633496729,58.55708779858718,39.51584870372094,C,2,79.3,high
L-1949,chilli,27.53511385400342,72.94445498704896,9.121941042739667,694.0812197783415,7.3556293623461215,77.41208229188159,40.2225646256057,A,0,52.4,moderate
L-1950,chilli,26.56247651532443,47.65737133326821,8.993262964133008,711.3564270081222,4.49816611565755,61.170810479588845,43.10709688443386,C,2,34.9,moderate
L-1951,chilli,29.2173845788995,60.12293956565354,12.868618735244771,830.489841525311,4.858041741361105,58.71838222777546,46.665238598473245,C,2,99.6,critical
L-1952,chilli,22.419554495824237,64.34364197699644,8.818356872734132,533.5642504028982,6.626203883652718,81.91119460168886,38.093368629412154,A,0,11.7,healthy
L-1953,chilli,23.759607900275817,61.24793719060583,10.32895388380245,644.0644952403292,5.922328590247124,72.49592573593239,27.5175136093729,B,1,60.2,high
L-1954,chilli,32.414596786749826,61.54608905958178,10.460377962725707,770.6059559301283,4.179380940127373,54.50348672332819,31.54189280601568,C,2,83.7,critical
L-1955,chilli,21.45321605752097,61.17808373957405,11.316420150218267,679.2678444581607,3.9117851087423836,58.10052438837192,53.381578727251366,C,2,96.6,critical
L-1956,chilli,23.987925040990945,59.52907357956774,10.425927015086732,640.97370565251,5.751232920710326,60.88392665793692,37.06267068996015,C,2,88.3,critical
L-1957,chilli,30.573476684821166,70.41419658224319,10.106061831858407,713.2839937895367,6.273999138194776,67.50034613738676,20.744927512597442,B,1,65.9,high
L-1958,chilli,26.083017779035924,63.52924405054178,8.825870199862731,531.8273169345962,8.682919603427845,94.2530037251717,16.35190120504675,A,0,4.5,healthy
L-1959,chilli,30.366270963366222,77.40291885948632,11.497430058086104,787.5524593009144,5.801718394848099,71.2451269309662,31.33928423174403,B,1,95.4,critical
L-1960,chilli,27.070124853072972,58.89157891743802,9.052044048367778,798.0238711847157,6.238155373410601,65.49089441468112,73.0782801960708,B,1,83.7,critical
L-1961,chilli,26.157571006215665,56.91140740234807,10.04078788958035,696.418040486239,5.687364776127534,70.20476758850279,47.17556478094168,B,1,87.4,critical
L-1962,chilli,25.85639172614241,59.06617256782282,8.71632524022816,834.2773002598381,6.839154276980188,74.21314897418797,75.71774618322407,A,0,52.3,moderate
L-1963,chilli,17.51754373474312,60.28865752678213,10.425299794416473,418.84098866394436,6.723229235055078,76.37765540133688,23.502154227408827,B,1,17.6,healthy
L-1964,chilli,24.10491545379484,60.10597759416241,8.719053105882796,574.12400873873,8.469673471804398,79.6433901992227,35.063943933155336,A,0,5.7,healthy
L-1965,chilli,27.137689594573516,64.45844543297923,10.39618990037637,647.254313570596,6.662794681734004,74.59730263631766,39.0097358574639,B,1,71.3,high
L-1966,chilli,25.279202506944568,65.55376608952335,10.004614193711703,732.373480756037,6.7968246442602185,78.15787624379121,55.100588708396714,A,0,68.2,high
L-1967,chilli,33.72445634887612,68.09149976071342,10.01822327571118,789.6584076265702,6.315558000075314,75.54641903550433,23.530523778580307,B,1,88.0,critical
L-1968,chilli,27.784255942361266,62.094553541951015,9.690449269868182,651.5132456927995,6.762711152885608,67.50576118005766,47.08651765756862,B,1,74.6,high
L-1969,chilli,28.169754577789934,61.00996553370469,11.827022598117985,1066.9791273830604,4.257352609825444,66.24314695223276,70.30064233117405,B,1,99.3,critical
L-1970,chilli,29.361566820000835,52.820824669067065,8.885891595627342,619.7276681733548,6.531679692128385,67.8562341040402,28.68931889855899,B,1,13.7,healthy
L-1971,chilli,26.53715061187419,72.90178905646546,8.41051888476575,596.7017621699578,8.077448657187693,87.91043880616907,14.616211894410217,A,0,45.2,moderate
L-1972,chilli,24.17901123876299,69.10007791315022,10.844221217661781,784.7240047321352,4.18672625045417,51.91008717431488,71.91451169271691,C,2,98.3,critical
L-1973,chilli,25.518211050906388,80.97032462274234,11.028351102186406,725.3524231130916,5.99710616667842,70.30367607997486,50.15427826333924,B,1,98.3,critical
L-1974,chilli,27.811428097027765,59.81889969250159,8.670243359102702,529.7227629858895,7.789766083277961,93.69337235888895,8.432604097784646,A,0,2.4,healthy
L-1975,chilli,28.403418565589877,66.96650888484793,8.627911373943283,707.9004053194399,8.736580667114243,86.12792547264176,29.211461044045933,A,0,10.0,healthy
L-1976,chilli,23.404581112228296,54.59054258545102,8.621086566674139,720.4406887092833,6.225990535339569,74.25708011519285,99.62907530262491,A,0,39.0,moderate
L-1977,chilli,29.24810161795905,76.46535735044466,10.92097396420987,643.3900823873373,5.9867482850021645,59.842584676761966,44.45221145159818,B,1,77.2,high
L-1978,chilli,21.329864501999637,49.04381271648623,10.518037520709695,512.9379794142534,5.416804119459935,59.63927658039225,31.29532727014121,C,2,34.9,moderate
L-1979,chilli,26.506683539520306,60.05957421671308,8.931867388059066,660.4411274016039,7.042133153226625,75.10565507541965,13.024101235956284,B,1,47.0,moderate
L-1980,chilli,30.548944718200143,62.080015303745924,10.333864835328516,714.3521726456768,7.67608967224642,85.5872291800609,12.991440772890723,A,0,58.9,moderate
L-1981,chilli,28.24794997860415,66.26727079740736,11.10016096471693,652.7409152197481,4.144900769937134,58.77531211756425,52.76531106661342,C,2,97.1,critical
L-1982,chilli,30.74934382681135,57.10869218411121,9.658342155038076,690.1563661945189,8.2169429096026,83.14948137452748,14.070102025166191,A,0,61.3,high
L-1983,chilli,27.04326844985444,58.01797224048829,10.529475008230698,571.3209692810311,4.645448141308066,65.39853439101182,39.21420450644455,C,2,85.4,critical
L-1984,chilli,24.774235621112126,53.460582732650224,8.031845825728594,581.2210294027922,8.027173585517781,81.05430231906179,28.623850686284637,A,0,2.2,healthy
L-1985,chilli,27.51640687712841,76.6678615908479,11.097665627539874,628.7231877497533,5.28045708081221,71.95340078380963,37.5314546283437,B,1,93.9,critical
L-1986,chilli,25.350199375521058,64.00077208995434,10.567739033556448,673.6571558636481,6.0286785946620105,58.90509288356139,26.773511080877377,C,2,94.0,critical
L-1987,chilli,20.94988272035559,50.21998123912649,8.75115437968755,614.2541384282392,7.806707182623926,84.09832442740338,43.00914841754794,A,0,4.2,healthy
L-1988,chilli,30.157788695764793,62.69698797478472,10.102493632454985,855.9033093578042,5.504148138067891,65.65855779625207,59.3930872909774,B,1,98.3,critical
L-1989,chilli,32.634195270504634,51.19426229737144,10.437695152926175,704.012813782868,5.933773968846053,63.82831749759688,27.11820438658718,C,2,83.8,critical
L-1990,chilli,32.055806311414486,68.90062374063248,9.473638911185047,782.173555787075,6.520058004059481,79.88080557401948,55.87954666216457,A,0,78.2,high
L-1991,chilli,28.727762565224218,64.78849567317866,9.154537809186369,716.0785809224461,6.646297013496942,69.42485754967667,77.94075194077676,A,0,73.5,high
L-1992,chilli,24.534932677304244,69.31268751466476,9.820592222386244,578.5982372706512,5.933087834523434,76.22581945072395,38.98144072764219,B,1,62.0,high
L-1993,chilli,30.36057243517658,80.34411751693598,9.767070288618394,821.3589172159282,7.27074340964327,70.86161861419116,51.83894641303249,A,0,94.4,critical
L-1994,chilli,26.808799775544728,49.66654080022009,8.382084840564787,590.1338298905997,8.154509325928776,84.06867624950931,10.692783951617931,A,0,4.5,healthy
L-1995,chilli,27.824462062091992,67.96913093698251,10.272442228140614,660.0075224756756,5.6413225223322145,73.02057559038079,27.557442396726703,B,1,87.9,critical
L-1996,chilli,21.26578451030039,68.35830954020675,9.898314930101813,563.2366098071564,6.075344791024502,73.20412493931151,7.4768407399057315,B,1,16.6,healthy
L-1997,chilli,25.597026685026485,54.37197100884042,8.715400770423617,502.5630866724099,7.613172271013917,87.0500206930944,20.370660448892426,A,0,3.5,healthy
L-1998,chilli,28.58799253303828,55.25660252328791,8.161013169418123,679.2625216931472,7.985593667443078,78.96185844670178,27.83242357483982,A,0,2.5,healthy
L-1999,chilli,27.90389182168982,54.90946335726635,9.774290651141216,840.5784315974294,5.283660579028079,60.616709236454604,105.30204905671215,B,1,96.3,critical
L-2000,chilli,32.434370253464124,65.28337587909175,10.09878687778763,765.4923684715603,7.126412080894781,71.61751391480657,16.548955110089885,B,1,80.5,critical
L-2001,chilli,23.426198522713197,45.78964629589572,8.312187065021702,604.8936113529284,7.635840597441988,77.18358384979713,30.21670008460125,B,1,10.2,healthy
L-2002,chilli,22.029218129491518,63.2205253354878,7.794449055513302,564.0848972197153,9.121168751198773,91.46009484689735,14.102042329993917,A,0,0.6,healthy
L-2003,chilli,28.102524930019175,49.4444722749076,9.042091099856439,594.0506885898038,5.706292025408576,68.33035281509898,26.055265998212924,C,2,28.1,healthy
L-2004,chilli,23.46999946605017,69.13205860121676,10.771997806116254,792.5894249997491,6.51577658073541,72.64388758573516,43.51095900354257,B,1,62.4,high
L-2005,chilli,28.645427528954247,61.96339504472183,10.349468912288458,863.3833251246188,8.081367897156909,76.6228194922184,48.55694156534262,A,0,80.0,critical
L-2006,chilli,20.0028349307707,80.34172696931068,11.765984917262244,572.563315749889,5.827856221838288,64.20105290278677,23.431681997635405,C,2,96.1,critical
L-2007,chilli,22.375388574585873,66.34472530125848,10.843853619148545,620.7580624067854,7.017205663223289,71.4171652457564,18.609964724161916,B,1,76.1,high
L-2008,chilli,28.175566319018465,52.894797454001186,8.429221108697009,770.4307362225844,7.308396287947115,71.68510390760761,84.75838823776233,A,0,60.2,high
L-2009,chilli,29.44781530195459,55.37882991820566,9.259244618578565,569.2420464906743,7.966106569600276,86.29720594013382,22.073432309652944,A,0,19.4,healthy
L-2010,chilli,19.87590982483915,60.93021582597042,10.276465688933278,503.2991809478783,6.854651944788348,89.22402984420091,3.6526008406731023,B,1,18.8,healthy
L-2011,chilli,20.451307657665208,55.518704685014725,9.085089628465749,609.8257467017603,6.903073574582006,74.70755919569649,70.55476841959663,A,0,25.6,healthy
L-2012,chilli,26.587882753586992,63.15330628041057,9.544107089328817,630.51393150012,8.78491755042849,89.5747532383786,4.789152770559093,A,0,23.8,healthy
L-2013,chilli,27.54393674493567,54.35267354390358,9.216289665985183,832.0071716577024,6.9970555364009135,68.46200751312651,70.62752243563608,A,0,42.7,moderate
L-2014,chilli,30.265354632061747,75.6083638058141,10.936174912746404,632.1355836857801,8.254985853426476,89.67838864211879,7.637749958350722,A,0,50.9,moderate
L-2015,chilli,22.1308884291498,67.74145816153944,9.108502163579539,512.9290635297193,7.062002208676885,92.56927850085222,9.278501275937652,A,0,5.3,healthy
L-2016,chilli,28.698011970272372,60.08649581884368,11.264679926406263,673.7829771683223,8.249441668339449,79.23274864707109,11.773837826696797,B,1,43.2,moderate
L-2017,chilli,27.819429977307053,78.59776286766514,8.806473478005007,629.9611834497681,8.669150415587588,87.78719162052731,20.671866532768384,A,0,39.4,moderate
L-2018,chilli,30.749091218849454,50.59053814870066,8.772341230044072,775.403172382652,6.912991822143077,70.25020505284628,71.09198530702463,A,0,73.6,high
L-2019,chilli,23.75490819628682,64.58823008805498,9.42687839847699,444.6337662713645,7.846608390217173,83.20963457056956,12.116452980399131,B,1,12.7,healthy
L-2020,chilli,20.615726386784228,54.6764392992125,9.790639529590255,657.5784357533008,7.741188488225794,82.27089072880595,43.419852263070005,A,0,25.6,healthy
L-2021,chilli,27.35291363642576,80.65911311962599,10.837043521908864,713.4211916042251,6.630502648908382,70.99689019031126,36.87463525444316,B,1,91.5,critical
L-2022,chilli,26.920574815749397,48.74668996786207,7.66960842151135,781.73314123193,7.581034152853569,81.32792549048114,32.33910956956409,A,0,8.4,healthy
L-2023,chilli,27.46989798162732,47.97841210003817,9.101310767158242,733.1109372657852,8.963856600914013,81.97450272081038,62.37578847390928,A,0,11.3,healthy
L-2024,chilli,24.669172622186867,52.9564274198624,7.760087884717923,609.2960407565257,8.53904623869628,86.24935410955908,34.371407773163384,A,0,10.8,healthy
L-2025,chilli,23.520980969784535,71.73325491339519,10.25971737777584,644.758859004502,6.783098863972363,72.93953687665805,36.34712072970411,B,1,60.0,high
L-2026,chilli,30.19853945118228,69.91582878569825,10.193642464062412,811.1288927737737,8.03785874953133,77.14070196381815,51.518812590993335,A,0,84.2,critical
L-2027,chilli,26.00061147399707,57.32591977809726,10.188544549884217,546.3796423906224,6.029205315762737,82.18220924285727,21.251538975180605,B,1,52.6,moderate
L-2028,chilli,27.94839908704786,66.86219017768629,10.390098355290936,663.134715251871,7.631911342052066,86.20688331858965,30.443449543364313,A,0,40.1,moderate
L-2029,chilli,33.25226711611431,54.67802604865191,9.411047452125596,803.9975681256714,6.694418628527365,65.65791927806991,38.93474952396042,B,1,65.1,high
L-2030,chilli,23.156718213582163,64.5074188802862,9.458161414164508,656.5159193930953,4.782822459707601,72.89345846972179,58.30999197237291,B,1,66.0,high
L-2031,chilli,31.074616957291486,75.11469644809165,9.270869020307828,732.782998920925,7.823887609263577,79.83948755223884,27.532718866270617,A,0,69.5,high
L-2032,chilli,27.98689028227306,55.82230414475624,8.728376245489851,647.6611779982055,6.800483697403484,74.8326847889872,30.040539336326436,B,1,24.2,healthy
L-2033,chilli,23.908596704279823,55.56414402919387,9.983942251849257,671.9537728422606,8.539958205556946,83.37854417094965,42.70400571813492,A,0,29.8,healthy
L-2034,chilli,25.471381249265836,61.099544331157986,9.728044730313426,683.6580492093968,7.713408124741148,89.82993660530245,27.939923312706014,A,0,20.4,healthy
L-2035,chilli,27.30846866088623,64.59296454689223,9.586748747600536,588.3366157771162,8.669174557298676,87.6882940143999,16.90041395554152,A,0,9.7,healthy
L-2036,chilli,26.986462255239303,63.33560908904503,9.847270051717363,630.8634171468287,5.825314757736289,65.98935164728988,51.45525644179601,B,1,70.8,high
L-2037,chilli,23.609002918932905,71.81687916373271,11.646156344311562,627.7501254004868,5.246429480694146,59.38609239939713,34.51348192546825,C,2,97.5,critical
L-2038,chilli,26.559780909172655,55.801489165771855,8.434383377757463,547.6896753176222,7.628567926126592,90.50759598347449,22.591727225469626,A,0,9.3,healthy
L-2039,chilli,21.7830695006395,61.844041900481145,10.12685608313495,400.0,6.109752883746413,80.90850560015389,11.752948983017049,B,1,18.4,healthy
L-2040,chilli,22.92472785266235,61.03475222073539,10.269648737528268,496.3884340924663,7.5338801221372735,79.99057002685872,4.90894193922622,B,1,29.2,healthy
L-2041,chilli,21.16745350047318,61.99423074160509,8.437387672306226,592.6807013808925,7.0349755708302,82.72901013403744,44.28395401876324,A,0,9.6,healthy
L-2042,chilli,19.969578995738843,74.95095684605434,10.21257126244124,564.547977549472,6.975264149109575,74.59415139454072,16.5622463521818,B,1,19.6,healthy
L-2043,chilli,26.19668259089351,65.00710484645079,10.533900823964004,489.35898567261825,6.706223407252502,79.15110598612097,7.15805992287569,B,1,38.7,moderate
L-2044,chilli,25.603300437500423,58.21755782618717,10.083607302456347,580.4943732020555,5.155065842886985,66.16411634999467,14.889759794406354,C,2,25.0,healthy
L-2045,chilli,19.302273697299988,65.57132233503984,10.872998751558441,654.6599983376751,4.779233288132579,69.8621368230592,38.80165397516793,C,2,78.6,high
L-2046,chilli,26.309596950602163,65.84416255111012,9.278692837948894,549.4157557639766,8.844118041831733,88.85601858219287,16.423874200916632,A,0,32.5,moderate
L-2047,chilli,24.47652035271303,68.13294889159165,9.086728074222604,658.6734904033615,7.820443428706229,81.9515035475011,39.373830553080566,A,0,16.0,healthy
L-2048,chilli,31.07822298243548,68.12246419405571,9.750470383943656,760.8145083808508,6.854348060493228,65.69554139388883,19.51161989606518,B,1,74.3,high
L-2049,chilli,24.507965381713944,48.58435229863508,7.304295311489496,460.57146331869103,8.356225528101618,85.78970728904152,30.29755156232573,A,0,1.2,healthy
L-2050,chilli,28.843826564389182,35.40882591002439,8.33561369255987,670.421784265849,8.704784259572996,76.38454129112237,32.32953435994945,A,0,4.5,healthy
L-2051,chilli,33.36694784216177,74.22413769733643,11.929930665468012,922.0983280886924,4.187139827334711,54.8976654422642,49.53849562842044,C,2,99.7,critical
L-2052,chilli,21.365122748563422,59.99801243052471,10.935394717540797,642.9700545202131,6.725344335809222,75.05382652850348,50.6341810640568,A,0,35.2,moderate
L-2053,chilli,25.73118473167477,58.513348788330426,10.537619278672166,724.5107837690207,6.25809804442825,74.32982914371027,31.062486688215852,B,1,81.7,critical
L-2054,chilli,32.347402033451,65.4222600031389,8.917050423910066,695.1411813403082,7.15619262367322,74.34152452609196,13.596046307706889,B,1,76.2,high
L-2055,chilli,26.873847064067835,73.55856223348331,10.378856911669263,893.6179785219368,6.6768677747724245,71.54491126627627,67.0083978257517,A,0,93.4,critical
L-2056,chilli,26.71129661641116,71.84964745810329,10.540210553587,656.6597884541131,6.011883924201473,80.96749073209367,22.215227475683875,B,1,65.6,high
L-2057,chilli,23.772536839495537,69.32442789825201,9.096820585680637,614.4476557153081,5.186680702389382,64.49026870516525,2.12563834966456,C,2,47.6,moderate
L-2058,chilli,30.69969988962921,46.5421527590062,9.34742378045303,731.6205863513303,6.243559148189977,71.52784838383148,37.75540764982728,B,1,29.3,healthy
L-2059,chilli,25.755169219274006,52.00481762195858,8.38201988272706,547.1187259530358,7.587915869982706,79.97751811412188,38.875402620208085,A,0,3.8,healthy
L-2060,chilli,23.244559518266545,33.27715507090066,8.655967582039008,516.4461926108107,8.469981289216674,90.01510794781962,22.94298233757028,A,0,2.2,healthy
L-2061,chilli,25.549098610622412,71.82623761791511,9.516065056449062,607.8267123186712,5.39372396439811,71.42202014191194,7.684860001735727,C,2,69.9,high
L-2062,chilli,21.42439088556723,70.61511842795244,9.015190242534578,542.157942729184,7.5308822061023415,85.10038499746636,6.082963748542757,A,0,4.0,healthy
L-2063,chilli,27.22186163565086,71.08909026721663,10.69186998982796,620.0821698321686,6.148011364390193,73.54158262773402,24.340555427889328,B,1,81.5,critical
L-2064,chilli,22.954462465950492,66.7750944764684,8.19895277393242,625.8909712755078,8.380622896517478,89.49525431202841,12.414210804314418,A,0,15.8,healthy
L-2065,chilli,29.686448530332765,60.426960167756675,9.670559938980217,752.3975559848857,6.913784303906661,79.38606726692903,58.17362758399408,A,0,74.8,high
L-2066,chilli,24.405088494182568,57.855967392312294,10.535361472664134,622.2432062819778,4.601180785523943,66.7964170887375,23.58303531262196,C,2,70.1,high
L-2067,chilli,18.930189512352104,47.88105504873913,9.52982409324991,524.6964209899816,6.507195126317006,76.49411397390517,21.32271001930849,B,1,15.5,healthy
L-2068,chilli,24.817588111077104,62.45970914979348,10.371355754428459,793.3574763320674,3.4277164780118206,45.81655876368794,98.1473331147797,C,2,99.0,critical
L-2069,chilli,29.425513302800205,54.93703959698372,8.18572550151895,576.1577307663222,8.814066183391484,87.73125792076704,2.6341771839085704,A,0,2.5,healthy
L-2070,chilli,30.446833799775778,75.60454675250466,8.149487250405981,810.5668719206628,6.395709899164477,75.55269510095918,30.09675347916937,B,1,46.1,moderate
L-2071,chilli,23.85023845899487,47.92246995036,10.346798134929182,461.3060717884354,6.3126577691750345,74.49350917321742,5.10120092684585,C,2,17.3,healthy
L-2072,chilli,22.947113561786715,48.918238118124776,8.486510537838118,719.6405193404556,7.100520012449145,76.26144114249226,71.76564174283598,A,0,9.4,healthy
L-2073,chilli,30.607846998059188,38.842060792517366,7.84525745387665,540.2313566441982,8.118528827242073,86.03889599435134,7.010753335903294,A,0,1.2,healthy
L-2074,chilli,26.38767174297725,64.22554158047205,11.250149136500266,642.548970683811,5.054148556765735,52.6289416919784,40.01937760375601,C,2,86.2,critical
L-2075,chilli,28.295312268984052,63.5803990111155,9.084360706407631,584.7118032887511,8.281006679452977,76.86417632019923,35.972454964438604,A,0,39.1,moderate
L-2076,chilli,23.6697817393612,58.97539758359454,9.66203359816254,568.4353715657213,7.9181947295792465,81.64124513705656,4.9817127279106295,B,1,15.3,healthy
L-2077,chilli,24.788333507459132,51.37780540839464,10.177477102593127,603.1535984325895,4.772175336750667,61.60278091294777,40.2370314197833,C,2,78.8,high
L-2078,chilli,31.50204919074834,65.79977462199388,9.855749043850752,747.7243596430192,8.118057323724926,81.73954910966768,19.442375094641033,A,0,36.1,moderate
L-2079,chilli,27.725413535569107,58.11537865897328,9.542934711158786,670.607858932797,8.230090175742692,86.26552730907044,45.95224737451463,A,0,35.0,moderate
L-2080,chilli,32.42081679618478,57.58670973946526,9.075616878114827,681.3993187606526,8.196860720503622,83.1009833598328,18.377698619546198,A,0,21.1,healthy
L-2081,chilli,23.166924376111233,84.16320197312217,10.816180527630745,670.712950776175,8.489601657451,79.71942613488568,40.35043953629989,A,0,88.2,critical
L-2082,chilli,22.951537011469416,58.26109323891332,9.139167813074243,473.7487884854215,7.753486577724816,86.29855221869474,27.834342471948425,A,0,17.6,healthy
L-2083,chilli,22.210360322529347,60.380284210153924,10.195552505596078,632.0162423862296,6.054017399615102,73.63518588109972,40.26160402347443,B,1,49.9,moderate
L-2084,chilli,22.849283030941223,54.55650085750378,9.067892589943899,642.4760507034625,7.690594685880726,90.5069931383003,45.35090863246294,A,0,12.6,healthy
L-2085,chilli,27.64399993102121,50.66415987886539,9.132714029284864,697.6680062022781,5.894662041590095,76.00860214876492,25.5192032617213,B,1,30.0,moderate
L-2086,chilli,29.93388995283091,58.698585735501474,8.129522301829335,582.6818627419092,8.992733723024822,85.86181942101601,22.293540568436782,A,0,0.9,healthy
L-2087,chilli,27.51093710096483,84.92960613287336,9.79716419486435,651.3411555704151,7.618107954975684,84.33872778415514,44.49189181545552,A,0,76.9,high
L-2088,chilli,26.632607209520387,57.31121203114032,8.447331799092913,630.0546474359281,8.262661967383593,83.19324834243261,19.688636834853632,A,0,8.2,healthy
L-2089,chilli,22.98940330885886,63.228049927424046,9.770911143676958,658.4334939102524,6.481939381700119,76.17582217280419,25.945792880555356,B,1,66.9,high
L-2090,chilli,25.238320119210638,52.72085781281185,9.711108334164509,754.352525115814,4.752886423389483,66.41327106138488,81.22836951355691,B,1,65.0,high
L-2091,chilli,23.804897046838928,30.0,8.345392182333095,504.2474337535997,7.933267490201831,82.73443184555826,30.340559376369647,A,0,0.8,healthy
L-2092,chilli,23.273688514640774,48.345736488860894,11.135936665643674,676.9014475950718,4.491520366482174,59.6033260329758,50.65759599860141,C,2,83.7,critical
L-2093,chilli,29.996206084210502,80.27045194989559,11.321029734324574,594.8929872852378,7.525850150589253,71.22745938238864,17.24437596185898,B,1,88.8,critical
L-2094,chilli,23.99147730812978,62.82972624847968,8.723207821640399,638.0133546257628,7.1329269538108875,85.81108191071874,39.93068569647296,A,0,16.9,healthy
L-2095,chilli,26.43706413588278,74.07295534804271,11.90901449923449,587.2888870961617,5.563426056139069,66.07929614443111,26.481060458608756,C,2,96.8,critical
L-2096,chilli,28.47190740783803,61.08288502443649,9.045632855602463,689.8414322812106,8.744557007789021,84.42532017864497,22.78022749842271,A,0,15.4,healthy
L-2097,chilli,28.358583238237646,38.565171574010456,8.695601687941789,586.6946581401733,7.090122600318437,85.83181069918905,4.53595314900922,A,0,4.9,healthy
L-2098,chilli,26.720998405271054,46.05511431566904,9.114012243040952,636.7423241962445,7.768942407454886,75.8169811869879,12.56207822272407,B,1,5.0,healthy
L-2099,chilli,21.801428973624745,61.1939234876035,8.740636038511216,617.6657924808923,6.089628082086633,72.15980461440844,102.37343109326248,A,0,68.6,high
L-2100,chilli,22.445864238353902,67.27025247540482,9.567313020739759,463.28530299406066,8.220302106801075,85.60712432591876,27.57055922241857,A,0,5.8,healthy
L-2101,chilli,23.705258082460933,64.50366774517299,10.821677357795666,692.7061360534854,6.573075520548836,64.11534831926458,30.497848472697182,B,1,65.3,high
L-2102,chilli,27.25400289427257,57.01539119501978,8.054521205307156,646.6818384531136,7.741595099064628,81.44618326029367,57.096231644849325,A,0,10.3,healthy
L-2103,chilli,25.364546768669978,63.769991969143206,9.97075669195175,560.8440382476282,6.677802563031374,69.70473370300938,37.21930181537327,B,1,81.9,critical
L-2104,chilli,26.123484733388203,56.40829473930379,10.281409378867767,600.0483046784016,6.167817073166013,63.02062313964135,22.655345555353193,C,2,63.1,high
L-2105,chilli,24.824141200599218,63.9214431289164,9.694929476208696,602.5377896684332,7.629698174648116,80.09671623708581,22.840888258467288,B,1,19.6,healthy
L-2106,chilli,25.62187975752164,61.83457411046415,11.077770177728354,560.2892655905123,8.316565361369074,77.35142742381713,11.652676200272367,B,1,50.5,moderate
L-2107,chilli,21.83835550346304,54.97344484291201,10.976248131273419,666.7566216213028,6.549315768706728,70.33008132304151,42.36046647567877,B,1,59.8,moderate
L-2108,chilli,30.156035559732413,50.980442409034694,10.140594345862375,761.2640643498078,5.93621079772477,58.54551782625219,43.45004010497951,C,2,73.1,high
L-2109,chilli,21.863423456908826,54.234884497932136,8.873013380615571,577.2930263816064,8.928448014527582,92.5546753158344,30.783521684961254,A,0,6.7,healthy
L-2110,chilli,26.679639388876392,73.42737416920265,9.001003355767054,699.4793094957962,7.2418355420594525,90.1784417056962,27.016181779986454,A,0,41.7,moderate
L-2111,chilli,18.37073122068595,74.10999427580035,10.217925120057334,578.1746375629501,7.5469326095594225,74.20089509835081,43.73423593201298,B,1,37.9,moderate
L-2112,chilli,25.518336125179633,71.83043996662688,9.291297245820301,554.487885592288,6.560398666053936,78.22939793449393,11.395422467143977,B,1,23.0,healthy
L-2113,chilli,19.673037918167516,52.06703831127673,8.532110786081027,594.6444382020352,8.5823833545486,89.71128729647415,38.702485224606114,A,0,3.7,healthy
L-2114,chilli,23.555497316955737,48.117331468401304,8.145712398686735,743.7085551904036,5.546586094506587,59.379484011010014,84.25344966654552,B,1,35.3,moderate
L-2115,chilli,34.02953647549337,71.03755061299918,9.526947499894803,643.955148934131,8.456604380699094,86.10267228259995,17.684570876073906,A,0,28.9,healthy
L-2116,chilli,27.199009725250797,75.17155601827768,11.824276913801699,649.613013627878,4.693420490451503,60.71301287116519,25.01138696744496,C,2,96.3,critical
L-2117,chilli,27.48596623155522,63.85294683289008,9.22492019883105,791.9785353332325,7.483126269393924,77.04186726213695,69.6816200893354,A,0,62.4,high
L-2118,chilli,27.129462627271852,59.16944986793317,8.610901770049228,595.0733587915943,7.81208979651705,87.26670061135188,30.82234334790327,A,0,6.9,healthy
L-2119,chilli,28.856118845325614,46.93844115109272,7.974708164588406,668.6483389252779,7.837265226109954,77.56959694816372,53.4757811110292,A,0,15.3,healthy
L-2120,chilli,27.36649939218937,66.503332124176,9.486468792563468,594.54796640954,7.692527566315601,87.0890068839659,40.36232625736082,A,0,54.1,moderate
L-2121,chilli,32.413314064335495,74.82334679267804,8.473277637700377,561.9952752653189,7.882284918547191,67.55211111911876,42.817356582347664,A,0,31.1,moderate
L-2122,chilli,29.15821810710338,55.8449844962778,8.94511151828421,599.8473605530236,7.089656354063401,84.92149962472807,16.846454571110463,A,0,11.4,healthy
L-2123,chilli,24.758210082385162,50.6479777311802,9.667230015300646,572.8987759866866,8.329812671074798,87.56661883818498,16.392620875431657,A,0,7.1,healthy
L-2124,chilli,25.262116261203523,72.53115698809874,10.013900961674791,622.4129395006078,8.439482560891346,85.2376356213976,48.608659860844014,A,0,53.4,moderate
L-2125,chilli,25.936419328829448,56.7353780992211,8.459730268941271,632.709257467302,8.214766446675043,90.87659683412132,8.39860470655439,A,0,16.7,healthy
L-2126,chilli,27.233871094313457,69.72404900182886,8.767744831447336,557.2167369169481,8.693626125252024,87.58389323966497,25.91812025137258,A,0,5.8,healthy
L-2127,chilli,26.16085857939691,56.251373801454605,8.947697696239915,715.1706496229659,7.275601455328285,80.87344518172871,43.77048152818333,A,0,33.7,moderate
L-2128,chilli,29.899703521459312,57.60923911631988,8.59108201358001,677.3576717232213,7.879701273025359,82.15120066742621,24.911678974015032,A,0,24.5,healthy
L-2129,chilli,31.066215720082333,54.6325880994343,9.83870803578424,822.6002803366795,7.924633166442613,79.96776165207375,27.22535784389809,A,0,69.3,high
L-2130,chilli,22.050805501806845,51.221920893067946,8.758213849243614,664.3971877401053,6.195247761655406,81.93298004689424,55.32811233480291,A,0,6.7,healthy
L-2131,chilli,27.45847958612647,69.32452625594635,11.228924820758253,772.0350986104743,7.024739728970975,70.33148501014367,75.43949058048844,A,0,91.2,critical
L-2132,chilli,25.027747588011408,69.4469240334633,12.032445734844856,1119.5972066678482,4.810680917295553,48.504370557523316,120.0,B,1,99.8,critical
L-2133,chilli,32.647880838959765,71.40630775546084,11.635735310747394,1029.8645625970184,3.9088737302758814,51.99135630391886,71.08585655044428,C,2,99.9,critical
L-2134,chilli,23.270677905532644,66.40787632432095,11.864262337659547,476.34138068872437,5.504872265215254,68.53188608890258,20.957102269226873,C,2,87.5,critical
L-2135,chilli,28.707835180833975,56.13960117889323,9.986745626034676,654.730440668647,7.937446660611022,79.58456377052458,14.44821849015081,B,1,27.5,healthy
L-2136,chilli,27.60560474876448,58.800465372768834,9.774648805705272,673.8958558175162,7.339696962429827,79.49753833013243,21.19622743823601,B,1,55.6,moderate
L-2137,chilli,18.90835840592887,52.24665011740179,8.898253918433959,546.5855383240511,8.00332834835612,85.63710596898115,44.29724906741907,A,0,3.0,healthy
L-2138,chilli,32.78682860814597,72.04548576936554,9.403647231692618,551.295860601713,7.02283588577987,73.89779776027348,22.986131845507558,B,1,56.7,moderate
L-2139,chilli,25.069809969886027,71.1430514381776,9.8742803177502,557.0627570068636,7.107112823180608,78.2839038982646,17.410663543423883,B,1,30.7,moderate
L-2140,chilli,26.639302757466417,61.43445900874647,8.943522347091594,744.8031216634128,5.3254767457343855,68.42171072376571,81.67447576018549,B,1,90.2,critical
L-2141,chilli,23.49659624465469,52.45558240924404,10.807488451036225,672.1632343909138,5.0541478289252355,65.85943881109081,22.39499570962062,C,2,74.3,high
L-2142,chilli,18.6595701806669,75.5089019997185,9.776440128129607,561.709496618279,7.349415942050806,87.73025431599207,41.84822384291341,A,0,37.5,moderate
L-2143,chilli,26.178415351246624,65.05930789712248,10.03549901628572,650.208252116987,6.949169889358209,68.31474969272486,41.06293153311919,B,1,34.2,moderate
L-2144,chilli,24.698567193533545,59.054308387589266,10.397039043124034,491.8837895476808,6.35740648883977,81.5515506871169,4.676086438169055,B,1,43.3,moderate
L-2145,chilli,19.91982932648632,78.04883099072133,10.315181407190314,749.0308556564675,6.419459940617408,74.1057796224473,78.35988531916627,A,0,80.7,critical
L-2146,chilli,24.429492867499523,53.23052016169935,11.012864404553472,552.478051380447,4.919745516761136,72.73253477477091,10.745984834362108,C,2,65.0,high
L-2147,chilli,21.719329172454845,56.90978475441272,8.750504534213738,442.4322724234874,8.601956516454177,92.2815500269444,7.56746109070696,A,0,1.1,healthy
L-2148,chilli,25.985090437975362,56.48066977503686,9.962965243427437,614.5772017138617,4.747000444259582,69.46685894213994,20.377725764992498,C,2,66.6,high
L-2149,chilli,27.22226371696278,50.52899285044045,8.654339296947814,553.0410136465882,7.231501616933942,75.0534325003631,14.631105579526166,B,1,10.2,healthy
L-2150,chilli,17.7846692750037,59.798164949059185,9.4899043194827,485.02852383987937,8.242758372753357,75.21807853485507,70.13315753483336,A,0,37.6,moderate
L-2151,chilli,24.253798689138957,52.17360087138347,10.659302050194976,684.479341787351,6.176124995692991,69.94377269050126,36.77744656586902,B,1,46.1,moderate
L-2152,chilli,27.38376148595912,49.28447493673194,8.10229121961409,629.8399860099217,8.318492907197415,89.1443612991009,18.844976526055035,A,0,2.5,healthy
L-2153,chilli,22.71661260055395,55.44320894209461,8.889953631780124,515.4174891957249,6.98559747309496,84.94477962914327,7.266802611778217,B,1,6.7,healthy
L-2154,chilli,28.995671239299565,58.45673899744096,9.878851666457349,680.8707920632615,6.89943757936964,75.67975051009398,39.97163036352145,B,1,28.7,healthy
L-2155,chilli,28.31515327422898,55.18189367775796,8.865889704407353,626.68965505808,7.3247098497212315,78.86761423292752,24.07175132177322,B,1,31.5,moderate
L-2156,chilli,21.80346201505381,64.66281043898908,11.744634344384592,710.7262583533123,4.317934920598461,63.20115016303832,43.9860201637718,C,2,96.3,critical
L-2157,chilli,27.81616751723946,61.11786335556842,9.18369290768621,629.7676025768685,7.939430644425443,79.28238683210299,36.952015158931495,A,0,52.2,moderate
L-2158,chilli,29.874010150909644,62.53115472918256,9.304875299171275,681.291954848361,8.398578012911935,87.24341012296757,15.060429145340304,A,0,26.0,healthy
L-2159,chilli,23.510373030848484,83.02727955567906,11.46924851132995,608.1131752517479,7.425418720619612,82.17112874150985,48.046485125203986,A,0,80.6,critical
L-2160,chilli,25.417208814583987,60.636689742993106,9.487542657758901,560.968187717953,7.802257709799299,88.52671746021608,9.56834034527045,A,0,11.7,healthy
L-2161,chilli,30.775911259441695,63.477482210404624,9.46545104814723,671.5717444133595,7.729416468430285,80.86438293057492,23.250826344254058,A,0,52.7,moderate
L-2162,chilli,20.250769363755136,65.86816606346427,10.388930613063577,603.115733374469,8.189134263473841,93.87293009026376,25.83428320383134,A,0,19.4,healthy
L-2163,chilli,27.969017911879266,59.645020162847075,9.796341103372802,597.817654506354,8.491007408346299,82.96894124833814,28.65870562493395,A,0,40.6,moderate
L-2164,chilli,24.68310551532613,61.457076767806804,10.747691740073787,495.8287554834888,8.903344872497081,89.68440686394615,8.99723125910049,A,0,3.2,healthy
L-2165,chilli,25.766613368874175,55.48735480425731,9.052708745824328,646.1707916505808,4.382135339755044,55.94260116212741,67.77390833862269,C,2,83.0,critical
L-2166,chilli,27.688759479069095,58.11799860072149,8.314309953661393,557.5709820207621,8.647239032289795,92.97226055029482,15.028260313210392,A,0,2.8,healthy
L-2167,chilli,16.69032977701292,55.41127724093719,11.218115091253802,436.02246456919903,6.171875620681038,66.04323021862245,5.605365499559345,C,2,12.4,healthy
L-2168,chilli,24.868960136410223,58.26942593994734,9.593071852899124,528.9595358559824,7.668830023704097,82.15630492231301,37.816879088879965,A,0,29.1,healthy
L-2169,chilli,27.2100501341451,60.18032600702681,10.178343760946616,882.3720424467572,5.671766873866922,67.98987224577519,101.41784881717265,A,0,78.4,high
L-2170,chilli,28.754404055780274,50.547332790903646,9.742598396823826,618.8802219860597,6.568198284884237,81.26042718389778,4.648399060666475,B,1,24.5,healthy
L-2171,chilli,22.876246116748835,70.70536781742211,10.131162459398734,677.1638466288891,7.258237723971843,68.78751929663437,55.83077529623248,A,0,88.3,critical
L-2172,chilli,21.455505579065353,80.78254858818926,10.396163191011032,580.711514126274,7.731371323668855,81.72724276272986,30.237868307701575,A,0,34.7,moderate
L-2173,chilli,27.298310002321447,65.40676017127075,9.060477989259281,484.1298085357886,6.910539248531979,86.2447876609982,9.34560588226126,B,1,24.0,healthy
L-2174,chilli,27.623445051740774,69.18625395875577,9.686013207881016,630.5353171974439,7.287850997808378,87.31816139000492,25.668457184600882,A,0,28.3,healthy
L-2175,chilli,27.624066713282915,71.69471961577833,9.287532392868709,821.2381275973173,7.30810052662078,70.31321566585399,85.49619935801594,A,0,88.3,critical
L-2176,chilli,26.508664780004157,51.28873426532191,9.597072253229943,765.351347741182,5.869937333960536,61.06215023785213,72.77587145371355,B,1,85.0,critical
L-2177,chilli,21.29814418232833,68.5206845505329,10.87753439253206,943.9941897395686,5.286730843822457,66.46010627745174,120.0,A,0,96.8,critical
L-2178,chilli,28.386908122177235,61.150687084553624,9.559828795309075,705.6079158268623,6.2771056176634685,71.06564200559549,49.61676114954458,B,1,71.1,high
L-2179,chilli,24.71185577996234,84.46599538741438,9.294009223864318,545.1130804629119,8.174390233567902,94.95601365700156,19.863124909303185,A,0,21.1,healthy
L-2180,chilli,30.952402521918668,55.74898106788011,11.419020523618258,767.0319593835546,4.941186823454778,54.60148374652391,55.133391139178904,C,2,97.2,critical
L-2181,chilli,29.647719008236017,69.1383438214481,8.369416506502546,681.769215375108,6.303916527140011,75.79252188231555,16.476074213773767,B,1,59.7,moderate
L-2182,chilli,28.78191751126616,53.75239373817824,10.837527487140736,600.7034476155034,4.554458726167799,61.752813988089784,27.39540075583001,C,2,76.9,high
L-2183,chilli,28.157842565314954,84.33560172668115,11.183900678791504,635.5535927346771,6.582147561681589,69.71856117431214,16.585483980640063,B,1,87.0,critical
L-2184,chilli,38.959346649120675,56.061542369745055,9.406305672511362,976.6831164810058,6.951919393177378,66.51779993068077,49.47014613834413,A,0,86.2,critical
L-2185,chilli,28.256114491990107,74.53211761814754,11.823516650037337,830.3902089788294,5.776913696972584,63.7503686355633,46.402928105696695,B,1,95.1,critical
L-2186,chilli,29.18261750690465,65.31202842776403,10.330165990617331,668.5505593061681,7.601513369785172,80.94013145403632,17.85280989042544,A,0,79.2,high
L-2187,chilli,28.5799231863448,58.06998715868151,10.02864308927705,804.369799615208,5.5974412667781674,63.23991828359162,64.0995259571742,B,1,86.6,critical
L-2188,chilli,25.367674655159878,69.97316923261293,9.716845706650975,774.2659030044332,5.531916309041661,59.935278606790426,78.24646990695567,B,1,84.2,critical
L-2189,chilli,30.079864540235647,54.390152982289955,9.343333192514839,594.5431239003576,7.465164910002138,85.0912878302144,20.022908988283593,A,0,53.8,moderate
L-2190,chilli,22.67918605206621,33.72486733588791,8.644340778858872,580.65252027368,6.1022195180396785,56.52246838720036,40.526893184992375,C,2,11.3,healthy
L-2191,chilli,31.968873265837953,73.1068158413272,9.847603448574887,925.1214856537381,6.289571823456875,61.043559202231975,81.50726699287983,A,0,97.9,critical
L-2192,chilli,28.61199485220242,61.70801985063433,9.769541469122075,716.4418023616829,5.714641927431308,65.28557278386975,37.961500981430675,B,1,54.2,moderate
L-2193,chilli,26.568730690590655,69.91908676976722,10.751765675335527,673.553888089278,8.589898335920699,75.35505658935519,23.28974135789748,B,1,88.8,critical
L-2194,chilli,22.069655507963713,62.86755267906007,9.261189466173635,634.6465489817964,8.452417502148903,85.3133945372193,28.266533202902632,A,0,24.2,healthy
L-2195,chilli,24.609131599059467,71.51644973331582,9.554933140517129,563.9771100570782,6.00453655135121,80.8973102690494,19.819179433405093,B,1,47.4,moderate
L-2196,chilli,13.653669560438264,63.88412078632896,10.837652750442192,623.2155687063054,6.277734753499216,64.70936061857138,65.4668212305694,B,1,46.8,moderate
L-2197,chilli,23.44269906737701,35.74574102694309,7.593416940311755,516.1566464438595,6.752920524296003,84.90647100847079,60.04381621793712,A,0,6.0,healthy
L-2198,chilli,27.87597746619993,70.87983813932703,10.757388803145961,752.1741434216751,6.861500441063105,77.31330162160943,16.123619423944795,B,1,83.7,critical
L-2199,chilli,23.37484425247567,56.510301315771095,9.915356869723723,531.491851247691,8.583845155833192,92.07669299247473,18.82042172246566,A,0,4.4,healthy
L-2200,chilli,25.528336698136243,67.97242975133796,10.333206068611313,588.7021764934811,6.814574356668751,78.75438778568476,7.692109245251403,B,1,47.6,moderate
L-2201,chilli,24.967858067893225,63.964741767141376,8.377469753015045,608.411604041411,7.943629638361761,83.09378555327974,44.53143613104298,A,0,15.2,healthy
L-2202,chilli,31.119313777520738,68.64519240368087,10.493955503644814,614.6917829921242,5.7346377561115425,61.15800679980999,11.018510032655001,C,2,94.6,critical
L-2203,chilli,26.511015357813783,51.62212418325093,9.951324207015315,905.6828474682004,4.256298675782261,48.32329825674508,110.69797232831395,C,2,98.8,critical
L-2204,chilli,32.19254698278056,52.55049396309143,8.80342157821132,582.4577384750995,8.825484859321897,84.2194070850902,14.635917914861292,A,0,11.6,healthy
L-2205,chilli,25.484630020743474,63.490673604392654,9.518965953517226,400.0,8.26165268108062,85.44220118800027,4.280026871901406,A,0,20.3,healthy
L-2206,chilli,27.43853307573383,49.89415752808855,9.5371226627433,652.4259042647943,7.032826029470469,77.36054913004911,10.617832590394114,B,1,19.9,healthy
L-2207,chilli,24.005492850622183,56.40651473153621,10.264207326429798,667.5929708935168,6.888915487697087,76.95894493809739,37.10629708335226,B,1,67.5,high
L-2208,chilli,30.734837656481986,50.77189593427705,9.083407119085434,624.35621170005,8.135366775343119,78.68012720375033,27.951368152063402,A,0,14.9,healthy
L-2209,chilli,27.409956178185453,50.98081162056853,9.485931522235777,621.4280751971022,9.131606748858633,87.3733554622166,14.36156432176277,A,0,17.1,healthy
L-2210,chilli,31.556311413165282,60.67075361456859,7.436665106194706,714.848478926398,8.087843448898045,84.83438917646053,26.877881424719305,A,0,6.4,healthy
L-2211,chilli,25.09997824622816,67.58082186562856,11.301686671508735,549.3017027291235,5.526658305722513,65.59981928463054,18.185033290733568,C,2,66.1,high
L-2212,chilli,31.464859953502064,65.07960773478513,10.667311826807026,796.9580156272815,6.451206142129824,74.01533011098081,43.75434380916048,B,1,69.2,high
L-2213,chilli,24.372458026897533,51.71959879458199,10.724213301144728,609.7483592187359,5.616920189965627,65.97626487946593,11.425305849699441,C,2,52.4,moderate
L-2214,chilli,29.315890142461814,53.20327917229446,8.951112587003625,587.1623586249639,5.954099006343115,71.3433945924158,33.28488082910567,B,1,56.4,moderate
L-2215,chilli,22.017990732714036,58.22968941298326,10.583020127456802,634.4804848727443,5.629612252548737,58.307681258010724,34.34619489546253,C,2,67.3,high
L-2216,chilli,27.511870074325213,52.90948608387292,8.393574583130682,648.2416903496007,7.842864930327724,78.27391217210047,28.631208474483397,A,0,10.6,healthy
L-2217,chilli,22.4785738429656,59.47842323790434,8.963327971320492,710.9882267414735,7.5486414137180065,81.70027803226432,40.06526333632669,A,0,24.4,healthy
L-2218,chilli,25.92125512328289,47.00122395088113,10.291008012727938,657.4512257456819,5.2583859261538315,64.5883105248999,26.64420026026006,C,2,45.3,moderate
L-2219,chilli,21.573048515517,67.25857479740002,11.139159236014958,641.1612019880278,4.989112894369773,69.41611215721835,49.09386189490628,C,2,77.1,high
L-2220,chilli,24.63922574007001,58.2525657799083,9.074109659710388,578.1337121352935,8.226645469292686,85.77647718307324,28.611894089374303,A,0,4.9,healthy
L-2221,chilli,28.222755758931076,64.81585609222259,9.222050450501595,890.3294475486331,7.142754292394065,81.06681679127679,67.43990510535642,A,0,80.3,critical
L-2222,chilli,28.92838913297687,67.45136817665161,9.846642907845347,661.2011869963503,5.918608482399845,72.39445423497429,33.1534070543397,B,1,78.2,high
L-2223,chilli,23.085820727768116,60.431073564905915,9.000762999603504,716.0870189295409,6.380956137166855,77.86122074219466,64.56404315996683,A,0,35.8,moderate
L-2224,chilli,20.26494480999181,65.77481355290163,10.217364750786928,500.1210483800887,9.010179248666955,83.93221942512318,18.48726132368847,A,0,19.5,healthy
L-2225,chilli,27.428513739419028,42.183744942950455,9.284872907245571,652.7311849642,5.803644033983549,57.01663687332573,12.683238825443048,C,2,18.7,healthy
L-2226,chilli,28.624997227878996,53.446077813018036,8.592685628156337,769.1527618137924,7.4572916532211675,75.68161400699238,48.83614275150756,A,0,25.9,healthy
L-2227,chilli,24.84872412728488,72.76532126724561,10.872781635935295,624.7431285093979,6.875204081339048,77.76691313151979,29.01669630113045,B,1,77.4,high
L-2228,chilli,30.408268112434314,65.87323126686455,10.560933048377114,575.6461462019188,8.28227942766471,87.4523981389594,2.7340709238384444,A,0,25.0,healthy
L-2229,chilli,26.856365581536824,80.0667516501342,10.370823402433757,572.5299448601958,8.41732748229115,89.5660358848396,15.840105460839863,A,0,38.1,moderate
L-2230,chilli,22.309927908848405,73.42296665680207,10.172032582417538,506.2431194608479,7.455151773285411,74.5191405505313,37.239022014153065,B,1,52.0,moderate
L-2231,chilli,20.7611184234174,60.20312621611098,9.138064631390307,543.900566519225,8.982709924882242,89.3413601844896,27.113227911709007,A,0,3.0,healthy
L-2232,chilli,29.131671589697643,61.140364108839734,10.426944820591954,633.248892956694,6.409662266792877,77.08029379390725,15.236875114102862,B,1,32.6,moderate
L-2233,chilli,27.02246956734287,51.763913452399755,7.033454407114707,551.4903035291909,8.47351704440465,79.75714724660511,28.83069472839644,A,0,1.5,healthy
L-2234,chilli,31.485024389766398,55.1101715234771,11.57539368889557,634.1739303952764,4.626825200125008,57.1528188038308,32.52847895238631,C,2,87.6,critical
L-2235,chilli,25.332483542467116,58.4217593105529,9.356079089802295,548.9425209949419,7.343212642004557,87.04446892963087,5.635745367092106,B,1,20.3,healthy
L-2236,chilli,25.149984514480355,56.64510498450175,10.438433894341562,771.6846703577929,4.829745810302139,57.704196519812534,63.35406351368874,C,2,96.1,critical
L-2237,chilli,24.570573744939598,47.9676690601307,8.228884629194585,723.2555758419877,6.555037587785553,75.79336557609344,73.28095477280146,A,0,17.0,healthy
L-2238,chilli,25.008197569060368,67.76812465695667,9.69418156434773,507.489362408942,8.807414194348349,85.96605100783802,15.766200407343108,A,0,11.9,healthy
L-2239,chilli,27.272122088607787,74.038536273034,9.547236330018192,894.1799459873725,6.693656953029115,68.35498066621699,99.1452989509249,A,0,94.4,critical
L-2240,chilli,23.865237272147468,73.49936505729805,9.863143192735707,581.1117225148372,6.867893416675389,74.87925055517778,27.309163955236475,B,1,52.8,moderate
L-2241,chilli,27.256707762667507,53.097573634876106,9.155046126699514,650.8584334379617,8.083798119912693,82.23436847279869,17.350073245180102,A,0,10.7,healthy
L-2242,chilli,28.665546409306728,70.07845627584732,7.518304528979111,545.0232607221985,8.384409798214278,79.90778266863835,16.906726565407116,A,0,12.5,healthy
L-2243,chilli,28.05248040524902,62.562994198734515,8.691886771749271,895.5303560361215,6.123085418786858,69.37680876443625,94.79578510808766,A,0,90.5,critical
L-2244,chilli,31.748067043519466,53.70795681226586,9.683006153497084,737.9733947328546,7.575632836422963,86.35440958000486,11.641848683869473,A,0,39.9,moderate
L-2245,chilli,23.922504760855666,61.046519403328354,9.699393651701444,616.5938476310378,7.121839618746366,85.65599855606997,33.051964014661436,A,0,35.9,moderate
L-2246,chilli,20.121455193771315,52.428727677870604,9.227265537481605,582.3328018668193,6.539347583025155,85.83333703116772,36.10316209453747,A,0,35.4,moderate
L-2247,chilli,28.87380434287492,64.98459452173435,9.336535228499653,770.7288310912287,7.815034926050899,75.32798837744933,49.06846102230032,A,0,60.6,high
L-2248,chilli,22.918490692659272,64.56985717363635,11.402170542182363,553.9232906730058,6.126816762375217,72.96741181387857,31.088762947085083,B,1,70.0,high
L-2249,chilli,24.163254443152727,51.85408688992197,7.694249620909126,684.982763261293,6.312882158132564,71.5061356887313,90.26920131426282,A,0,31.6,moderate
L-2250,chilli,27.63997923297388,50.297128563550274,8.463701166009045,839.8977385462001,7.164572528089763,70.25606507275829,101.7202623321182,A,0,23.5,healthy
L-2251,chilli,22.98372189325187,65.15420524322104,9.572438777754119,859.7992357519483,5.854729789990793,66.50592911286647,76.80967957246446,B,1,77.2,high
L-2252,chilli,21.620787372932227,63.10930678956127,10.35613531493924,537.509710614832,6.344579848544622,66.08113901152362,38.76629754244097,B,1,52.2,moderate
L-2253,chilli,21.75535504422354,55.966627117079476,8.325465889012447,716.8189971655725,6.642834457378073,83.54363414966419,56.32579622991196,A,0,1.8,healthy
L-2254,chilli,28.471886482660477,53.63692682679177,10.606601421268092,638.5135382314494,7.447456171996983,72.43236750330642,23.006519096825656,B,1,63.8,high
L-2255,chilli,25.55558417821817,67.75684984830245,11.329641374788794,790.2707538886872,5.219487257857121,58.51759530623303,64.96289146238087,C,2,96.6,critical
L-2256,chilli,28.779303028540845,67.96861971933264,10.375831017904249,707.2030389762276,7.212811846181488,71.55161009030338,18.224423873747654,B,1,71.7,high
L-2257,chilli,25.316342561990023,44.71295252444783,10.842069551491837,692.7003614724723,5.686803523058946,66.45316801016459,13.512911700724182,C,2,50.5,moderate
L-2258,chilli,31.28545867617674,68.36040424329322,9.545225189203114,670.4669207000046,5.943170653560963,71.37155105123514,13.169830063656667,B,1,41.4,moderate
L-2259,chilli,26.22708743752011,63.44525930321146,9.50665889901385,746.0040254226892,7.675955724442916,83.3387073987951,44.55127719586135,A,0,41.2,moderate
L-2260,chilli,18.520592054974326,61.05934126504397,9.093893564736465,620.9353008765356,6.505355015941035,75.95083181227275,82.98978907346891,A,0,16.7,healthy
L-2261,chilli,25.691604061488462,72.86758968471074,11.617349037974295,868.7015042660246,6.094249064336181,61.577889608542186,87.44850497338848,B,1,98.2,critical
L-2262,chilli,27.445187167166363,77.4901546137291,10.990097239311138,479.10769403100915,6.125880514192622,66.97373565361684,3.0092080844201825,C,2,88.8,critical
L-2263,chilli,24.496770420565674,68.56892379352249,10.906280910609603,708.2186483940353,5.692900807521448,68.52473085294096,58.73789464517262,B,1,95.8,critical
L-2264,chilli,30.433901106010094,60.73223815501535,8.891333145493514,661.4056965255032,8.239255273022435,92.12348666965929,12.70238589167617,A,0,25.2,healthy
L-2265,chilli,23.409467229205024,47.49034013741043,6.706565810622056,726.8552174191803,3.827049187585316,53.22722480144682,120.0,B,1,64.5,high
L-2266,chilli,27.544878385530943,43.90196632660848,8.618799794636514,679.030565129149,7.53480037008663,87.50861012938182,9.174950630075093,A,0,3.4,healthy
L-2267,chilli,34.262571944518065,64.94415591933796,10.103468564031843,787.4377195075233,6.814596019004317,78.42836127482394,5.765929690491011,B,1,79.9,high
L-2268,chilli,23.919532711820594,68.46849734550698,10.28600750928645,707.694814238556,5.445790687243122,66.89313946732199,59.56942012920342,B,1,91.4,critical
L-2269,chilli,24.321611426442825,57.12080441771844,8.989747762186425,529.2717350688356,6.208974465966418,72.5052453674828,21.88747917557384,B,1,9.4,healthy
L-2270,chilli,24.014488472894474,55.367415106052746,10.975522991186043,652.9412902849751,4.6260922735840255,72.30296909159843,20.8478610851101,C,2,74.3,high
L-2271,chilli,31.385574069816315,56.046858650616116,9.18932318405772,727.3763266055165,5.838549825596522,75.5873503531338,15.550931761498617,B,1,34.8,moderate
L-2272,chilli,29.279588622366056,54.13828671190166,9.166822700822898,655.6718738959491,6.533940012448414,75.02716263914763,17.92908535161637,B,1,15.8,healthy
L-2273,chilli,33.07307851554152,69.20105382135745,10.661886418412502,904.5163603835542,5.871373894697115,65.74870901082917,61.384255676757135,B,1,90.5,critical
L-2274,chilli,27.12959586146496,66.25652735894572,9.564269562397536,619.8615449589187,6.934050419876931,76.55646179772242,13.131100359747839,B,1,60.0,high
L-2275,chilli,24.70807597497475,57.6818876341664,11.323147957470676,560.8345309711374,5.4843152170477865,54.72899120093986,26.491627750602664,C,2,72.5,high
L-2276,chilli,23.454751189706624,82.84720179993973,9.363954250902886,457.10132511716245,8.386954638807174,86.87999102564234,11.894838476484853,A,0,22.2,healthy
L-2277,chilli,26.789566925617184,46.28106500010728,7.75284306630223,612.3049708435336,6.535653822769379,74.2272825282604,32.10926460398877,B,1,14.4,healthy
L-2278,chilli,19.231504471854155,63.42082447622955,9.463021001634333,487.6331751354197,8.364270810644001,86.04141773312719,20.56222290641408,A,0,12.5,healthy
L-2279,chilli,22.641321600528713,48.54892335557511,9.443063579975787,632.410853961241,4.8988576603759615,61.6444257009393,41.84832928300862,C,2,46.7,moderate
L-2280,chilli,23.7187344889985,57.08472756330419,9.754209963169979,643.150254026073,6.106487317521107,71.35097044252689,45.88588796198093,B,1,56.6,moderate
L-2281,chilli,27.37114256358115,66.3273757988299,10.117432110919948,743.6982276345179,6.296310999881286,71.80431844223986,83.93423615209664,A,0,89.1,critical
L-2282,chilli,34.719651809891005,69.7358279578971,10.683889686099128,984.3769114594979,5.6898200101192264,55.62461134643418,120.0,A,0,99.3,critical
L-2283,chilli,28.113748147819393,56.61377329697178,8.395075186183528,647.6357103221893,7.655012340042028,87.89913937577737,16.977487686496307,A,0,13.4,healthy
L-2284,chilli,22.413923740707713,59.64243402368489,11.335908178893735,645.2685809255244,6.101409494342662,71.96561049071383,49.72249506815594,B,1,66.9,high
L-2285,chilli,23.529508959362325,52.72665271551632,8.285942656677586,533.0394878929806,7.79879506211676,90.51833121018238,20.262734675721003,A,0,3.1,healthy
L-2286,chilli,26.298035684521636,54.40746087843643,9.178257298932198,637.4674531121143,8.09199701285651,80.73562803757319,44.92316386274936,A,0,23.1,healthy
L-2287,chilli,26.229553161057954,69.57625552830595,11.516832089943975,661.911296399257,4.11381294661548,66.42613640824835,43.5562181622337,C,2,94.5,critical
L-2288,chilli,31.51494710064863,69.2410113791081,10.207530907921766,702.2596712544713,5.760525499592318,61.031789799601604,42.578110238152064,B,1,85.0,critical
L-2289,chilli,28.748450224446042,66.95117235907142,10.348670540718034,820.4458062078351,8.069116691361028,76.87159352740586,52.46590375478769,A,0,84.2,critical
L-2290,chilli,29.829837173415246,60.685816608797786,9.178725625986852,671.3105303011791,8.173631102265162,83.27919565271007,33.67743942100604,A,0,11.1,healthy
L-2291,chilli,25.884266922387432,62.1375195155936,11.955642737080789,662.8019342320305,5.611612580776363,63.21352548718362,21.960755347125904,C,2,90.2,critical
L-2292,chilli,28.086287382514328,68.70297474995687,9.881799125562805,714.80704206599,7.134820013335727,75.1295766764623,32.39092636625798,B,1,68.4,high
L-2293,chilli,24.496524129971423,68.00982875630669,10.786301041625878,981.1021721965737,5.639884334772437,57.36880299771052,116.91224965057233,B,1,96.9,critical
L-2294,chilli,26.63382467491642,72.54047082029916,9.747187135181333,647.9277632482483,8.50461159031779,85.97138207712526,18.654176317920236,A,0,25.9,healthy
L-2295,chilli,24.677810909563654,67.45999375616401,9.671810907927847,588.4179358028236,8.688316157529036,84.87869716681227,23.402950997604552,A,0,14.6,healthy
L-2296,chilli,22.65599598872245,69.60634179355208,10.040358387100325,618.8692084997049,7.787722259401063,85.05540613232102,15.867471022664144,A,0,39.1,moderate
L-2297,chilli,28.987415592349542,53.3690711498073,8.576282933770127,632.0553069007611,6.914791647993389,77.13923035233823,4.600377915417321,B,1,29.0,healthy
L-2298,chilli,30.35594192618477,58.90194815934907,8.903425965155524,730.1917307834748,6.536793453495075,81.07140699667299,28.397731336920284,A,0,22.7,healthy
L-2299,chilli,27.530128720570605,72.90849827436524,8.991266417649769,634.2997466081474,6.592709049747092,82.68254423304653,47.13160623639773,A,0,73.1,high
L-2300,chilli,30.809555872392846,65.48155211652191,9.626738806453837,656.3977235685024,6.521592494717952,73.52285501782818,13.662622132207433,B,1,47.6,moderate
L-2301,chilli,17.201280346302166,59.39720019608173,10.418648705329035,574.1512300379718,3.6961219371173493,57.28207680423749,75.33304355041557,C,2,92.3,critical
L-2302,chilli,22.490333203799384,54.68887390197382,9.146636479880778,688.71233975358,6.266586986923511,69.14652794270359,40.928497697602275,B,1,10.5,healthy
L-2303,chilli,22.818688520702423,61.76570721751832,10.726745967644273,684.7384569166354,6.511477566255092,67.71408297395159,61.7792864961404,B,1,83.7,critical
L-2304,chilli,23.455153606590866,54.89606233409141,9.64989847745958,590.1299252805179,6.331838791853096,64.18215665709354,38.14791910890107,B,1,23.4,healthy
L-2305,chilli,24.599158546386604,75.24873809573114,9.42852517818561,511.17352052858877,7.949021756420052,92.97920225996414,26.39083845324099,A,0,30.8,moderate
L-2306,chilli,25.776585517016102,72.04723669862,9.681116238078609,597.4551408614807,7.521732167704267,84.2489443497189,22.3792672448361,A,0,36.6,moderate
L-2307,chilli,25.02084765922318,53.15290878699346,9.80772717265586,624.0512930768001,6.067620779377269,74.53119454146146,36.97403124172809,B,1,42.8,moderate
L-2308,chilli,23.006439678780918,53.4161452128605,8.990672829330649,713.6802125580047,8.486429341545213,82.83852623153989,39.47075744013614,A,0,14.1,healthy
L-2309,chilli,28.262207782619402,58.87002497349573,9.63412457340804,676.9171476719068,6.556606922927816,77.11533613666938,19.8043056835486,B,1,58.9,moderate
L-2310,chilli,21.12720117445756,57.47637709269279,11.226620657139701,535.3217477176665,5.259757877770898,62.45405313083976,25.87210532573633,C,2,67.8,high
L-2311,chilli,27.60688384732137,55.50842275710421,11.171994949765674,868.1747368858286,4.586040443772123,52.44832976861056,102.21551597068884,C,2,99.3,critical
L-2312,chilli,23.027578982271116,66.31385007400311,10.306691156035864,469.3611625038567,7.6535967357985095,87.86640539653733,32.845315321033134,A,0,30.1,moderate
L-2313,chilli,24.07706632444218,50.40845971763367,8.869561879743479,543.419782309429,8.688513283860292,80.18017173891378,35.40845217861202,A,0,12.0,healthy
L-2314,chilli,27.412189177907848,82.73433257399363,10.785180105033819,802.9720090399517,5.45471762705529,65.73047185893527,86.08005181275826,A,0,97.8,critical
L-2315,chilli,34.8644284655247,52.84465546907415,9.357748434585956,799.6998929853736,6.808692789935555,77.49726456409216,39.850928559496055,A,0,70.4,high
L-2316,chilli,28.289510311717944,53.93981661653963,7.005598743164497,610.9985462124337,8.248841862626936,97.4831580403487,29.77942985817424,A,0,3.7,healthy
L-2317,chilli,24.470083266507576,76.49991229119546,10.52531397312153,735.5102428271058,7.881958898921,75.83579296757257,60.56611095484812,A,0,73.2,high
L-2318,chilli,23.819305364602982,70.90897674828071,11.515138816273755,659.34658604937,5.62337159377501,73.97064830505192,51.393554509213935,B,1,87.0,critical
L-2319,chilli,26.846768024004437,54.95883451086377,10.427449939236466,682.9499757827821,6.632127269459596,81.46817427602704,36.075175425840065,B,1,74.9,high
L-2320,chilli,30.885757180578548,66.97330296981278,10.145261810505673,648.3579113706509,4.704725214921103,58.71381812273302,38.39794911119142,C,2,91.0,critical
L-2321,chilli,19.759253219163817,63.64093838429337,9.524007379685267,513.5270280315477,7.683131658127104,82.67947880201724,23.971609152147696,A,0,10.7,healthy
L-2322,chilli,25.944369511443863,56.71199255399384,7.998101975639072,604.796513042266,8.647303063985657,93.38484087172407,11.108420852437362,A,0,1.4,healthy
L-2323,chilli,27.339003885671428,48.39846596251155,8.257144879753147,646.427164311949,8.243541242809227,77.91105169834552,46.26354403897821,A,0,5.5,healthy
L-2324,chilli,23.16564400498215,34.675081022622706,7.47212622418249,531.3010709825471,8.815543438729204,96.41213632615339,7.317962261537444,A,0,0.2,healthy
L-2325,chilli,27.621109923388083,51.1205518280398,9.369054588228444,468.9373078820035,8.5369211213832,89.40783628448092,11.572724070199516,A,0,2.6,healthy
L-2326,chilli,26.25486546737039,76.36396563166653,11.509514852195988,517.0656838173456,5.90261269799437,55.685753145140815,25.60020329733125,C,2,92.8,critical
L-2327,chilli,21.178867625240155,73.98318737953494,9.591172379695438,557.9172562826471,7.656692737531657,83.51048557889034,23.60053141171036,A,0,23.3,healthy
L-2328,chilli,26.21993468082693,56.18059481270015,9.806329429830251,763.5401789732103,8.578707367044903,87.11506357772934,49.84770502069071,A,0,52.0,moderate
L-2329,chilli,25.962930334972988,49.145962494947,9.589965982398681,708.1016262523507,5.371550375121907,67.76289000936923,59.15497606303258,B,1,59.1,moderate
L-2330,chilli,26.684029276463647,60.35122338860372,10.24716511078136,1071.6850650725148,4.407015461987026,57.99136319146162,111.87716677335135,B,1,97.5,critical
L-2331,chilli,27.50183396251798,60.92676920780855,9.390813359771565,482.18203672825825,7.741555926226651,76.50336963960338,6.183952115428506,B,1,26.1,healthy
L-2332,chilli,26.348328307634663,63.95818197983716,9.305066503626168,625.8049859480719,7.934816766950908,79.08300488977662,42.41903493661901,A,0,10.9,healthy
L-2333,chilli,29.099345839314594,34.57264652913976,7.50881588130641,672.6313893079174,5.688392591237452,67.40711011543017,41.17934647070149,B,1,36.9,moderate
L-2334,chilli,26.04701981698035,90.17955800235399,9.238791361504731,673.5575208955772,8.4233024261326,79.60510775396409,37.51904683009175,A,0,64.5,high
L-2335,chilli,23.82902953746149,70.79467217298357,9.843509581545492,620.8243485944331,6.97991075767168,80.97279970113512,46.24881289805192,A,0,62.8,high
L-2336,chilli,24.345287506236467,61.80337234131537,10.303827824997274,635.9707910990226,6.1054665233586976,74.02911046801216,53.312501510813135,B,1,75.1,high
L-2337,chilli,23.97224436976308,59.19381149986513,10.804577648641096,837.0744576175111,4.986588070087545,49.9786063454277,76.94132291168438,C,2,96.5,critical
L-2338,chilli,30.004149735150374,70.91772628848175,8.98874406145869,706.8971682780561,8.080114857418776,78.18726583590737,38.353494972939345,A,0,50.0,moderate
L-2339,chilli,30.241386233318025,65.8073126092108,11.32491747967542,953.463428435237,4.5214634580512,59.70984253823062,92.91654444516068,B,1,99.7,critical
L-2340,chilli,30.013972962305246,63.050339209195286,9.985027000058084,748.7917328945852,7.859050340330638,77.57561218523028,38.55883103052122,A,0,85.8,critical
L-2341,chilli,32.12005551078881,65.52477815377378,9.776885633193594,676.8759756004683,7.561034722157461,77.6880983903881,21.064563667155575,A,0,28.6,healthy
L-2342,chilli,24.03946497904944,59.13612159825824,9.08765217385388,601.8882747808866,9.154753897915802,86.35258802330395,36.04683478377053,A,0,12.4,healthy
L-2343,chilli,26.51591672591491,63.528782972413524,11.319747534679127,586.0153628517153,6.724247303660196,87.99788840987003,14.756972925471276,B,1,53.3,moderate
L-2344,chilli,23.806969315593708,63.472255766395435,10.679336990328451,507.3009311606633,8.768810280647266,91.80916013454943,15.435401787137739,A,0,12.2,healthy
L-2345,chilli,16.990586910254706,65.60661052965276,10.035724985579277,442.6256019324113,7.118956451394872,69.69716280723111,27.323977075472097,B,1,16.2,healthy
L-2346,chilli,17.87961089227686,62.52441265532228,9.305735944514739,459.5984660836853,7.940691422251601,74.07434626942428,24.367037708466313,A,0,10.8,healthy
L-2347,chilli,25.75126850771804,76.88429812177256,11.728194955968478,855.9262434979549,4.0463978110104035,57.162733989769585,75.49882367930934,C,2,99.7,critical
L-2348,chilli,22.01055285956652,48.37144363598984,8.118456444344522,429.1174267568899,7.021633890891427,76.00726139787143,27.057413829910594,B,1,1.6,healthy
L-2349,chilli,25.559507424931578,50.941204626146195,9.062755475200188,617.7346693778035,8.046320380472336,92.26657146170324,12.936983355874561,A,0,4.1,healthy
L-2350,chilli,22.58403942250465,63.97911931452547,9.223207609394215,578.4303028943141,8.373999531182085,83.58747657064964,31.220965658909748,A,0,14.0,healthy
L-2351,chilli,23.383371065671334,45.7489658841261,8.7026199931398,536.6061193014615,8.035268829406753,86.08366211792244,38.27865044089019,A,0,5.5,healthy
L-2352,chilli,29.233321944468546,62.226384390677964,10.498311720309895,796.9237775572244,4.950224366541635,62.73808911057193,33.7840209185937,C,2,96.2,critical
L-2353,chilli,28.52987501601106,67.5743402127614,9.036763483263769,603.2335649121994,7.91106953583982,87.9306132545753,12.360191037386677,A,0,25.3,healthy
L-2354,chilli,22.023453344168896,60.14459777189308,8.52592732310301,616.2190302998571,5.840678811917559,64.41345125864505,81.07222557206609,B,1,21.9,healthy
L-2355,chilli,30.28691526782624,44.819349249016824,9.324078689235813,699.5711076988239,8.58883326506654,87.85118492191431,5.455668711843098,A,0,10.6,healthy
L-2356,chilli,28.175635974315682,59.561075021516736,9.771531410585961,752.8294590136196,6.039346421769595,73.89499488426337,33.398195690056674,B,1,60.5,high
L-2357,chilli,24.97230041786425,59.53692814529161,10.232791149012357,502.4336619219341,6.681117971069027,82.35043735289214,11.986608133202028,B,1,16.3,healthy
L-2358,chilli,27.099743687760032,53.92065037652077,8.945746450546892,711.3035630907858,5.8352288439152655,70.44420182824688,62.99829974440565,B,1,56.6,moderate
L-2359,chilli,24.03076439616997,64.02247323797606,9.916919704331463,620.1464374896607,4.850346899594467,62.63292447624893,42.55389890587263,C,2,60.1,high
L-2360,chilli,23.53135316409641,63.61201026530029,8.316381443156416,481.81904329121505,7.917903686996759,80.78162106262828,38.2772472848057,A,0,26.3,healthy
L-2361,chilli,31.92127146305335,52.60298906341421,9.20968086102547,709.4489332793189,6.7670312093554665,76.0139927607908,25.466649321450188,B,1,28.4,healthy
L-2362,chilli,27.859755472934346,49.398757002673314,8.17684067945848,802.3459767016286,5.758353469618442,72.05112875449085,76.34025769411815,A,0,46.3,moderate
L-2363,chilli,23.50007396031,52.8021922692683,8.744470072169724,605.4152855286939,6.370224658737461,71.36499861084236,25.41606810756285,B,1,21.4,healthy
L-2364,chilli,23.294385687918272,56.34226629968418,9.37290737600367,805.7344244323372,3.5124713093952415,49.29202880425323,98.43161944251868,C,2,82.6,critical
L-2365,chilli,28.834548983117237,56.69582656834415,9.414818491005171,672.4764972194645,5.93370837729088,74.68744377788255,15.047430541095169,B,1,39.7,moderate
L-2366,chilli,24.767729915156668,72.10380147388018,9.886500099911178,550.6880793711044,7.133209728815252,71.74087963673824,31.38331793280684,B,1,52.3,moderate
L-2367,chilli,23.270859764156913,62.868388775552326,9.08798278262998,758.0871995977924,7.974383587967356,80.3248988371706,52.299184498035586,A,0,38.1,moderate
L-2368,chilli,28.578085919996894,68.70722522269875,10.703274167317655,689.8631630273861,7.675029895710944,82.18437490012379,44.68097144340782,A,0,74.3,high
L-2369,chilli,18.861593001188616,55.90403664819634,9.411217189404987,483.07650328109696,7.455453854557051,86.23721559583387,29.53406737532425,A,0,6.4,healthy
L-2370,chilli,31.061696408623753,68.70544234918137,9.997919393357316,586.3726651918447,6.605708464587966,70.12380691147023,6.29383105969955,B,1,65.1,high
L-2371,chilli,21.359735377024112,65.44140759795799,11.298092449648298,569.8496580189583,5.834850367699278,80.7876506356416,35.11702635662537,B,1,55.9,moderate
L-2372,chilli,25.169408648663385,63.270352460092056,8.361603485985265,566.5935951903645,8.546009963795763,86.01256326099363,23.047328158046554,A,0,1.8,healthy
L-2373,chilli,20.657179625751667,67.2360886763966,8.128723468246292,487.5261200785662,7.940433602927203,92.14300851567981,18.800894468136573,A,0,0.9,healthy
L-2374,chilli,20.212756288287224,53.03835305483711,7.797102532234594,585.4236092654833,7.350953828267017,77.62837568659681,54.47731053204731,A,0,4.7,healthy
L-2375,chilli,28.518494019449435,36.65094370560831,8.662957976149677,528.1290559801798,7.497870265144413,89.50918639154223,4.941575808011035,A,0,2.0,healthy
L-2376,chilli,29.47261542276152,56.47310844157185,8.428805595457991,669.052599336882,6.9821263778178455,81.0317410094823,30.371219085827665,A,0,24.0,healthy
L-2377,chilli,30.800230265311505,67.98557237156999,9.638874717246717,534.6162828928602,6.250077385182082,72.38534021568326,1.4576858331714044,C,2,29.0,healthy
L-2378,chilli,21.77510901402749,63.252176918758465,9.769837197589062,664.8757248574626,7.310545578474379,71.60077183718164,44.927436516814545,B,1,17.1,healthy
L-2379,chilli,21.776904135123207,57.94615316019527,8.328559742155624,658.289478257356,8.33195601808547,81.9302964279524,54.877348656416025,A,0,6.6,healthy
L-2380,chilli,28.307621525346104,47.316314984571775,9.79749118205701,678.062379809482,7.146321821090582,71.4492387696416,34.74896543970471,B,1,13.4,healthy
L-2381,chilli,30.634798506748076,43.99884811598126,9.38011864529239,621.895293024659,6.871106615947041,72.23581753539696,21.31306484763117,B,1,22.1,healthy
L-2382,chilli,23.068700977158464,72.79618229211268,10.070691973258622,772.8392381538686,6.4360341849674345,76.22684028137569,75.58225608615857,A,0,90.5,critical
L-2383,chilli,24.43827102101394,62.30399864389587,9.699765723892009,717.692831852562,6.326790881881822,80.00167912022764,79.05227681906798,A,0,46.5,moderate
L-2384,chilli,21.728502043293588,56.220357260264535,8.26912021010216,574.9807244852856,8.788119126112967,73.50499446908229,39.7445030000397,A,0,1.6,healthy
L-2385,chilli,31.614399053582627,53.81878292860465,8.80749572764973,850.4784518104995,6.999794923598776,65.78904587392583,87.12388054256586,A,0,77.0,high
L-2386,chilli,24.59200118775018,72.5424657142376,10.663380476907827,723.6353610478767,8.22665191646575,76.4393691731055,15.02022209987959,B,1,75.7,high
L-2387,chilli,28.664419496225474,66.14136410501106,11.191792890134083,606.8951624995461,4.8571282593237886,58.426093919091834,28.129724971498757,C,2,97.1,critical
L-2388,chilli,27.66567067364752,49.35943765873071,8.768905102770963,400.0,9.136811258822053,89.07680942267889,2.5990540703249256,A,0,2.2,healthy
L-2389,chilli,31.107448237801602,70.18720088637798,10.378063170963731,602.605233714943,6.071979777817366,69.6072399820699,11.210471912146335,B,1,83.7,critical
L-2390,chilli,21.985752724409966,55.933147304898675,8.54362320008774,400.0,8.526882412341564,87.712000303889,10.293756552339525,A,0,1.3,healthy
L-2391,chilli,28.741650196603977,53.81783391171706,8.72236605771447,650.7606374569675,7.121962286123722,62.82229852765025,44.72947905488002,B,1,45.2,moderate
L-2392,chilli,22.108780656758146,63.17617259116815,10.067997707892067,437.91084795451934,6.1690867354947745,76.35666895799797,11.953644798465616,B,1,27.2,healthy
L-2393,chilli,31.945638873184183,56.07822592554503,8.818675309303883,608.1324214527116,7.52135467195586,87.42894181278359,17.58596734152885,A,0,15.7,healthy
L-2394,chilli,22.581558049932607,49.03621989945984,8.398036018040306,468.9514093134523,8.020203001148882,86.61894655341486,19.527167280434007,A,0,1.5,healthy
L-2395,chilli,21.95509943456308,71.64021047244206,10.307799214948613,562.8233806397893,6.96707313498464,84.38912307177559,9.216153476462361,B,1,32.9,moderate
L-2396,chilli,35.35861271485025,55.53896797469685,10.787680030913082,783.7404684276141,4.873227445062002,55.944625132039505,32.777838471478546,C,2,97.1,critical
L-2397,chilli,29.06587680123132,73.02620541244742,8.862054485039968,745.0699167893011,8.01828353591061,77.70991916536319,37.40001859870182,A,0,9.7,healthy
L-2398,chilli,28.837743556490057,61.20341242748674,8.989297657770843,591.3966643363722,8.56950759491144,88.07751744447042,7.09243945080284,A,0,14.7,healthy
L-2399,chilli,19.720630840222054,70.9482876887067,8.840391795933007,641.0578068902162,8.088748612803968,81.33870108191778,49.74103958244808,A,0,31.4,moderate
L-2400,chilli,23.07283689026377,47.58432789467516,8.745801980062897,509.4219779570671,5.923520622783123,82.65692383669636,14.108028031682062,B,1,3.3,healthy
L-2401,chilli,31.939657248954866,46.93946833539523,9.686964280089013,771.2585579198708,6.71740922743245,73.76648834748791,19.27039891443998,B,1,47.2,moderate
L-2402,chilli,25.891066581321738,69.52555922804208,10.776099240373362,721.1336832412537,6.165670329746801,74.17654806312036,42.79797755456524,B,1,85.9,critical
L-2403,chilli,24.78340530955066,47.67479633141826,8.613549811505075,518.6730723925637,7.239557351476522,75.94196338450358,19.415402783158417,B,1,2.0,healthy
L-2404,chilli,26.761536372137467,61.653680382355866,11.309181695658259,623.0677550321977,6.457710098738138,68.63897704081234,11.374710877352992,C,2,91.2,critical
L-2405,chilli,24.93926581120858,49.05757314032778,9.337541362724416,614.0846630036875,7.121087700358467,76.24518045036767,31.339925756181774,B,1,20.4,healthy
L-2406,chilli,30.84532133847927,57.12424987718798,8.725645959484323,765.5001417916998,6.978096031402325,71.7665229035382,63.509377026557225,A,0,73.3,high
L-2407,chilli,26.66785790676897,75.99590480917335,10.671963108067423,766.5341992603396,5.0981358602860585,71.54346806991397,58.244000495713365,B,1,95.0,critical
L-2408,chilli,25.275061806568107,64.14901759109192,9.864612936710182,624.3752703219914,7.920671392718564,84.99216667965241,17.90324423231575,A,0,26.8,healthy
L-2409,chilli,22.097491560560343,43.87456931081884,8.155720344265792,400.0,8.793493864353687,85.15074962019459,13.205037386478924,A,0,0.6,healthy
L-2410,chilli,30.888959694013238,71.6414303761161,10.791399389045129,636.7468291709478,4.8799935407548745,68.01894154328716,15.750141214598248,C,2,86.3,critical
L-2411,chilli,26.47696944174868,77.5596978468636,10.219996202209263,787.4683530097956,6.145058494316817,64.93845125425108,58.67885024223189,B,1,97.8,critical
L-2412,chilli,25.294830967348044,84.09376932961221,11.333389501806234,597.6980036386047,5.4776995791336605,63.503573366081994,15.522311582899254,C,2,95.7,critical
L-2413,chilli,29.344783829053757,65.89991496973195,9.411084077283952,777.3149306606623,5.877685339028477,67.78270577722783,84.25121653759439,A,0,93.1,critical
L-2414,chilli,26.878126152323052,43.50077995901711,8.955139167092835,524.4912701201539,6.495784705428173,71.44110190064798,42.40480118949193,B,1,12.7,healthy
L-2415,chilli,27.928050551043803,61.39551944963176,10.494398457820322,764.4109710484604,5.914134533370587,69.98916423963203,28.651442522132267,B,1,86.6,critical
L-2416,chilli,30.36133903267392,73.07349220355215,8.722518127427074,628.3516860814905,7.631317626342013,83.41412713340179,17.655815660769917,A,0,49.5,moderate
L-2417,chilli,28.817945530675633,60.67675712060164,9.397443811149916,759.5900237139568,7.6008941219104225,85.99039617995689,31.667590603300045,A,0,47.8,moderate
L-2418,chilli,25.407027686408156,70.6053765674073,10.364466130472671,609.0321208086544,7.6935394553772465,80.64479798145084,11.307260423751925,B,1,35.3,moderate
L-2419,chilli,22.534570248739634,54.04907237360483,9.733563590233395,456.5585189807548,8.296282357678846,84.3878651251817,7.333813236018072,A,0,6.6,healthy
L-2420,chilli,32.66089055748417,63.26903163141036,10.782058311028505,637.3112305138417,4.6429993842654,59.04765671667173,42.69944619115161,C,2,86.4,critical
L-2421,chilli,24.888624415040596,35.229485425461164,6.9085507042207315,540.5116547728001,7.794459337133057,83.93737976858492,28.552720758434507,A,0,0.5,healthy
L-2422,chilli,29.285447598575896,55.911332373177544,9.741944308789133,743.7908342955822,7.460751726355339,75.0964331487885,51.032492119932584,A,0,63.7,high
L-2423,chilli,26.069542428766912,57.851533811060314,9.76146780542455,679.4285997677258,7.098809585109905,79.31755825971722,36.5055067987812,B,1,58.7,moderate
L-2424,chilli,27.580957861421375,57.986906273929534,8.680037564217377,532.9279514458666,8.388276564440716,85.4038886181631,17.41089111671499,A,0,10.2,healthy
L-2425,chilli,30.780634379503486,47.95812859205703,10.770365687418913,831.7186707242536,4.929914378451394,53.45514838687784,58.197877300456966,C,2,94.6,critical
L-2426,chilli,23.418338740178353,57.19207371833936,9.289459584376257,562.8934541000039,6.714207329147449,77.67481899025614,19.199804521426312,B,1,15.1,healthy
L-2427,chilli,29.276729926215747,61.15043448056116,10.300063952741674,887.6417894040965,6.650163597913286,70.48987528555615,69.75565751468648,A,0,84.3,critical
L-2428,chilli,28.198910169417427,62.38198319866918,9.44601416513331,600.6474488757722,6.124241101401292,67.86584650411332,18.70027765244312,B,1,79.3,high
L-2429,chilli,23.22254650751097,64.68327187634563,10.854931067203616,549.5392022357603,7.070842036843499,75.12713020574631,8.62082354736355,B,1,50.9,moderate
L-2430,chilli,31.058857941494683,69.56168847526075,10.386522041401426,905.7785516718894,4.640309251881915,58.932780280055475,78.42617186244901,B,1,99.4,critical
L-2431,chilli,25.91433308830361,57.38441167132172,9.574646734435188,639.0557729217418,6.039274675109743,80.24242984442607,18.166727950764937,B,1,45.1,moderate
L-2432,chilli,24.74914711366616,70.92722520915618,9.327900466040528,522.238972571039,5.879277406922127,78.84251149383527,19.262483323768386,B,1,35.6,moderate
L-2433,chilli,29.66289032892078,59.56289575666597,9.239000923412943,423.11209831029055,5.660497842270518,77.26011556253059,9.0024006521073,B,1,12.7,healthy
L-2434,chilli,24.978880585050106,74.37714934324977,9.944352230852083,592.4042743649387,7.992778334312556,83.81000480253502,26.75893264538899,A,0,73.8,high
L-2435,chilli,25.600765944124447,72.66103632960876,10.932846708707132,548.8421806539276,6.697626805469783,74.77789354997206,10.157622216239062,B,1,76.3,high
L-2436,chilli,25.800713349125015,57.794374639619875,10.620170457089893,742.8025837735721,4.11458484264089,57.89112516877818,75.33787605805607,C,2,97.2,critical
L-2437,chilli,28.042833194796216,57.20851933538412,9.53278112245797,537.0758030515752,6.5609161106759615,73.29135785823118,21.72421808493053,B,1,67.4,high
L-2438,chilli,20.891957183771382,62.41610914370767,9.050665734685266,462.6518927312699,6.994113327986215,79.73686738533836,13.435397442291675,B,1,6.7,healthy
L-2439,chilli,28.316386428148306,63.85739245876388,9.440788396003358,651.7056807203926,8.390792114304121,84.48607113233189,30.483505734151116,A,0,26.4,healthy
L-2440,chilli,28.375746381731776,71.13210110683686,11.19659897385359,1058.7820610145313,4.592065981205619,50.12044230772771,120.0,B,1,99.6,critical
L-2441,chilli,24.912884239586656,48.88515222574445,10.333900804072437,491.3567790545273,5.253584454927259,68.16172281885095,31.5506672285155,C,2,44.7,moderate
L-2442,chilli,32.652937328007276,71.96994326732674,10.136992639576599,602.3334149424637,8.01939175716179,85.86939243630285,24.213193321662143,A,0,70.8,high
L-2443,chilli,22.63199742241952,44.16383837308685,9.129362248801359,640.353191333333,6.378320287697337,87.7789075870092,29.931954568866924,A,0,6.8,healthy
L-2444,chilli,20.582859335183798,59.951943943859874,9.33573934875292,608.235589665318,6.512106684601992,74.46768558813592,52.85951279465334,B,1,37.3,moderate
L-2445,chilli,27.306831211469614,74.811889334016,10.816728021029087,739.7017378587856,5.443442496720219,73.88187798831765,49.52254152425809,B,1,93.6,critical
L-2446,chilli,15.482163708980163,52.76013167652076,8.86754972465068,405.49381480813696,6.345580843214946,69.42046576220514,35.701076455240205,B,1,4.9,healthy
L-2447,chilli,31.0616703870874,42.695580231494226,7.491332149339029,733.0445941878418,6.56492935413772,72.32544702341505,59.86884263207534,A,0,13.7,healthy
L-2448,chilli,25.23833394409511,61.43895766464647,10.048547409112702,604.862518754239,8.320982085959827,81.06222995928252,31.23086105773873,A,0,16.6,healthy
L-2449,chilli,22.625305606681188,66.76544599451724,10.198720210056235,536.6562862122335,5.939455724969937,70.95491116611429,25.841798006134184,B,1,54.5,moderate
L-2450,chilli,19.40739871180891,64.6048805862536,10.099731630015608,457.0206614165087,6.762424814796351,74.72072426259405,30.713028422194615,B,1,21.4,healthy
L-2451,chilli,20.71721783441389,45.40296017969894,9.61102171635846,464.06680288358734,6.548317885191888,77.92119608512975,18.797391310317266,B,1,15.2,healthy
L-2452,chilli,30.52232123177332,41.86504412587903,8.912207786415705,868.2291907786885,6.499986228311049,67.57965099710896,53.650227184817744,B,1,63.4,high
L-2453,chilli,21.08153075425084,65.18495795036688,11.015695753631062,510.4970050119277,6.501411411373674,80.53946303217762,18.045547550088838,B,1,42.5,moderate
L-2454,chilli,27.753189471412757,47.23017824846374,9.093512983113659,611.8382117361623,7.224460821952595,75.52998126638046,3.9111698048622503,B,1,17.2,healthy
L-2455,chilli,25.572635624869726,60.20277231810122,8.69308987313902,530.9730691795686,7.386432146994677,74.21408724680234,7.286039328656102,B,1,13.5,healthy
L-2456,chilli,25.09300469506626,62.122653766262545,10.005532402843658,631.0862187867219,7.6258611781199885,75.61408210484576,38.40139676753132,B,1,60.7,high
L-2457,chilli,27.16994987917461,60.37477149236005,10.498967718190968,564.7217409902792,5.8754611496312945,77.09306229214732,15.60284106938734,B,1,59.7,moderate
L-2458,chilli,26.669845338626086,73.75819519129664,10.106186689810066,797.0128649339048,7.299109882858085,80.39226104364339,50.349679327583914,A,0,80.6,critical
L-2459,chilli,30.989391248484885,66.18794622050567,9.495154578174274,713.6330911014171,9.366831431104822,90.5048389805567,28.7590691567545,A,0,37.1,moderate
L-2460,chilli,20.919683742067367,73.22883117352485,9.95077168451305,594.9820245846826,6.284992540229732,75.52094224105315,53.37047652484135,B,1,63.8,high
L-2461,chilli,27.144009360762357,69.99064631548305,10.871211478659454,537.5651436811379,4.607162572205848,67.70458106457166,4.36924192997451,C,2,68.3,high
L-2462,chilli,23.18865725003778,60.4655410416513,10.30003099129345,618.6323815406331,6.543666512236845,74.58922514796042,17.927803167248634,B,1,24.0,healthy
L-2463,chilli,26.575083895544505,60.53447540446769,8.133310708267553,400.0,6.91230866318841,84.14104204633631,13.043610568688969,A,0,4.5,healthy
L-2464,chilli,22.487574294681984,55.657251494725706,9.636874672554525,895.6686536917472,5.14886850102688,56.148612462724586,120.0,B,1,93.1,critical
L-2465,chilli,26.661985378530623,71.19325963299316,9.112048213659639,632.2721573156563,8.423950422308511,85.67060235641023,20.532650035916898,A,0,55.8,moderate
L-2466,chilli,24.907014276938174,53.81326520913595,9.600893068745988,491.3908789511614,6.799393059617196,85.28973866373705,7.174018534126219,B,1,9.1,healthy
L-2467,chilli,26.54415632417702,74.79375186936389,11.232076568435463,700.7844284805753,6.153455521108258,71.62749356592632,37.8739386647073,B,1,92.1,critical
L-2468,chilli,25.485488041858407,57.33005277088972,10.10085044655681,593.6762300576554,7.462982625064778,75.26540330824929,12.038221589215752,B,1,27.0,healthy
L-2469,chilli,27.549819918188714,60.03857505004235,9.298862622173257,656.2512813726844,5.592701389854604,72.56053760032032,57.287355833565435,B,1,76.3,high
L-2470,chilli,29.220922227289954,58.899107263683526,8.207679394803858,790.317637475764,5.856840925427233,77.2302001205187,64.02414644594568,A,0,55.9,moderate
L-2471,chilli,21.995233130697414,53.774356298535544,7.783302726088808,521.2466533958858,8.05031571640631,81.66395311716956,13.15951933879302,A,0,0.9,healthy
L-2472,chilli,28.29381341184977,87.10882911850757,11.262856856050673,617.053910320994,4.912064069107483,64.48918480177684,16.003894086981923,C,2,95.2,critical
L-2473,chilli,23.642014128767002,62.97447447746819,9.552722205322944,616.9930698198089,6.245328457923346,75.25835549736922,35.31636626126006,B,1,42.9,moderate
L-2474,chilli,30.30176998384585,56.926786426758525,10.930547191703713,862.4998366089675,4.524950031109008,69.81543729164176,58.46847816624334,B,1,90.1,critical
L-2475,chilli,25.944472034910337,55.58236913439859,9.935601304628351,799.278705890369,7.598526106258355,83.35921201330936,38.378535285463926,A,0,26.6,healthy
L-2476,chilli,26.7208624344986,60.38496495634244,9.604107065425941,642.5807675726477,7.966292279101168,88.26431842825261,20.560511408054076,A,0,18.0,healthy
L-2477,chilli,28.300125460238988,58.042444228690556,8.800498964077878,633.9947036471809,8.77559176548625,91.64583245563611,8.674425435100957,A,0,5.3,healthy
L-2478,chilli,31.950062431873327,50.28561632097886,8.791010459532803,881.746193428746,6.720527327155941,63.467170042651546,89.39155311545018,A,0,78.6,high
L-2479,chilli,28.467977001379193,56.058866915203716,9.191510427555665,797.5687949274954,8.315057280730064,75.27590142517028,39.059302434535454,A,0,58.0,moderate
L-2480,chilli,28.398595531473042,60.92517666275976,11.816686639301233,924.3752119876382,2.9984090550630103,50.07699297200838,102.2503128420571,C,2,99.7,critical
L-2481,chilli,23.715482091222132,70.03195160949436,10.016833338458701,543.3498977117133,6.383666413539168,73.4730460708546,43.203892557034436,B,1,25.1,healthy
L-2482,chilli,28.171770569779344,60.08912689915139,9.780749570355233,884.3266035323646,6.245706773749776,67.99254026070473,93.42325608397447,A,0,86.1,critical
L-2483,chilli,24.088562882182526,61.467554485779495,8.498338055405593,581.4081176333792,8.03678820460699,91.36082047740736,14.753442142950849,A,0,4.3,healthy
L-2484,chilli,21.33663010065257,56.51849102081906,8.403989596782901,400.0,8.964032266992799,92.78254048162331,15.735457290257326,A,0,0.5,healthy
L-2485,chilli,23.999938608666316,54.397006591943416,8.27731662936404,565.9189095351093,6.173760587229714,78.60846874662585,25.06042798985709,B,1,11.6,healthy
L-2486,chilli,26.14550683386776,54.34857291188637,8.543254804569234,557.2566112327762,8.74504654155113,85.43795968774653,13.728000035489112,A,0,2.7,healthy
L-2487,chilli,21.683876915662122,47.58955812297466,9.373639927376352,531.4336165070622,8.469765669023753,86.80764659951893,6.0279051204891765,B,1,3.8,healthy
L-2488,chilli,26.348877609744225,57.866121832848236,9.741640197480937,616.5768145191241,7.12019043577097,80.55264811048616,17.19711933755635,B,1,17.7,healthy
L-2489,chilli,24.621576415859774,69.62066509948161,9.619606389477033,541.7494018047944,6.630093039582391,82.07998253252359,42.764066304540485,A,0,43.5,moderate
L-2490,chilli,23.87422300146335,55.58742786028,9.539292641222659,465.28146909683613,5.9994962437901656,72.76530737652357,9.73982457030383,B,1,16.9,healthy
L-2491,chilli,28.6550834096258,58.736137425306936,11.378720363602135,562.1159494113144,6.720147183057255,67.80684327588709,10.825558087792585,C,2,73.0,high
L-2492,chilli,20.552914944467062,50.768793724851264,8.383811190970626,544.9376838975309,8.53647473281241,80.85630153999472,18.150772672271188,A,0,2.5,healthy
L-2493,chilli,32.39785737880431,77.51340865868697,8.811324009793013,676.0211036299927,8.140290020681324,87.12025057992122,12.380079426031198,A,0,35.0,moderate
L-2494,chilli,26.26225534766102,52.46769729655067,9.295779701886351,554.3434917975253,6.1806835803576,60.33856066080592,19.033511554927706,C,2,47.6,moderate
L-2495,chilli,27.78830438579391,69.0468477278872,11.243114687296485,671.1603063123771,5.098026293368322,65.14369959093624,26.55578986953575,C,2,91.3,critical
L-2496,chilli,27.00289312351905,56.77576961882662,9.585320728017516,512.7999464978595,6.440515417065115,77.2391266207033,10.398836609100686,B,1,13.6,healthy
L-2497,chilli,20.634836285634417,57.25840527801073,9.467033718306082,635.7144683829229,6.858715226189038,80.80025874575833,18.508775724421625,B,1,12.8,healthy
L-2498,chilli,23.41272747469224,63.296653542041,9.261758684774675,615.3393599675838,7.3711348794002385,81.0703937456899,28.458372724938776,A,0,21.8,healthy
L-2499,chilli,21.303297556057796,61.60208869071261,9.883313871729248,558.3726722708639,6.49289990364623,75.6403751348748,14.224511278080147,B,1,15.0,healthy
L-2500,chilli,27.787184306384386,68.1519313031691,9.71179022426253,664.7293883155737,7.633524404774618,86.2976405022834,8.671351454899108,B,1,26.4,healthy
